sto,x,y,wald,wald_max,versiegelt
1,4319875.552744432,3164431.434952694,89.2599105834961,97,0
2,4319975.577551409,3164430.0668152478,88.83740234375,97,0
3,4320575.7260419885,3164421.858064549,79.189697265625,94,0
4,4320675.750731589,3164420.489951767,89.567535400390625,97,0
5,4320975.824698921,3164416.3856345676,92.818817138671875,100,0
6,4321075.849320775,3164415.0175358835,92.84232330322266,100,0
7,4321175.873925615,3164413.6494407253,92.19229888916016,100,0
8,4321275.898513411,3164412.2813490937,92.25218963623047,98,0
9,4321375.923084133,3164410.913260992,88.35907745361328,96,0
10,4321475.947637748,3164409.545176417,88.350006103515625,96,0
11,4321575.972174227,3164408.1770953704,91.32240295410156,99,0
12,4321675.99669354,3164406.8090178515,90.015838623046875,100,0
13,4321776.021195655,3164405.440943858,83.876007080078125,90,0
14,4319674.134975602,3164334.1461132113,88.97869110107422,100,0
15,4319774.159817167,3164332.7779854825,88.02715301513672,96,0
16,4319874.1846421175,3164331.409861291,84.32035064697266,96,0
17,4319974.209450424,3164330.041740635,84.63529205322266,96,0
18,4320074.234242055,3164328.67362352,90.53060150146484,97,0
19,4320274.283775168,3164325.9373999215,94.5607681274414,100,0
20,4320374.308516589,3164324.5692934333,90.05335998535156,98,0
21,4320474.33324121,3164323.2011904814,79.41510009765625,91,0
22,4320574.357949004,3164321.8330910765,75.03044128417969,88,0
23,4320674.382639936,3164320.464995215,82.12442779541016,99,0
24,4320774.40731398,3164319.0969028943,91.29840850830078,100,0
25,4320874.431971103,3164317.7288141176,91.52018737792969,99,0
26,4320974.456611272,3164316.3607288864,92.26251220703125,99,0
27,4321074.48123446,3164314.992647199,94.93782043457031,100,0
28,4321174.505840636,3164313.624569055,92.23658752441406,100,0
29,4321274.530429765,3164312.2564944564,91.99592590332031,98,0
30,4321374.555001822,3164310.888423404,91.25025939941406,99,0
31,4321474.579556774,3164309.5203558966,90.06768798828125,98,0
32,4321574.60409459,3164308.1522919363,87.73950958251953,97,0
33,4321674.628615238,3164306.784231523,85.92463684082031,96,0
34,4321774.653118691,3164305.4161746544,82.8162841796875,91,0
35,4321874.677604916,3164304.0481213355,82.7519302368164,93,0
36,4318672.517551488,3164247.8022945025,94.57709503173828,100,0
37,4318772.542558844,3164246.4341479717,86.29154205322266,98,0
38,4319472.717152005,3164236.8572217766,91.46070861816406,100,0
39,4319572.742028045,3164235.489103685,87.70619201660156,100,0
40,4319672.766887532,3164234.1209891518,80.01415252685547,96,0
41,4319772.791730434,3164232.752878179,81.63719940185547,93,0
42,4319872.816556724,3164231.38477076,84.9476318359375,96,0
43,4319972.8413663665,3164230.016666898,90.3025131225586,100,0
44,4320072.866159338,3164228.6485665953,93.47120666503906,100,0
45,4320172.890935601,3164227.28046985,94.6228256225586,100,0
46,4320272.915695129,3164225.9123766683,94.4403305053711,100,0
47,4320372.940437886,3164224.544287044,84.69208526611328,96,0
48,4320472.965163847,3164223.1762009803,82.14813232421875,93,0
49,4320572.989872983,3164221.8081184793,73.71485137939453,81,0
50,4320673.014565254,3164220.4400395374,84.727081298828125,100,0
51,4320773.039240638,3164219.0719641577,87.33679962158203,100,0
52,4320873.063899101,3164217.7038923376,91.615631103515625,100,0
53,4320973.08854061,3164216.3358240817,94.23588562011719,100,0
54,4321073.113165141,3164214.96775939,96.06379699707031,100,0
55,4321173.137772657,3164213.5996982586,93.83133697509766,100,0
56,4321273.16236313,3164212.2316406914,92.18192291259766,100,0
57,4321373.1869365275,3164210.86358669,90.38928985595703,98,0
58,4321473.21149282,3164209.495536252,84.88971710205078,94,0
59,4321573.236031977,3164208.1274893773,83.38371276855469,91,0
60,4321673.260553969,3164206.759446071,85.15974426269531,95,0
61,4321773.285058763,3164205.3914063275,79.5517578125,84,0
62,4321873.309546331,3164204.0233701486,81.21144104003906,86,0
63,4321973.33401664,3164202.6553375395,83.68891906738281,93,0
64,4322073.358469659,3164201.287308498,87.37604522705078,100,0
65,4318671.149466903,3164147.777004789,76.6968002319336,100,0
66,4318771.174475597,3164146.408874829,43.31093215942383,95,3.9672625064849854
67,4319271.299273859,3164139.568278615,96.3897933959961,100,0
68,4319371.324184255,3164138.200170094,92.07227325439453,100,0
69,4319471.349078157,3164136.8320651455,89.35002136230469,100,0
70,4319571.3739555385,3164135.463963773,90.458160400390625,100,0
71,4319671.3988163695,3164134.095865975,85.619232177734375,97,0
72,4319771.423660616,3164132.727771754,89.22503662109375,100,0
73,4319871.448488248,3164131.3596811085,92.28763580322266,100,0
74,4319971.47329924,3164129.9915940408,89.76244354248047,99,0
75,4320071.498093551,3164128.6235105493,88.59913635253906,100,0
76,4320171.522871161,3164127.255430633,87.34477233886719,100,0
77,4320271.547632033,3164125.887354297,89.45893096923828,100,0
78,4320371.572376138,3164124.5192815396,85.46759033203125,95,0
79,4320471.597103444,3164123.1512123616,81.8982162475586,91,0
80,4320571.621813921,3164121.7831467628,77.75749969482422,92,0
81,4320671.6465075435,3164120.415084742,85.36872100830078,100,0
82,4320771.671184272,3164119.047026303,87.03028869628906,98,0
83,4320871.69584408,3164117.678971441,88.50108337402344,100,0
84,4320971.72048694,3164116.3109201607,95.634033203125,100,0
85,4321071.745112815,3164114.9428724647,95.40644836425781,100,0
86,4321171.769721678,3164113.574828346,92.02819061279297,100,0
87,4321271.7943135,3164112.206787809,88.81555938720703,96,0
88,4321371.818888246,3164110.838750855,89.07311248779297,95,0
89,4321471.843445885,3164109.4707174865,81.96831512451172,93,0
90,4321571.867986392,3164108.1026877016,86.58782958984375,99,0
91,4321671.892509732,3164106.734661498,83.82942962646484,98,0
92,4321771.917015876,3164105.36663888,76.27494812011719,84,0
93,4321871.941504791,3164103.998619845,80.12435150146484,91,0
94,4321971.96597645,3164102.6306043956,91.58543395996094,100,0
95,4322071.990430817,3164101.262592532,89.62477111816406,99,0
96,4322172.014867867,3164099.8945842534,82.83110809326172,95,0
97,4318669.781399163,3164047.751715966,45.33047103881836,98,0
98,4318769.806409206,3164046.3836025754,12.243844985961914,91,0
99,4318869.831402943,3164045.0154927783,90.92291259765625,100,0
100,4319069.8813413745,3164042.279283954,91.66388702392578,100,0
101,4319169.906286005,3164040.9111849274,91.3172836303711,100,0
102,4319269.93121421,3164039.543089493,89.457672119140625,100,0
103,4319369.956125952,3164038.1749976524,87.770111083984375,99,0
104,4319469.981021204,3164036.806909404,88.57064056396484,95,0
105,4319570.005899938,3164035.4388247505,89.44227600097656,95,0
106,4319670.030762116,3164034.0707436893,90.74646759033203,100,0
107,4319770.055607715,3164032.7026662203,96.96238708496094,100,0
108,4319870.080436697,3164031.3345923484,93.02317810058594,100,0
109,4319970.105249037,3164029.9665220715,89.207427978515625,100,0
110,4320070.1300447015,3164028.598455392,86.73554229736328,100,0
111,4320170.15482366,3164027.2303923056,85.01261901855469,99,0
112,4320270.179585883,3164025.862332816,85.60381317138672,98,0
113,4320370.20433134,3164024.494276922,83.55493927001953,93,0
114,4320470.229059998,3164023.1262246277,82.70353698730469,96,0
115,4320570.253771829,3164021.758175933,80.43694305419922,97,0
116,4320670.278466801,3164020.3901308333,86.0363540649414,99,0
117,4320770.303144883,3164019.0220893333,85.34925842285156,100,0
118,4320870.327806044,3164017.6540514315,88.44568634033203,100,0
119,4320970.352450255,3164016.286017125,94.78118133544922,100,0
120,4321070.377077485,3164014.917986424,94.95091247558594,100,0
121,4321170.401687701,3164013.549959318,93.851898193359375,100,0
122,4321270.426280875,3164012.181935813,93.57905578613281,100,0
123,4321370.450856975,3164010.813915912,91.91474151611328,98,0
124,4321470.475415971,3164009.445899609,88.23882293701172,96,0
125,4321570.499957832,3164008.07788691,87.193267822265625,95,0
126,4321670.524482526,3164006.7098778132,85.7035140991211,95,0
127,4321770.548990025,3164005.3418723186,80.24407958984375,90,0
128,4321870.573480296,3164003.973870427,81.6460952758789,94,0
129,4321970.59795331,3164002.605872137,86.5973892211914,93,0
130,4322070.6224090345,3164001.2378774523,84.11457061767578,91,0
131,4322170.646847439,3163999.869886372,87.3616714477539,98,0
132,4322270.671268495,3163998.501898898,91.32051086425781,100,0
133,4318468.363276684,3163950.462632504,87.63121795654297,97,0
134,4318568.388320601,3163949.09452847,47.02452087402344,93,0
135,4318668.4133482715,3163947.72642804,7.007465362548828,93,0
136,4318768.4383596685,3163946.3583312198,0.6579939126968384,78,0
137,4318868.463354759,3163944.990238009,60.16221618652344,98,0
138,4318968.488333512,3163943.622148408,94.0825424194336,100,0
139,4319068.513295897,3163942.254062417,90.635498046875,100,0
140,4319168.538241886,3163940.8859800366,88.80553436279297,100,0
141,4319268.563171443,3163939.5179012655,83.9703369140625,94,0
142,4319368.588084541,3163938.1498261057,87.48719024658203,100,0
143,4319468.612981151,3163936.7817545566,93.51142120361328,100,0
144,4319568.637861237,3163935.413686619,94.19883728027344,100,0
145,4319668.6627247725,3163934.0456222966,94.84900665283203,100,0
146,4319768.687571725,3163932.677561584,95.56988525390625,100,0
147,4319868.712402065,3163931.309504485,91.22608184814453,100,0
148,4319968.737215761,3163929.9414510005,90.291229248046875,100,0
149,4320068.7620127825,3163928.573401129,87.30463409423828,99,0
150,4320168.786793099,3163927.205354872,90.321258544921875,100,0
151,4320268.81155668,3163925.837312229,83.28325653076172,94,0
152,4320368.836303494,3163924.469273202,84.22716522216797,96,0
153,4320468.861033511,3163923.1012377916,89.58332824707031,100,0
154,4320568.8857467,3163921.7332059983,83.68367767333984,98,0
155,4320668.910443029,3163920.365177817,81.21288299560547,93,0
156,4320768.93512247,3163918.997153255,86.05018615722656,96,0
157,4320868.95978499,3163917.6291323123,87.06379699707031,99,0
158,4320968.984430562,3163916.261114984,94.1821060180664,100,0
159,4321069.00905915,3163914.8931012754,94.91551971435547,100,0
160,4321169.033670725,3163913.5250911824,95.62378692626953,100,0
161,4321269.05826526,3163912.1570847104,95.36457824707031,100,0
162,4321369.082842719,3163910.7890818594,90.55902099609375,100,0
163,4321469.107403076,3163909.4210826256,87.48362731933594,96,0
164,4321569.131946297,3163908.0530870124,86.816162109375,100,0
165,4321669.156472353,3163906.6850950206,85.67711639404297,96,0
166,4321769.180981211,3163905.317106651,85.56597137451172,94,0
167,4321869.205472845,3163903.949121903,87.66121673583984,99,0
168,4321969.22994722,3163902.5811407752,86.30491638183594,92,0
169,4322069.254404306,3163901.2131632664,87.07189178466797,92,0
170,4322169.278844073,3163899.845189384,87.67675018310547,95,0
171,4322269.303266493,3163898.4772191253,90.7109375,100,0
172,4322369.327671528,3163897.1092524887,90.24376678466797,100,0
173,4318166.920006932,3163854.541596655,85.2257308959961,93,0
174,4318266.945100757,3163853.1734982743,86.692169189453125,95,0
175,4318366.97017843,3163851.805403522,85.51868438720703,100,0
176,4318466.995239921,3163850.4373123953,79.014556884765625,97,0
177,4318567.020285196,3163849.0692248903,37.638057708740234,94,0.03523782640695572
178,4318667.045314227,3163847.701141014,1.1991722583770752,43,8.15539836883545
179,4318767.070326984,3163846.3330607666,0.689524233341217,69,0.013060120865702629
180,4318867.095323434,3163844.9649841445,15.161259651184082,78,0
181,4318967.120303549,3163843.596911148,84.11980438232422,95,0
182,4319067.145267293,3163842.228841785,88.86803436279297,95,0
183,4319167.170214642,3163840.8607760486,89.83662414550781,100,0
184,4319267.195145561,3163839.492713941,90.42213439941406,100,0
185,4319367.220060022,3163838.1246554637,94.0374755859375,100,0
186,4319467.244957991,3163836.756600611,97.61148834228516,100,0
187,4319567.26983944,3163835.3885493902,97.78327941894531,100,0
188,4319667.294704338,3163834.0205018036,95.4290771484375,100,0
189,4319767.319552653,3163832.652457846,95.41070556640625,100,0
190,4319867.3443843555,3163831.284417521,94.56330871582031,100,0
191,4319967.369199415,3163829.9163808287,87.3392105102539,100,0
192,4320067.393997799,3163828.548347769,89.22039794921875,100,0
193,4320167.418779479,3163827.180318342,87.01683807373047,100,0
194,4320267.443544422,3163825.8122925446,82.6835708618164,95,0
195,4320367.468292601,3163824.444270382,85.7568130493164,100,0
196,4320467.49302398,3163823.076251856,85.192291259765625,98,0
197,4320567.517738534,3163821.7082369644,83.328765869140625,99,0
198,4320667.542436229,3163820.3402257045,85.53651428222656,93,0
199,4320767.567117035,3163818.972218082,89.24348449707031,100,0
200,4320867.59178092,3163817.6042140955,90.9268569946289,100,0
201,4320967.616427855,3163816.236213742,92.6484146118164,100,0
202,4321067.64105781,3163814.8682170287,97.57836151123047,100,0
203,4321167.665670753,3163813.500223952,95.55287170410156,100,0
204,4321267.690266652,3163812.1322345105,94.30009460449219,100,0
205,4321367.714845479,3163810.764248708,90.65748596191406,97,0
206,4321467.739407201,3163809.3962665433,89.49537658691406,98,0
207,4321567.76395179,3163808.0282880166,91.21221160888672,97,0
208,4321667.788479212,3163806.6603131294,87.73128509521484,96,0
209,4321767.812989438,3163805.2923418833,84.23165130615234,91,0
210,4321867.837482438,3163803.9243742777,87.74369812011719,94,0
211,4321967.861958181,3163802.55641031,87.17060852050781,95,0
212,4322067.886416635,3163801.18844998,88.11212158203125,95,0
213,4322167.9108577715,3163799.8204932953,89.88090515136719,96,0
214,4322267.935281556,3163798.452540251,89.56835174560547,94,0
215,4322367.959687963,3163797.084590849,92.04248046875,100,0
216,4318165.551982908,3163754.5162279624,69.13682556152344,85,0
217,4318265.577078098,3163753.1481460594,15.312459945678711,88,0
218,4318365.602157137,3163751.7800678057,0.6487457156181335,74,0
219,4318465.627219993,3163750.411993192,0,0,0
220,4318565.652266633,3163749.04392222,0.5894095301628113,47,3.099144220352173
221,4318665.6772970315,3163747.6758548976,4.242127418518066,61,44.12611770629883
222,4318765.7023111535,3163746.307791221,2.775946855545044,68,1.1186000108718872
223,4318865.72730897,3163744.939731187,0,0,0
224,4318965.752290448,3163743.571674798,63.325313568115234,99,0
225,4319065.777255563,3163742.20362206,87.6973648071289,98,0
226,4319165.802204277,3163740.83557297,90.2173843383789,97,0
227,4319265.827136564,3163739.467527524,90.25495910644531,100,0
228,4319365.8520523915,3163738.0994857256,91.41633605957031,100,0
229,4319465.876951729,3163736.7314475733,98.719482421875,100,0
230,4319565.901834547,3163735.3634130717,98.51712799072266,100,0
231,4319665.926700812,3163733.9953822214,95.1031723022461,100,0
232,4319765.951550495,3163732.6273550177,97.24202728271484,100,0
233,4319865.976383568,3163731.259331466,95.21402740478516,100,0
234,4319966.001199995,3163729.8913115645,94.66729736328125,100,0
235,4320066.025999748,3163728.523295315,90.3381576538086,100,0
236,4320166.050782798,3163727.1552827177,87.863372802734375,100,0
237,4320266.075549111,3163725.787273767,85.5710678100586,99,0
238,4320366.10029866,3163724.41926847,88.10478210449219,97,0
239,4320466.125031412,3163723.0512668258,89.4475326538086,100,0
240,4320566.1497473335,3163721.683268836,91.64411163330078,100,0
241,4320666.174446398,3163720.3152744994,91.15081787109375,100,0
242,4320766.199128576,3163718.9472838147,90.47288513183594,100,0
243,4320866.223793833,3163717.5792967854,88.58935546875,99,0
244,4320966.2484421395,3163716.21131341,89.39929962158203,100,0
245,4321066.2730734665,3163714.843333691,94.550750732421875,100,0
246,4321166.297687779,3163713.475357625,90.66084289550781,99,0
247,4321266.322285051,3163712.1073852144,90.1935043334961,99,0
248,4321366.34686525,3163710.7394164624,89.09017181396484,97,0
249,4321466.371428344,3163709.3714513658,91.87870025634766,99,0
250,4321566.395974305,3163708.0034899265,90.44474029541016,98,0
251,4321666.420503101,3163706.6355321445,90.7586898803711,98,0
252,4321766.445014704,3163705.267578022,88.10398864746094,98,0
253,4321866.469509075,3163703.899627556,86.70284271240234,94,0
254,4321966.493986191,3163702.5316807483,85.952392578125,94,0
255,4322066.518446022,3163701.1637375997,88.378692626953125,97,0
256,4322166.542888531,3163699.7957981103,91.1585693359375,97,0
257,4322266.567313692,3163698.4278622833,88.99140930175781,94,0
258,4322366.591721473,3163697.059930117,90.25623321533203,100,0
259,4322466.616111845,3163695.6920016087,91.837677001953125,100,0
260,4322566.6404847745,3163694.324076763,92.82978820800781,100,0
261,4318164.183975702,3163654.4908601837,48.2385139465332,88,0
262,4318264.209072263,3163653.1227947627,0,0,0
263,4318364.234152674,3163651.7547330023,0,0,0
264,4318464.259216899,3163650.386674902,0,0,0
265,4318564.284264913,3163649.018620468,0,0,0
266,4318664.309296682,3163647.650569697,19.150300979614258,72,4.134934425354004
267,4318764.334312176,3163646.2825225857,43.016971588134766,82,1.214780330657959
268,4318864.3593113655,3163644.9144791397,0,0,0
269,4318964.384294217,3163643.546439362,15.70484447479248,85,0
270,4319064.409260703,3163642.178403248,81.4336929321289,93,0
271,4319164.434210792,3163640.810370799,87.59070587158203,94,0
272,4319264.459144452,3163639.442342016,85.79755401611328,95,0
273,4319364.484061652,3163638.0743168974,91.0407943725586,100,0
274,4319464.508962365,3163636.7062954484,97.6749038696289,100,0
275,4319564.533846554,3163635.338277666,98.26819610595703,100,0
276,4319664.558714194,3163633.9702635515,98.092010498046875,100,0
277,4319764.583565253,3163632.602253106,97.898406982421875,100,0
278,4319864.608399699,3163631.234246327,94.38429260253906,100,0
279,4319964.633217503,3163629.8662432143,92.515655517578125,100,0
280,4320064.658018632,3163628.4982437748,95.1668701171875,100,0
281,4320164.682803057,3163627.1302480046,92.491851806640625,100,0
282,4320264.707570747,3163625.762255902,90.0789566040039,100,0
283,4320364.73232167,3163624.3942674724,91.484832763671875,100,0
284,4320464.757055798,3163623.02628271,95.155303955078125,100,0
285,4320564.781773098,3163621.65830162,95.09040832519531,100,0
286,4320664.806473539,3163620.2903242055,93.92485809326172,100,0
287,4320764.831157093,3163618.92235046,90.3589096069336,98,0
288,4320864.855823728,3163617.554380388,88.7126693725586,98,0
289,4320964.880473412,3163616.1864139903,90.44989013671875,99,0
290,4321064.905106116,3163614.8184512625,90.54375457763672,98,0
291,4321164.929721807,3163613.4504922084,91.1243667602539,100,0
292,4321264.954320458,3163612.082536832,89.60673522949219,98,0
293,4321364.978902036,3163610.71458513,89.5171890258789,95,0
294,4321465.00346651,3163609.346637101,91.66480255126953,100,0
295,4321565.028013851,3163607.978692749,91.56412506103516,98,0
296,4321665.052544026,3163606.610752073,87.93421936035156,95,0
297,4321765.077057004,3163605.2428150717,91.238189697265625,100,0
298,4321865.101552758,3163603.874881748,84.78499603271484,98,0
299,4321965.126031256,3163602.5069521004,86.21418762207031,98,0
300,4322065.150492462,3163601.139026131,93.224365234375,100,0
301,4322165.174936354,3163599.771103838,90.4041519165039,98,0
302,4322265.199362897,3163598.4031852274,89.54875183105469,100,0
303,4322365.223772058,3163597.0352702956,86.92212677001953,97,0
304,4322465.248163811,3163595.6673590387,87.15229797363281,96,0
305,4322565.272538122,3163594.2994514606,85.05619812011719,100,0
306,4322665.296894962,3163592.9315475654,87.9800796508789,100,0
307,4322765.321234297,3163591.5636473508,93.52655792236328,100,0
308,4322865.345556101,3163590.1957508167,94.75582122802734,100,0
309,4318162.815985314,3163554.4654933275,61.0263671875,93,0
310,4318262.841083252,3163553.0974443844,0,0,0
311,4318362.866165037,3163551.729399119,0,0,0
312,4318462.891230642,3163550.3613575352,0,0,0
313,4318562.916280034,3163548.993319635,0,0,0
314,4318662.941313181,3163547.6252854136,6.187139987945557,61,0
315,4318762.966330052,3163546.257254872,8.487056732177734,82,0
316,4318862.99133062,3163544.8892280166,0,0,0
317,4318963.016314853,3163543.521204846,0.24105603992938995,54,0
318,4319063.041282715,3163542.153185356,18.433013916015625,86,0
319,4319163.066234184,3163540.7851695507,33.430938720703125,88,0
320,4319263.091169224,3163539.41715743,60.34834671020508,89,0
321,4319363.116087803,3163538.0491489926,84.15430450439453,96,0
322,4319463.140989895,3163536.681144243,94.96778106689453,100,0
323,4319563.1658754675,3163535.3131431793,98.46385955810547,100,0
324,4319663.190744488,3163533.9451458002,99.01667785644531,100,0
325,4319763.215596927,3163532.577152108,98.931396484375,100,0
326,4319863.240432754,3163531.2091621025,96.628692626953125,100,0
327,4319963.265251937,3163529.8411757834,95.23262023925781,100,0
328,4320063.290054451,3163528.4731931523,92.34797668457031,100,0
329,4320163.314840254,3163527.1052142093,92.22444152832031,100,0
330,4320263.339609327,3163525.7372389543,95.285247802734375,100,0
331,4320363.364361634,3163524.3692673906,96.15619659423828,100,0
332,4320463.389097144,3163523.001299514,93.52523040771484,100,0
333,4320563.413815826,3163521.6333353245,87.533111572265625,97,0
334,4320663.438517651,3163520.2653748295,90.32695770263672,100,0
335,4320763.463202588,3163518.897418024,90.11909484863281,97,0
336,4320863.487870607,3163517.529464909,90.760040283203125,100,0
337,4320963.512521675,3163516.1615154855,91.35926818847656,100,0
338,4321063.537155761,3163514.793569754,90.77704620361328,97,0
339,4321163.561772839,3163513.425627713,92.79851531982422,100,0
340,4321263.586372873,3163512.057689369,88.47407531738281,98,0
341,4321363.610955836,3163510.689754717,89.024383544921875,96,0
342,4321463.635521694,3163509.321823754,90.959686279296875,100,0
343,4321563.66007042,3163507.953896488,84.33275604248047,95,0
344,4321663.68460198,3163506.585972915,85.30876922607422,94,0
345,4321763.709116345,3163505.218053039,87.7572021484375,100,0
346,4321863.733613485,3163503.8501368584,88.27120208740234,97,0
347,4321963.758093367,3163502.4822243713,89.14136505126953,100,0
348,4322063.782555965,3163501.1143155782,92.021514892578125,100,0
349,4322163.807001241,3163499.7464104835,92.7227554321289,100,0
350,4322263.8314291695,3163498.3785090884,88.9633560180664,98,0
351,4322363.85583972,3163497.0106113874,85.30810546875,97,0
352,4322463.8802328585,3163495.642717385,84.79931640625,93,0
353,4322563.904608558,3163494.2748270785,87.0078353881836,100,0
354,4322663.928966786,3163492.9069404704,84.82239532470703,94,0
355,4322763.953307509,3163491.5390575635,87.26263427734375,96,0
356,4322863.977630701,3163490.171178357,88.18920135498047,96,0
357,4322964.00193633,3163488.8033028506,83.19598388671875,100,0
358,4318161.448011741,3163454.4401274007,36.969505310058594,94,0
359,4318261.473111062,3163453.0720949345,0,0,0
360,4318361.4981942335,3163451.704066165,0,0,0
361,4318461.52326122,3163450.3360410947,0,0,0
362,4318561.548311995,3163448.968019726,0,0,0
363,4318661.573346526,3163447.600002055,0,0,0
364,4318761.598364783,3163446.231988088,0,0,0
365,4318861.623366736,3163444.8639778225,0,0,0
366,4318961.648352353,3163443.495971256,0,0,0
367,4319061.673321602,3163442.1279683914,0,0,0
368,4319161.698274455,3163440.7599692326,0,0,0
369,4319261.72321088,3163439.391973772,0.7187713980674744,75,0
370,4319361.748130847,3163438.0239820164,57.02836227416992,99,0
371,4319461.773034325,3163436.6559939682,92.94928741455078,100,0
372,4319561.797921282,3163435.28800962,98.293609619140625,100,0
373,4319661.822791689,3163433.9200289766,98.45487976074219,100,0
374,4319761.8476455165,3163432.5520520383,97.33838653564453,100,0
375,4319861.87248273,3163431.184078804,94.81231689453125,100,0
376,4319961.897303304,3163429.8161092773,91.813385009765625,100,0
377,4320061.9221072,3163428.4481434557,91.0880355834961,100,0
378,4320161.946894396,3163427.0801813407,93.195068359375,100,0
379,4320261.971664853,3163425.7122229347,94.23799133300781,100,0
380,4320361.99641855,3163424.3442682344,95.52896881103516,100,0
381,4320462.021155447,3163422.9763172423,90.76872253417969,98,0
382,4320562.045875519,3163421.608369956,85.79627227783203,99,0
383,4320662.070578734,3163420.2404263797,91.0196533203125,100,0
384,4320762.09526506,3163418.872486513,89.94526672363281,99,0
385,4320862.119934468,3163417.504550355,91.25306701660156,100,0
386,4320962.144586924,3163416.1366179073,91.6685562133789,100,0
387,4321062.169222403,3163414.7686891714,92.56134796142578,99,0
388,4321162.19384087,3163413.4007641445,91.4931869506836,99,0
389,4321262.218442298,3163412.0328428284,86.67769622802734,96,0
390,4321362.243026648,3163410.664925224,92.808074951171875,100,0
391,4321462.267593899,3163409.297011332,91.59345245361328,100,0
392,4321562.292144016,3163407.929101151,84.25785064697266,97,0
393,4321662.316676968,3163406.5611946816,90.98099517822266,100,0
394,4321762.341192726,3163405.1932919305,95.46417999267578,100,0
395,4321862.365691258,3163403.825392893,86.20054626464844,96,0
396,4321962.390172533,3163402.457497566,84.81800842285156,93,0
397,4322062.414636521,3163401.0896059517,87.94649505615234,97,0
398,4322162.439083192,3163399.7217180533,86.19499206542969,97,0
399,4322262.463512513,3163398.353833873,89.16146087646484,99,0
400,4322362.487924456,3163396.9859534064,91.710205078125,100,0
401,4322462.51231899,3163395.618076655,89.28477478027344,97,0
402,4322562.53669608,3163394.2502036216,87.36289978027344,97,0
403,4322662.561055703,3163392.8823343036,86.69618225097656,94,0
404,4322762.585397822,3163391.5144687025,88.190460205078125,100,0
405,4322862.6097224085,3163390.146606822,88.48466491699219,100,0
406,4322962.634029432,3163388.77874866,91.321380615234375,100,0
407,4323062.658318861,3163387.410894212,90.46468353271484,100,0
408,4316059.549263467,3163383.1439561835,16.868328094482422,77,0
409,4316159.574696265,3163381.775862223,59.94335174560547,83,0
410,4318060.054938154,3163355.7827821085,91.99878692626953,100,0
411,4318160.080054985,3163354.4147624015,57.274600982666016,100,0
412,4318260.105155697,3163353.046746415,2.1092379093170166,87,0
413,4318360.130240255,3163351.678734142,0,0,0
414,4318460.155308637,3163350.310725586,0,0,0
415,4318560.180360798,3163348.94272075,0,0,0
416,4318660.205396721,3163347.574719634,0,0,0
417,4318760.230416369,3163346.2067222376,0,0,0
418,4318860.255419712,3163344.83872856,0,0,0
419,4318960.280406718,3163343.470738599,0,0,0
420,4319060.30537736,3163342.102752361,0,0,0
421,4319160.330331605,3163340.7347698426,0,0,0
422,4319260.355269421,3163339.3667910458,0,0,0
423,4319360.380190782,3163337.9988159714,13.071078300476074,90,0
424,4319460.40509565,3163336.630844619,77.70323181152344,99,0
425,4319560.4299840005,3163335.262876991,95.180084228515625,100,0
426,4319660.4548558025,3163333.8949130857,95.2633056640625,100,0
427,4319760.479711019,3163332.526952899,96.0414047241211,100,0
428,4319860.504549629,3163331.158996439,95.05030822753906,100,0
429,4319960.529371593,3163329.7910437044,95.27903747558594,100,0
430,4320060.554176886,3163328.423094691,94.13764953613281,100,0
431,4320160.578965475,3163327.0551494057,94.24114227294922,100,0
432,4320260.603737329,3163325.687207845,92.80956268310547,100,0
433,4320360.628492415,3163324.3192700096,92.84123229980469,99,0
434,4320460.653230711,3163322.9513359005,90.29508972167969,99,0
435,4320560.677952178,3163321.5834055175,87.22654724121094,95,0
436,4320660.702656788,3163320.215478862,90.30750274658203,97,0
437,4320760.727344508,3163318.8475559335,87.4050064086914,95,0
438,4320860.752015311,3163317.479636731,87.31123352050781,96,0
439,4320960.776669167,3163316.11172126,88.54254913330078,97,0
440,4321060.801306041,3163314.743809519,90.95201110839844,100,0
441,4321160.825925903,3163313.3759015035,92.18727111816406,100,0
442,4321260.850528724,3163312.007997218,91.5363540649414,99,0
443,4321360.875114477,3163310.6400966644,93.24604797363281,100,0
444,4321460.899683125,3163309.2721998408,90.666259765625,100,0
445,4321560.924234637,3163307.9043067447,90.78905487060547,100,0
446,4321660.948768988,3163306.536417382,91.901641845703125,100,0
447,4321760.973286144,3163305.1685317527,88.14202117919922,98,0
448,4321860.997786073,3163303.8006498544,77.09033203125,91,0
449,4321961.022268747,3163302.432771687,81.18717956542969,88,0
450,4322061.046734134,3163301.0648972536,85.16578674316406,95,0
451,4322161.0711822035,3163299.6970265554,87.26612091064453,96,0
452,4322261.095612926,3163298.3291595876,90.464019775390625,100,0
453,4322361.120026268,3163296.961296354,91.69080352783203,100,0
454,4322461.1444222005,3163295.5934368554,88.744873046875,96,0
455,4322561.168800693,3163294.2255810928,85.35932922363281,94,0
456,4322661.193161715,3163292.8577290657,91.62273406982422,100,0
457,4322761.217505234,3163291.489880773,91.0054702758789,100,0
458,4322861.2418312235,3163290.1220362163,89.7914047241211,100,0
459,4322961.266139646,3163288.754195395,87.0634536743164,97,0
460,4323061.290430478,3163287.386358312,87.31373596191406,93,0
461,4323161.314703684,3163286.0185249685,88.31291961669922,99,0
462,4316058.18129428,3163283.1182503505,33.773555755615234,77,0
463,4316158.206728469,3163281.7501724814,1.8565770387649536,60,0
464,4316258.23214715,3163280.3820983404,0.009742611087858677,49,0
465,4316358.257550295,3163279.0140279247,9.321436882019043,81,0
466,4316458.282937872,3163277.6459612357,12.258831024169922,92,0
467,4316558.30830985,3163276.277898276,3.053786516189575,79,0
468,4316658.333666199,3163274.9098390476,0,0,0
469,4316758.359006887,3163273.5417835494,0,0,0
470,4316858.384331887,3163272.1737317755,0,0,0
471,4317858.636712131,3163258.493419291,94.65406036376953,100,0
472,4317958.661862506,3163257.125408574,91.78700256347656,100,0
473,4318058.686996821,3163255.757401592,89.98651885986328,97,0
474,4318158.712115048,3163254.3893983453,89.65154266357422,99,0
475,4318258.737217155,3163253.0213988335,31.889524459838867,96,0
476,4318358.762303111,3163251.6534030577,0,0,0
477,4318458.787372883,3163250.2854110175,0,0,0
478,4318558.812426445,3163248.9174227146,0,0,0
479,4318658.837463763,3163247.54943815,0,0,3.1151955127716064
480,4318758.862484807,3163246.1814573216,0,0,1.4425528049468994
481,4318858.887489547,3163244.813480232,0,0,0
482,4318958.9124779515,3163243.4455068787,0,0,0
483,4319058.937449991,3163242.077537266,0,0,0
484,4319158.962405632,3163240.709571391,0,0,0
485,4319258.987344849,3163239.3416092587,0,0,0
486,4319359.0122676045,3163237.973650865,0,0,0
487,4319459.037173876,3163236.60569621,3.32684588432312,82,0
488,4319559.062063623,3163235.2377453,52.79360580444336,100,0
489,4319659.086936822,3163233.869798128,94.31058502197266,100,0
490,4319759.111793441,3163232.501854696,93.86260223388672,100,0
491,4319859.136633448,3163231.133915009,92.99021911621094,100,0
492,4319959.161456813,3163229.765979066,91.5711898803711,100,0
493,4320059.186263505,3163228.398046865,93.291656494140625,100,0
494,4320159.211053493,3163227.0301184068,94.75667572021484,100,0
495,4320259.235826748,3163225.6621936904,95.62796783447266,100,0
496,4320359.260583239,3163224.29427272,94.5627670288086,100,0
497,4320459.285322932,3163222.926355495,93.75196075439453,100,0
498,4320559.310045801,3163221.5584420157,91.79438018798828,100,0
499,4320659.334751812,3163220.190532281,45.37681198120117,93,0
500,4320759.359440936,3163218.8226262894,16.226991653442383,87,0
501,4320859.38411314,3163217.454724046,74.03912353515625,94,0
502,4320959.408768398,3163216.0868255515,85.63023376464844,93,0
503,4321059.433406673,3163214.7189308,89.98662567138672,100,0
504,4321159.458027939,3163213.351039798,95.95587158203125,100,0
505,4321259.482632165,3163211.9831525455,93.7135009765625,100,0
506,4321359.507219317,3163210.6152690416,95.93563079833984,100,0
507,4321459.531789369,3163209.2473892854,91.574920654296875,100,0
508,4321559.556342288,3163207.8795132777,86.045074462890625,97,0
509,4321659.580878042,3163206.511641018,85.04725646972656,100,0
510,4321759.6053966,3163205.1437725113,85.72613525390625,100,0
511,4321859.629897935,3163203.7759077544,78.11927032470703,90,0
512,4321959.654382014,3163202.4080467466,80.27982330322266,97,0
513,4322059.678848806,3163201.0401894925,88.4827880859375,99,0
514,4322159.703298281,3163199.6723359916,89.944549560546875,99,0
515,4322259.727730406,3163198.3044862393,88.11663818359375,97,0
516,4322359.752145156,3163196.9366402384,87.19446563720703,95,0
517,4322459.776542494,3163195.568797991,86.047454833984375,95,0
518,4322559.800922392,3163194.2009595004,87.96453094482422,97,0
519,4322659.825284821,3163192.833124762,87.59794616699219,98,0
520,4322759.849629749,3163191.4652937776,88.60282135009766,97,0
521,4322859.87395714,3163190.0974665456,85.80290222167969,94,0
522,4322959.898266974,3163188.7296430683,87.849090576171875,100,0
523,4323059.92255921,3163187.36182335,89.40726470947266,99,0
524,4323159.9468338275,3163185.994007387,92.45380401611328,100,0
525,4323259.971090784,3163184.6261951798,90.93988800048828,99,0
526,4323359.995330059,3163183.2583867298,90.978302001953125,100,0
527,4316056.813341782,3163183.092545467,18.447893142700195,67,0
528,4316156.838777366,3163181.7244836874,4.737481594085693,66,0
529,4316256.864197446,3163180.3564256537,0.6956701278686523,49,0
530,4316356.889601985,3163178.9883713666,19.600648880004883,73,0
531,4316456.914990962,3163177.620320827,42.27735137939453,93,0
532,4316556.940364336,3163176.252274031,24.979087829589844,93,0
533,4316656.965722083,3163174.8842309834,3.533268928527832,71,0
534,4316756.99106417,3163173.5161916856,0,0,0
535,4316857.016390566,3163172.1481561325,0,0,0
536,4317457.168017727,3163163.9400215587,94.815185546875,100,0
537,4317557.193233431,3163162.572012258,92.30278015136719,100,0
538,4317657.2184331985,3163161.204006705,94.853271484375,100,0
539,4317757.243617002,3163159.836004905,92.7094955444336,100,0
540,4317857.268784805,3163158.4680068586,90.128143310546875,98,0
541,4317957.293936583,3163157.100012565,90.44532775878906,100,0
542,4318057.3190723,3163155.7320220233,90.380523681640625,97,0
543,4318157.3441919265,3163154.364035233,76.702423095703125,98,0
544,4318257.369295436,3163152.9960521995,34.40259552001953,83,0
545,4318357.3943827925,3163151.6280729193,32.638885498046875,80,0
546,4318457.419453969,3163150.2600973947,0,0,0
547,4318557.4445089325,3163148.892125625,0,0,0
548,4318657.469547654,3163147.5241576103,0,0,6.769419193267822
549,4318757.494570101,3163146.15619335,0,0,0.7145209908485413
550,4318857.519576243,3163144.78823285,0,0,0
551,4318957.544566052,3163143.420276105,0,0,0
552,4319057.569539493,3163142.052323116,9.581817626953125,67,0
553,4319157.594496541,3163140.6843738877,0.14784027636051178,56,0
554,4319257.61943716,3163139.316428417,0,0,0
555,4319357.644361322,3163137.9484867025,0,0,0
556,4319457.669268994,3163136.580548748,0,0,0
557,4319557.694160149,3163135.2126145526,21.37618064880371,91,0
558,4319657.719034752,3163133.8446841165,93.40332794189453,100,0
559,4319757.743892778,3163132.4767574393,96.68238067626953,100,0
560,4319857.768734189,3163131.108834526,92.11524200439453,100,0
561,4319957.793558961,3163129.7409153725,89.59773254394531,100,0
562,4320057.818367058,3163128.3729999787,93.92566680908203,100,0
563,4320157.843158454,3163127.005088349,92.62919616699219,100,0
564,4320257.867933115,3163125.637180483,96.05859375,100,0
565,4320357.892691012,3163124.269276378,95.34180450439453,100,0
566,4320457.917432114,3163122.901376035,86.88250732421875,98,0
567,4320557.942156388,3163121.533479458,50.544315338134766,93,0
568,4320657.966863808,3163120.165586644,0.9695700407028198,82,0
569,4320757.9915543385,3163118.7976975897,0,0,0
570,4320858.016227952,3163117.4298123047,18.87027931213379,79,0
571,4320958.040884617,3163116.061930784,83.0367431640625,94,0
572,4321058.065524301,3163114.6940530264,88.44697570800781,100,0
573,4321158.090146977,3163113.326179036,96.35953521728516,100,0
574,4321258.114752612,3163111.9583088136,90.73651123046875,100,0
575,4321358.139341174,3163110.5904423585,88.4315414428711,100,0
576,4321458.163912635,3163109.222579672,88.256561279296875,99,0
577,4321558.188466963,3163107.85472075,88.50892639160156,96,0
578,4321658.213004127,3163106.4868655954,89.88374328613281,100,0
579,4321758.237524097,3163105.1190142115,87.94693756103516,100,0
580,4321858.262026844,3163103.751166596,79.6904067993164,89,0
581,4321958.28651233,3163102.383322747,87.76677703857422,98,0
582,4322058.310980533,3163101.015482673,89.50875091552734,100,0
583,4322158.33543142,3163099.647646368,86.72105407714844,99,0
584,4322258.359864959,3163098.2798138307,81.09922790527344,90,0
585,4322358.384281118,3163096.9119850653,85.8091049194336,97,0
586,4322458.408679868,3163095.5441600713,85.5759048461914,100,0
587,4322558.433061182,3163094.176338851,79.15508270263672,92,0
588,4322658.457425021,3163092.8085214007,81.84996795654297,94,0
589,4322758.48177136,3163091.4407077227,87.00862884521484,99,0
590,4322858.5061001675,3163090.0728978184,82.9093017578125,90,0
591,4322958.530411413,3163088.7050916855,85.4039535522461,95,0
592,4323058.554705065,3163087.3372893296,89.48310852050781,95,0
593,4323158.578981091,3163085.969490746,92.38304138183594,98,0
594,4323258.603239466,3163084.6016959394,89.61943817138672,96,0
595,4323358.627480154,3163083.2339049093,91.92089080810547,100,0
596,4316055.445405971,3163083.066841537,36.3243522644043,76,0
597,4316155.470842959,3163081.698795852,37.51709747314453,90,8.748637199401855
598,4316255.496264442,3163080.3307539243,59.37287521362305,98,0
599,4316355.521670385,3163078.9627157613,20.26525115966797,85,0
600,4316455.5470607625,3163077.594681367,6.029905319213867,63,0
601,4316555.572435541,3163076.2266507368,7.636709690093994,64,0
602,4316655.597794692,3163074.8586238744,0,0,0
603,4316755.623138183,3163073.490600777,0,0,0
604,4316855.6484659845,3163072.1225814433,0,0,0
605,4317455.800101576,3163063.9145445726,94.462005615234375,100,0
606,4317555.825318687,3163062.5465516164,93.60246276855469,100,0
607,4317655.85051986,3163061.1785624316,93.16564178466797,100,0
608,4317755.87570507,3163059.810577019,96.06846618652344,100,0
609,4317855.90087428,3163058.4425953757,92.57640838623047,100,0
610,4317955.926027464,3163057.074617505,90.87721252441406,100,0
611,4318055.951164588,3163055.7066434044,89.41915130615234,96,0
612,4318155.976285625,3163054.3386730724,62.8084602355957,96,0
613,4318256.00139054,3163052.9707065145,1.8001629114151,73,0
614,4318356.026479306,3163051.602743732,8.301911354064941,78,0
615,4318456.051551889,3163050.234784722,7.247135162353516,69,0
616,4318556.076608262,3163048.8668294847,0,0,0
617,4318656.101648391,3163047.498878023,0,0,0
618,4318756.126672247,3163046.1309303343,0,0,0
619,4318856.151679801,3163044.7629864216,0,0,0
620,4318956.176671019,3163043.395046281,25.0788631439209,86,0
621,4319056.20164587,3163042.027109918,52.254940032958984,87,0
622,4319156.226604328,3163040.6591773345,15.877113342285156,87,0
623,4319256.251546356,3163039.291248524,0,0,0
624,4319356.276471928,3163037.9233234897,0.6944678425788879,78,0
625,4319456.301381012,3163036.555402234,31.919679641723633,93,0
626,4319556.326273578,3163035.1874847575,81.96332550048828,100,0
627,4319656.3511495935,3163033.8195710564,94.12158203125,100,0
628,4319756.376009028,3163032.451661134,93.19652557373047,100,0
629,4319856.400851853,3163031.0837549916,91.49996185302734,100,0
630,4319956.425678035,3163029.7158526294,94.47712707519531,100,0
631,4320056.450487547,3163028.3479540474,96.22607421875,100,0
632,4320156.475280355,3163026.980059246,95.14989471435547,100,0
633,4320256.500056428,3163025.6121682255,91.80199432373047,100,0
634,4320356.524815738,3163024.244280984,78.44523620605469,99,0
635,4320456.549558252,3163022.8763975236,32.29644775390625,94,0
636,4320556.574283942,3163021.5085178483,0.32989540696144104,63,0
637,4320656.598992773,3163020.1406419533,0,0,0
638,4320756.623684719,3163018.77276984,0,0,0
639,4320856.6483597485,3163017.404901513,0,0,0
640,4320956.673017827,3163016.0370369656,49.44419860839844,92,0
641,4321056.697658927,3163014.6691762027,85.83837127685547,97,0
642,4321156.722283017,3163013.301319226,92.824432373046875,100,0
643,4321256.746890066,3163011.9334660354,94.82322692871094,100,0
644,4321356.771480045,3163010.5656166286,95.29190826416016,100,0
645,4321456.796052922,3163009.197771007,89.128204345703125,99,0
646,4321556.820608665,3163007.8299291725,91.38212585449219,97,0
647,4321656.845147246,3163006.4620911223,87.730377197265625,95,0
648,4321756.869668633,3163005.09425686,86.79170989990234,100,0
649,4321856.894172792,3163003.7264263853,87.70655822753906,100,0
650,4321956.918659701,3163002.3585996972,90.93400573730469,100,0
651,4322056.943129322,3163000.990776799,89.8079833984375,100,0
652,4322156.967581623,3162999.6229576916,88.2101821899414,95,0
653,4322256.99201658,3162998.2551423702,90.90808868408203,100,0
654,4322357.016434157,3162996.887330839,89.86517333984375,100,0
655,4322457.040834327,3162995.5195231,85.97337341308594,98,0
656,4322557.065217056,3162994.1517191473,78.92632293701172,89,0
657,4322657.089582316,3162992.783918986,78.47687530517578,87,0
658,4322757.1139300745,3162991.416122616,85.72265625,99,0
659,4322857.1382603,3162990.048330037,84.32612609863281,93,0
660,4322957.162572965,3162988.6805412513,87.275054931640625,97,0
661,4323057.186868038,3162987.312756257,89.1456527709961,98,0
662,4323157.211145485,3162985.944975055,87.69721221923828,96,0
663,4323257.235405279,3162984.577197647,88.3275146484375,97,0
664,4323357.259647387,3162983.2094240333,90.89777374267578,98,0
665,4316054.077486851,3162983.041138569,13.254446029663086,70,0
666,4316154.102925246,3162981.6731089703,36.79512405395508,81,27.145923614501953
667,4316254.128348135,3162980.3050831505,66.76708984375,90,0.14027149975299835
668,4316354.15375549,3162978.937061118,54.964149475097656,91,0
669,4316454.179147278,3162977.569042868,29.070148468017578,82,0
670,4316554.204523466,3162976.201028399,48.88943862915039,94,0
671,4316654.229884027,3162974.8330177194,34.129764556884766,82,0
672,4316754.255228926,3162973.4650108237,30.86227035522461,83,0
673,4316854.280558139,3162972.0970077105,13.416252136230469,72,0
674,4316954.305871629,3162970.729008383,0,0,0
675,4317054.33116937,3162969.3610128425,22.057605743408203,81,0
676,4317154.356451326,3162967.9930210896,66.3044204711914,93,0
677,4317254.381717471,3162966.625033121,74.75861358642578,100,0
678,4317354.406967773,3162965.257048938,77.59326171875,100,0
679,4317454.432202199,3162963.889068543,68.15020751953125,97,0
680,4317554.457420722,3162962.521091936,82.22144317626953,100,0.19520652294158936
681,4317654.48262331,3162961.153119117,97.514495849609375,100,0
682,4317754.50780993,3162959.7851500898,98.68669891357422,100,0
683,4317854.532980555,3162958.417184849,93.136138916015625,100,0
684,4317954.558135152,3162957.0492234,90.51837921142578,97,0
685,4318054.583273688,3162955.681265743,88.442596435546875,100,0
686,4318154.608396137,3162954.313311873,22.718673706054688,94,0
687,4318254.6335024685,3162952.945361791,34.91035461425781,80,0
688,4318354.658592649,3162951.5774155017,0,0,0
689,4318454.6836666465,3162950.2094730064,0,0,0
690,4318554.708724434,3162948.8415343026,0,0,0
691,4318654.733765978,3162947.4735993943,0,0,0
692,4318754.75879125,3162946.1056682765,0,0,0
693,4318854.783800217,3162944.737740951,0,0,0
694,4318954.808792851,3162943.3698174157,2.193197250366211,86,0
695,4319054.833769121,3162942.0018976773,35.82461166381836,90,0
696,4319154.858728991,3162940.633981737,68.3372802734375,99,0
697,4319254.883672439,3162939.2660695883,53.22114562988281,100,0
698,4319354.908599425,3162937.8981612334,74.06623077392578,95,0
699,4319454.933509928,3162936.5302566774,89.082855224609375,98,0
700,4319554.95840391,3162935.162355918,91.04730224609375,100,0
701,4319654.983281344,3162933.794458953,90.25044250488281,100,0
702,4319755.008142196,3162932.426565784,91.432373046875,100,0
703,4319855.032986438,3162931.058676414,71.69197082519531,99,0
704,4319955.05781404,3162929.6907908428,60.144012451171875,100,0
705,4320055.082624969,3162928.322909072,81.28399658203125,100,0
706,4320155.107419194,3162926.9550310997,91.2275619506836,100,0
707,4320255.132196689,3162925.587156923,58.446014404296875,96,0
708,4320355.156957417,3162924.2192865456,4.090899467468262,78,0
709,4320455.181701351,3162922.85141997,0,0,0
710,4320555.206428461,3162921.483557194,0,0,0
711,4320655.231138711,3162920.1156982183,0,0,0
712,4320755.255832079,3162918.747843046,0.3307104706764221,31,0
713,4320855.280508527,3162917.379991675,0,0,0
714,4320955.305168026,3162916.0121441027,4.807256698608398,87,0
715,4321055.329810548,3162914.6443003346,75.78548431396484,97,0
716,4321155.354436059,3162913.276460371,89.9636001586914,100,0
717,4321255.37904453,3162911.9086242095,94.64549255371094,100,0
718,4321355.403635928,3162910.5407918505,94.48542022705078,100,0
719,4321455.428210228,3162909.172963297,94.08443450927734,100,0
720,4321555.4527673945,3162907.805138549,94.9278793334961,100,0
721,4321655.477307396,3162906.437317604,90.77984619140625,100,0
722,4321755.501830206,3162905.0695004645,88.45661163330078,95,0
723,4321855.526335792,3162903.701687133,88.30043029785156,98,0
724,4321955.55082412,3162902.3338776045,87.7748794555664,100,0
725,4322055.575295163,3162900.9660718828,91.40267181396484,100,0
726,4322155.599748892,3162899.598269972,87.63545227050781,100,0
727,4322255.624185271,3162898.230471866,91.70115661621094,100,0
728,4322355.648604273,3162896.8626775686,90.46485900878906,100,0
729,4322455.673005867,3162895.494887078,89.04566192626953,100,0
730,4322555.69739002,3162894.127100396,78.66419982910156,93,0
731,4322655.721756705,3162892.7593175243,76.33513641357422,96,0
732,4322755.746105889,3162891.39153846,91.59974670410156,100,0
733,4322855.770437541,3162890.023763208,81.0390396118164,93,0
734,4322955.794751631,3162888.655991768,84.557281494140625,91,0
735,4323055.819048129,3162887.2882241383,83.36258697509766,93,0
736,4323155.843327003,3162885.9204603154,83.14282989501953,92,0
737,4323255.867588223,3162884.552700306,85.8183822631836,94,0
738,4323355.8918317575,3162883.18494411,91.96038818359375,100,0
739,4315752.633172256,3162887.119499885,0.5145887732505798,59,0
740,4315852.6586584,3162885.7514749793,0,0,0
741,4315952.68412913,3162884.3834538735,0.15428593754768372,67,3.1814424991607666
742,4316052.709584415,3162883.015436563,49.84619903564453,88,0
743,4316152.735024226,3162881.6474230536,53.03178787231445,82,0
744,4316252.760448531,3162880.2794133457,83.13416290283203,94,0
745,4316352.785857302,3162878.9114074414,63.631446838378906,100,7.0102314949035645
746,4316452.811250504,3162877.5434053363,24.61117172241211,82,33.63558578491211
747,4316552.836628109,3162876.175407032,22.56218910217285,95,2.280754804611206
748,4316652.861990086,3162874.807412532,39.07120895385742,95,0
749,4316752.887336404,3162873.439421836,49.35686492919922,84,0
750,4316852.9126670305,3162872.071434943,21.57674217224121,83,0
751,4316952.937981939,3162870.7034518556,0,0,0
752,4317052.963281095,3162869.33547257,0,0,0
753,4317152.988564471,3162867.967497089,0,0,0
754,4317253.013832033,3162866.599525414,0.2774885594844818,43,0
755,4317353.039083751,3162865.231557541,40.88553237915039,94,0
756,4317453.064319597,3162863.863593477,91.1865234375,100,0
757,4317553.089539538,3162862.4956332208,51.89549255371094,100,4.481548309326172
758,4317653.114743543,3162861.1276767678,90.21421813964844,100,0
759,4317753.139931584,3162859.759724125,94.13567352294922,100,0
760,4317853.1651036255,3162858.3917752914,93.17469787597656,100,0
761,4317953.190259643,3162857.0238302634,87.88812255859375,99,0
762,4318053.215399601,3162855.6558890445,43.97788619995117,96,0
763,4318153.240523471,3162854.2879516343,0,0,0
764,4318253.26563122,3162852.9200180313,20.11042022705078,80,0
765,4318353.290722821,3162851.552088238,0,0,0
766,4318453.31579824,3162850.184162256,0,0,0
767,4318553.340857447,3162848.816240085,0,0,0
768,4318653.365900413,3162847.4483217257,0,0,0
769,4318753.390927106,3162846.0804071785,0.23165419697761536,53,0
770,4318853.415937495,3162844.7124964395,5.517463207244873,68,0
771,4318953.44093155,3162843.3445895133,0.43914279341697693,66,0
772,4319053.465909241,3162841.9766864027,2.6260595321655273,67,0
773,4319153.490870537,3162840.608787104,3.9326326847076416,90,0
774,4319253.515815405,3162839.240891616,65.52568054199219,96,0
775,4319353.540743817,3162837.872999942,89.23497009277344,99,0
776,4319453.56565574,3162836.5051120836,91.26039123535156,99,0
777,4319553.590551145,3162835.1372280414,87.94644927978516,100,0
778,4319653.615430002,3162833.7693478144,88.939697265625,98,0
779,4319753.640292281,3162832.401471398,47.584266662597656,100,0
780,4319853.665137948,3162831.0335988,0.7702706456184387,82,0
781,4319953.689966972,3162829.6657300196,0,0,0
782,4320053.714779327,3162828.2978650564,5.994736671447754,87,0
783,4320153.739574977,3162826.9300039127,51.486427307128906,95,0
784,4320253.764353895,3162825.5621465826,6.787503719329834,80,0
785,4320353.789116049,3162824.1942930706,4.588167667388916,75,0
786,4320453.813861409,3162822.826443378,47.518192291259766,91,0
787,4320553.838589944,3162821.4585975017,0,0,0
788,4320653.863301623,3162820.0907554463,0,0,0
789,4320753.887996414,3162818.722917214,0.3014584183692932,34,0
790,4320853.912674288,3162817.3550827983,2.8110342025756836,47,0
791,4320953.937335216,3162815.987252203,0.22429215908050537,36,0
792,4321053.961979164,3162814.619425429,15.106108665466309,94,0
793,4321153.986606103,3162813.251602477,89.543365478515625,99,0
794,4321254.011216001,3162811.8837833432,90.03877258300781,99,0
795,4321354.03580883,3162810.5159680354,92.27881622314453,98,0
796,4321454.060384557,3162809.1481565507,93.434417724609375,100,0
797,4321554.084943149,3162807.7803488863,90.83867645263672,99,0
798,4321654.109484581,3162806.4125450463,89.924530029296875,99,0
799,4321754.134008818,3162805.044745032,92.07810974121094,97,0
800,4321854.158515833,3162803.6769488407,90.40587615966797,99,0
801,4321954.183005592,3162802.3091564705,89.19001007080078,100,0
802,4322054.207478064,3162800.941367929,91.660888671875,100,0
803,4322154.231933221,3162799.5735832136,92.70111083984375,100,0
804,4322254.2563710315,3162798.2058023233,90.05682373046875,99,0
805,4322354.280791464,3162796.838025258,89.94901275634766,99,0
806,4322454.305194487,3162795.470252019,86.81912994384766,96,0
807,4322554.329580074,3162794.1024826085,81.1534423828125,91,0
808,4322654.353948188,3162792.7347170245,85.02959442138672,99,0
809,4322754.378298803,3162791.366955269,89.07600402832031,100,0
810,4322854.402631888,3162789.9991973415,80.601470947265625,88,0
811,4322954.426947409,3162788.6314432435,82.1466064453125,91,0
812,4323054.451245339,3162787.2636929755,88.50927734375,96,0
813,4323154.475525645,3162785.895946535,88.86316680908203,96,0
814,4323254.499788297,3162784.528203925,91.21958923339844,98,0
815,4323354.524033266,3162783.160465148,93.62275695800781,100,0
818,4314851.0352056455,3162799.406002309,1.9486311674118042,67,0
819,4314951.060830547,3162798.037959092,16.424978256225586,84,0
820,4315751.265282249,3162787.093750696,3.3254666328430176,59,0
821,4315851.290769814,3162785.7257418237,7.3163909912109375,56,0
822,4315951.316241964,3162784.3577367687,0,0,4.756565093994141
823,4316051.341698671,3162782.989735529,70.6824951171875,90,1.8373188972473145
824,4316151.367139902,3162781.62173811,77.774322509765625,88,0.15401722490787506
825,4316251.392565629,3162780.253744514,79.23470306396484,90,0
826,4316351.417975821,3162778.885754733,18.50858497619629,83,50.048458099365234
827,4316451.443370444,3162777.517768773,23.15383529663086,75,41.98009490966797
828,4316551.468749472,3162776.149786636,34.830135345458984,95,2.136525869369507
829,4316651.494112871,3162774.781808319,36.25819396972656,95,0
830,4316751.519460611,3162773.413833822,32.04630661010742,80,0
831,4316851.5447926605,3162772.0458631483,18.096622467041016,72,0
832,4316951.570108993,3162770.6778963,0,0,0
833,4317051.595409571,3162769.309933269,0,0,0
834,4317151.620694371,3162767.9419740615,0,0,0
835,4317251.645963356,3162766.57401868,35.28483963012695,81,0
836,4317351.6712165,3162765.2060671193,71.1964340209961,98,0
837,4317451.69645377,3162763.8381193844,91.5396728515625,100,0
838,4317551.721675135,3162762.470175476,94.20409393310547,100,0
839,4317651.746880566,3162761.1022353927,94.900787353515625,100,0
840,4317751.772070031,3162759.7342991335,84.89418029785156,100,0
841,4317851.7972435,3162758.366366703,90.63758087158203,97,0
842,4317951.82240094,3162756.998438097,40.932098388671875,95,0
843,4318051.847542324,3162755.6305133165,16.533123016357422,64,0
844,4318151.872667619,3162754.2625923655,1.5640066862106323,64,0
845,4318251.8977767965,3162752.894675241,1.719584345817566,57,0
846,4318351.922869823,3162751.526761943,0,0,0
847,4318451.947946669,3162750.158852476,0,0,0
848,4318551.973007303,3162748.7909468403,0,0,0
849,4318651.998051698,3162747.4230450303,0,0,0
850,4318752.023079816,3162746.05514705,6.172426223754883,64,0
851,4318852.048091634,3162744.687252899,38.280128479003906,83,0
852,4318952.073087117,3162743.3193625794,48.4618034362793,90,0
853,4319052.098066237,3162741.9514760943,6.80531120300293,70,0
854,4319152.123028958,3162740.583593437,1.7700464725494385,87,0
855,4319252.147975257,3162739.2157146116,75.8908462524414,98,0
856,4319352.172905098,3162737.8478396195,89.4133529663086,96,0
857,4319452.197818451,3162736.4799684584,88.48060607910156,99,0
858,4319552.2227152875,3162735.112101135,82.8365478515625,95,0
859,4319652.247595574,3162733.7442376423,26.460590362548828,92,0
860,4319752.272459279,3162732.3763779826,0,0,0
861,4319852.2973063765,3162731.008522158,0,0,0
862,4319952.322136832,3162729.6406701673,1.0392870903015137,56,0
863,4320052.346950618,3162728.2728220113,0.11848017573356628,54,0
864,4320152.371747699,3162726.904977692,3.2204813957214355,72,0
865,4320252.3965280475,3162725.537137211,30.75739097595215,98,0
866,4320352.421291635,3162724.169300565,80.40782928466797,100,0
867,4320452.446038426,3162722.8014677525,71.243255615234375,90,0
868,4320552.470768392,3162721.433638779,0,0,0
869,4320652.495481504,3162720.065813645,0,0,0
870,4320752.5201777285,3162718.697992349,0,0,0
871,4320852.544857036,3162717.3301748917,0,0,0
872,4320952.569519396,3162715.96236127,0,0,0
873,4321052.594164776,3162714.5945514888,0,0,0
874,4321152.618793149,3162713.22674555,30.84720230102539,91,0
875,4321252.643404481,3162711.8589434493,41.50698471069336,97,0
876,4321352.667998743,3162710.49114519,89.546295166015625,97,0
877,4321452.692575903,3162709.123350772,91.23607635498047,100,0
878,4321552.717135932,3162707.755560193,92.84322357177734,100,0
879,4321652.741678799,3162706.387773456,89.442047119140625,99,0
880,4321752.766204471,3162705.0199905657,89.9605941772461,97,0
881,4321852.790712921,3162703.6522115148,91.35034942626953,100,0
882,4321952.815204114,3162702.2844363037,94.05945587158203,100,0
883,4322052.839678023,3162700.9166649417,92.50263214111328,98,0
884,4322152.864134617,3162699.548897424,91.66233825683594,99,0
885,4322252.888573864,3162698.181133748,89.1594009399414,96,0
886,4322352.912995731,3162696.813373916,93.94414520263672,100,0
887,4322452.937400193,3162695.445617929,89.570556640625,99,0
888,4322552.961787215,3162694.0778657864,87.69343566894531,100,0
889,4322652.986156766,3162692.7101174914,91.9610366821289,99,0
890,4322753.0105088195,3162691.342373045,88.44049835205078,96,0
891,4322853.0348433405,3162689.9746324425,81.834228515625,90,0
892,4322953.0591603005,3162688.606895688,83.77685546875,91,0
893,4323053.083459668,3162687.239162781,88.74836730957031,97,0
894,4323153.107741414,3162685.871433723,90.95619201660156,100,0
895,4323253.132005503,3162684.503708513,90.15874481201172,98,0
896,4323353.156251912,3162683.1359871523,89.81535339355469,98,0
903,4314749.641678048,3162700.748141793,0.9255000352859497,50,44.22642517089844
904,4314849.66731948,3162699.380110611,12.859576225280762,70,0.3363855183124542
905,4314949.692945807,3162698.0120832645,3.3325388431549072,69,0
906,4315549.846384816,3162689.803999668,0.58292388916015625,61,15.65634536743164
907,4315649.87190454,3162688.4359991597,20.894197463989258,82,8.42333984375
908,4315749.897408913,3162687.068002484,0,0,0
909,4315849.922897902,3162685.700009644,9.400755882263184,67,0
910,4315949.94837148,3162684.332020641,9.991889953613281,67,3.309264659881592
911,4316049.973829612,3162682.9640354738,35.492183685302734,87,8.71501350402832
912,4316149.999272273,3162681.5960541456,13.498839378356934,77,42.36954879760742
913,4316250.024699427,3162680.228076654,8.337047576904297,83,49.95641326904297
914,4316350.050111044,3162678.8601029995,6.755163669586182,57,53.74665069580078
915,4316450.075507098,3162677.492133189,3.2629077434539795,57,71.28787994384766
916,4316550.100887553,3162676.124167215,26.76803970336914,79,30.754560470581055
917,4316650.12625238,3162674.7562050777,22.657339096069336,81,30.500286102294922
918,4316750.151601549,3162673.3882467863,32.30229568481445,80,27.362686157226562
919,4316850.17693503,3162672.02029233,17.08297348022461,81,7.170195579528809
920,4316950.2022527885,3162670.6523417165,0,0,0
921,4317050.227554798,3162669.2843949446,0,0,0
922,4317150.252841026,3162667.916452013,0,0,0
923,4317250.278111442,3162666.548512924,61.291587829589844,88,0
924,4317350.303366016,3162665.180577675,82.50494384765625,93,0
925,4317450.328604716,3162663.8126462703,91.85215759277344,100,0
926,4317550.353827514,3162662.4447187083,94.64830017089844,100,0
927,4317650.379034374,3162661.0767949927,92.76026153564453,100,0
928,4317750.404225269,3162659.7088751174,90.39655303955078,100,0
929,4317850.429400172,3162658.3409590875,78.24083709716797,97,0
930,4317950.454559043,3162656.9730469026,56.787986755371094,95,0
931,4318050.479701859,3162655.6051385645,0,0,0
932,4318150.504828587,3162654.2372340728,0,0,0
933,4318250.529939194,3162652.869333428,0,0,0
934,4318350.555033655,3162651.501436627,0,0,0
935,4318450.580111935,3162650.133543673,0,0,0
936,4318550.605174001,3162648.765654568,0.5224453210830688,49,0
937,4318650.630219828,3162647.397769309,0,0,0
938,4318750.655249383,3162646.0298878965,0,0,0
939,4318850.680262634,3162644.662010335,17.928245544433594,70,0
940,4318950.705259551,3162643.2941366225,79.84838104248047,94,0
941,4319050.730240105,3162641.92626676,1.6736526489257812,65,0
942,4319150.755204262,3162640.5584007474,40.3780517578125,95,0
943,4319250.780151995,3162639.1905385857,87.80870819091797,100,0
944,4319350.805083271,3162637.8226802736,90.55933380126953,100,0
945,4319450.82999806,3162636.4548258125,89.44921112060547,100,0
946,4319550.854896332,3162635.0869752034,20.718921661376953,93,0
947,4319650.879778052,3162633.719128445,1.3362081050872803,63,0
948,4319750.904643197,3162632.351285541,0.34983742237091064,51,0
949,4319850.9294917295,3162630.9834464905,0,0,0
950,4319950.9543236215,3162629.61561129,1.7519515752792358,77,0
951,4320050.979138843,3162628.2477799407,57.59223175048828,100,0
952,4320151.003937362,3162626.879952448,79.50384521484375,94,0
953,4320251.0287191495,3162625.512128813,84.72435760498047,98,0.35395851731300354
954,4320351.0534841735,3162624.144309032,88.8173828125,100,0
955,4320451.078232401,3162622.776493103,52.99221420288086,97,0
956,4320551.102963808,3162621.4086810327,0,0,0
957,4320651.127678356,3162620.040872817,0,0,0
958,4320751.15237602,3162618.6730684596,9.866896629333496,65,0
959,4320851.177056766,3162617.305267958,5.7208685874938965,54,0
960,4320951.201720564,3162615.9374713134,1.3253624439239502,52,0
961,4321051.226367385,3162614.569678525,0,0,0
962,4321151.250997198,3162613.201889596,5.201104640960693,86,0
963,4321251.275609969,3162611.8341045273,20.129819869995117,83,0
964,4321351.300205671,3162610.466323317,87.127532958984375,95,0
965,4321451.324784274,3162609.0985459653,93.37950134277344,100,0
966,4321551.349345742,3162607.7307724734,76.6218032836914,95,0
967,4321651.373890049,3162606.3630028414,44.834930419921875,90,0
968,4321751.398417165,3162604.9952370725,44.49283218383789,97,0
969,4321851.422927054,3162603.6274751616,94.36539459228516,100,0
970,4321951.44741969,3162602.2597171105,86.89543914794922,100,0
971,4322051.471895041,3162600.8919629254,85.727996826171875,96,0
972,4322151.496353076,3162599.524212604,89.66101837158203,95,0
973,4322251.520793764,3162598.1564661423,93.73040008544922,100,0
974,4322351.545217075,3162596.788723542,95.85142517089844,100,0
975,4322451.569622979,3162595.4209848084,94.59727478027344,100,0
976,4322551.594011445,3162594.0532499366,94.37284088134766,100,0
977,4322651.61838244,3162592.6855189293,91.44010162353516,98,0
978,4322751.642735936,3162591.3177917893,88.52825927734375,97,0
979,4322851.667071901,3162589.9500685134,85.41160583496094,95,0
980,4322951.691390306,3162588.582349103,85.218048095703125,93,0
981,4323051.715691118,3162587.21463356,90.68646240234375,100,0
982,4323151.739974307,3162585.846921882,92.13423156738281,100,0
983,4323251.764239843,3162584.4792140694,85.730804443359375,98,0
996,4314648.248149132,3162602.0902544144,0,0,49.39981460571289
997,4314748.273807069,3162600.722235231,0,0,91.6572494506836
998,4314848.299449932,3162599.354219901,0.41970518231391907,42,6.598119258880615
999,4314948.325077687,3162597.986208421,0,0,0
1000,4315348.427437041,3162592.5142010115,0,0,0
1001,4315448.452988808,3162591.1462087915,0,0,0
1002,4315548.478525285,3162589.778220425,6.907918453216553,75,14.577393531799316
1003,4315648.50404644,3162588.410235912,21.979957580566406,83,5.858937740325928
1004,4315748.5295522455,3162587.042255253,0,0,0
1005,4315848.555042668,3162585.6742784474,5.519952774047852,59,0
1006,4315948.5805176785,3162584.306305496,12.654447555541992,67,1.464652180671692
1007,4316048.605977245,3162582.938336402,48.3599967956543,79,8.312543869018555
1008,4316148.631421338,3162581.570371164,4.352468490600586,66,60.580928802490234
1009,4316248.656849925,3162580.2024097824,7.593176364898682,64,51.170021057128906
1010,4316348.6822629785,3162578.834452258,1.7288557291030884,57,78.795806884765625
1011,4316448.707660466,3162577.4664985905,3.1552371978759766,57,66.74385833740234
1012,4316548.733042354,3162576.0985487793,7.72901725769043,55,52.48926544189453
1013,4316648.758408616,3162574.7306028237,0.8085961937904358,42,69.20336151123047
1014,4316748.7837592205,3162573.3626607326,5.323042392730713,59,55.05199432373047
1015,4316848.809094136,3162571.994722496,11.416417121887207,68,18.741592407226562
1016,4316948.834413331,3162570.6267881156,0,0,0
1017,4317048.859716775,3162569.2588576013,0,0,0
1018,4317148.885004439,3162567.8909309446,0,0,0
1019,4317248.91027629,3162566.523008148,8.210161209106445,85,0
1020,4317348.935532301,3162565.155089213,78.17684173583984,97,0
1021,4317448.960772439,3162563.787174138,90.77766418457031,99,0
1022,4317548.985996672,3162562.419262922,93.93353271484375,100,0
1023,4317649.01120497,3162561.05135557,91.85540008544922,100,0
1024,4317749.0363973025,3162559.6834520833,96.23114013671875,100,0
1025,4317849.06157364,3162558.3155524572,90.83027648925781,100,0
1026,4317949.086733952,3162556.9476566943,51.73170471191406,94,0
1027,4318049.111878206,3162555.5797647983,0,0,0
1028,4318149.137006372,3162554.211876765,0,0,0
1029,4318249.16211842,3162552.8439925956,1.6101057529449463,59,0
1030,4318349.187214318,3162551.4761122917,0,0,0
1031,4318449.212294035,3162550.1082358514,25.03397560119629,79,0
1032,4318549.237357543,3162548.740363279,38.28074645996094,79,0
1033,4318649.262404809,3162547.372494569,0.12285494804382324,56,0
1034,4318749.287435803,3162546.004629726,0,0,0
1035,4318849.312450494,3162544.636768754,8.318351745605469,79,0
1036,4318949.337448853,3162543.268911648,45.66035842895508,94,0
1037,4319049.362430844,3162541.901058409,0,0,0
1038,4319149.3873964455,3162540.5332090403,57.719627380371094,96,0
1039,4319249.412345618,3162539.1653635395,88.80445861816406,100,0
1040,4319349.437278335,3162537.797521908,91.63623809814453,98,0
1041,4319449.462194566,3162536.4296841454,50.975162506103516,100,0
1042,4319549.487094278,3162535.0618502516,8.412158012390137,75,0
1043,4319649.5119774435,3162533.6940202285,14.107745170593262,73,0
1044,4319749.536844029,3162532.326194078,7.788211345672607,84,0
1045,4319849.561694004,3162530.9583717994,22.553163528442383,94,0
1046,4319949.586527341,3162529.59055339,50.683631896972656,100,0
1047,4320049.611344004,3162528.222738852,55.39994812011719,100,0
1048,4320149.636143967,3162526.8549281866,13.810132026672363,83,0
1049,4320249.660927199,3162525.487121395,11.418205261230469,96,1.0350899696350098
1050,4320349.685693664,3162524.1193184783,77.69544219970703,97,0
1051,4320449.710443337,3162522.7515194365,48.983245849609375,89,0
1052,4320549.735176188,3162521.3837242653,0,0,0
1053,4320649.75989218,3162520.0159329684,0,0,0
1054,4320749.784591289,3162518.6481455495,7.024937629699707,62,0
1055,4320849.80927348,3162517.2803620053,26.7713565826416,74,0
1056,4320949.833938725,3162515.9125823374,5.487174987792969,72,0
1057,4321049.858586991,3162514.544806544,0,0,0
1058,4321149.883218247,3162513.177034624,0.019369041547179222,57,0
1059,4321249.907832467,3162511.809266583,12.437722206115723,88,0
1060,4321349.932429615,3162510.4415024226,29.15936279296875,91,0
1061,4321449.957009661,3162509.0737421387,7.609264373779297,80,0
1062,4321549.981572579,3162507.705985734,7.228549480438232,81,0
1063,4321650.006118333,3162506.3382332046,10.934316635131836,81,0
1064,4321750.030646894,3162504.9704845552,40.72763442993164,97,0
1065,4321850.055158231,3162503.6027397886,93.1264419555664,99,0
1066,4321950.079652316,3162502.2349989004,87.87190246582031,99,0
1067,4322050.104129115,3162500.8672618894,87.810882568359375,98,0
1068,4322150.128588597,3162499.4995287606,90.02734375,100,0
1069,4322250.153030735,3162498.1317995144,94.44415283203125,100,0
1070,4322350.177455494,3162496.7640741486,91.5963363647461,100,0
1071,4322450.201862849,3162495.3963526674,95.004547119140625,100,0
1072,4322550.226252762,3162494.028635067,90.21205139160156,99,0
1073,4322650.250625207,3162492.6609213487,86.80705261230469,95,0
1074,4322750.274980152,3162491.2932115146,86.06980895996094,98,0
1075,4322850.2993175695,3162489.925505563,83.035430908203125,95,0
1076,4322950.323637423,3162488.5578034953,84.42086029052734,90,0
1077,4323050.347939685,3162487.190105316,91.0059585571289,98,0
1078,4323150.372224326,3162485.8224110203,91.49378204345703,97,0
1097,4314346.803225063,3162506.1683662734,5.746081829071045,75,20.477235794067383
1098,4314446.828929477,3162504.800351317,19.14592170715332,83,38.69923782348633
1099,4314546.854618908,3162503.4323402313,4.585024833679199,67,1.7878665924072266
1100,4314646.8802933255,3162502.064333013,0,0,18.935176849365234
1101,4314746.905952699,3162500.696329663,0.8294171094894409,42,20.758344650268555
1102,4314846.931596997,3162499.328330181,0,0,0
1103,4314946.957226189,3162497.960334567,0,0,0
1104,4315046.982840246,3162496.592342825,0,0,0
1105,4315147.008439136,3162495.2243549526,3.9878408908843994,72,0
1106,4315247.034022828,3162493.85637095,0,0,0
1107,4315347.05959129,3162492.488390819,0,0,0
1108,4315447.085144496,3162491.1204145593,0,0,0
1109,4315547.11068241,3162489.7524421727,16.0451717376709,81,16.723106384277344
1110,4315647.1362050045,3162488.384473657,20.88523292541504,84,4.247507572174072
1111,4315747.161712249,3162487.0165090123,0,0,0
1112,4315847.1872041095,3162485.6485482417,5.466438293457031,65,0
1113,4315947.212680558,3162484.2805913454,3.05961275100708,66,0.3519718647003174
1114,4316047.238141566,3162482.912638323,25.99665641784668,77,5.466177940368652
1115,4316147.263587097,3162481.5446891747,29.140867233276367,79,36.04113006591797
1116,4316247.289017125,3162480.176743902,9.010467529296875,65,53.59671401977539
1117,4316347.314431618,3162478.808802504,2.5932507514953613,54,64.942230224609375
1118,4316447.339830544,3162477.4408649798,5.575456619262695,52,53.5211181640625
1119,4316547.365213876,3162476.07293133,1.3594176769256592,48,60.82601547241211
1120,4316647.390581575,3162474.7050015596,1.259122610092163,46,70.2260971069336
1121,4316747.415933622,3162473.337075667,1.1654691696166992,59,66.07048797607422
1122,4316847.441269978,3162471.9691536496,5.587791442871094,63,22.888227462768555
1123,4316947.466590615,3162470.6012355085,0.0018660554196685553,56,0
1124,4317047.491895502,3162469.233321248,6.695376873016357,69,0
1125,4317147.517184607,3162467.8654108653,21.254512786865234,75,0
1126,4317247.542457904,3162466.4975043614,34.10903549194336,91,0
1127,4317347.567715354,3162465.129601738,87.76129913330078,100,0
1128,4317447.592956933,3162463.7617029916,93.90702056884766,100,0
1129,4317547.618182611,3162462.3938081264,91.4291000366211,100,0
1130,4317647.643392352,3162461.025917142,91.57495880126953,100,0
1131,4317747.668586129,3162459.658030038,94.355010986328125,100,0
1132,4317847.69376391,3162458.290146816,96.182525634765625,100,0
1133,4317947.718925668,3162456.9222674775,74.72894287109375,100,0
1134,4318047.7440713635,3162455.554392018,1.6148837804794312,85,0
1135,4318147.769200974,3162454.186520444,0,0,0
1136,4318247.7943144655,3162452.818652751,18.804807662963867,79,0
1137,4318347.81941181,3162451.450788942,26.806581497192383,86,0
1138,4318447.844492973,3162450.0829290166,65.88916015625,92,0
1139,4318547.869557927,3162448.7150729755,41.697349548339844,88,0
1140,4318647.894606637,3162447.3472208204,0,0,0
1141,4318747.919639078,3162445.9793725507,6.768251419067383,67,0
1142,4318847.944655216,3162444.6115281614,44.77620315551758,94,0
1143,4318947.969655019,3162443.243687661,5.319293975830078,88,0
1144,4319047.994638461,3162441.8758510477,5.77681303024292,86,0
1145,4319148.019605505,3162440.508018321,81.74139404296875,98,0
1146,4319248.044556127,3162439.1401894796,90.30908966064453,98,0
1147,4319348.069490291,3162437.7723645284,92.26948547363281,100,0
1148,4319448.09440797,3162436.4045434636,80.39446258544922,100,0
1149,4319548.119309131,3162435.036726288,79.35289764404297,100,0
1150,4319648.144193743,3162433.668913,73.31231689453125,100,0
1151,4319748.169061778,3162432.301103602,72.6290283203125,100,0
1152,4319848.193913202,3162430.933298097,33.75154113769531,98,0
1153,4319948.218747986,3162429.565496478,18.45661163330078,91,0
1154,4320048.2435661005,3162428.19769875,1.1860817670822144,83,0
1155,4320148.268367512,3162426.8299049134,0,0,0
1156,4320248.293152193,3162425.462114966,0,0,0
1157,4320348.317920109,3162424.0943289134,53.45004653930664,90,0
1158,4320448.342671233,3162422.7265467546,46.807491302490234,91,0
1159,4320548.367405532,3162421.358768484,0,0,0
1160,4320648.392122977,3162419.990994107,0,0,0
1161,4320748.416823536,3162418.623223625,0,0,0
1162,4320848.441507179,3162417.2554570385,7.337772846221924,57,2.7681095600128174
1163,4320948.466173875,3162415.8876943453,0,0,0
1164,4321048.490823591,3162414.5199355446,0,0,0
1165,4321148.515456301,3162413.1521806377,0,0,0
1166,4321248.540071973,3162411.7844296265,0,0,0
1167,4321348.564670573,3162410.4166825153,0,0,0
1168,4321448.589252074,3162409.048939298,0,0,0
1169,4321548.613816443,3162407.681199979,0,0,0
1170,4321648.63836365,3162406.3134645536,0,0,0
1171,4321748.662893665,3162404.945733026,5.3495259284973145,86,0
1172,4321848.687406456,3162403.578005402,68.11730194091797,98,0
1173,4321948.711901994,3162402.210281673,93.06591033935547,100,0
1174,4322048.736380246,3162400.8425618405,89.5556869506836,98,0
1175,4322148.760841185,3162399.4748459053,88.0110092163086,98,0
1176,4322248.785284775,3162398.107133874,89.30261993408203,97,0
1177,4322348.809710992,3162396.7394257453,89.73763275146484,100,0
1178,4322448.8341198,3162395.371721514,94.16950988769531,100,0
1179,4322548.858511169,3162394.004021181,90.66165924072266,100,0
1180,4322648.882885069,3162392.636324752,90.9958724975586,100,0
1181,4322748.907241472,3162391.268632228,81.805511474609375,93,0
1182,4322848.931580343,3162389.9009436015,84.00212097167969,90,0
1183,4322948.955901655,3162388.533258876,88.00566864013672,96,0
1184,4323048.980205374,3162387.165578056,94.30512237548828,100,0
1185,4323149.004491471,3162385.7979011415,92.5468978881836,99,0
1204,4314245.409660727,3162407.5104015484,6.720297813415527,74,20.613405227661133
1205,4314345.435381534,3162406.1423984845,39.28477478027344,89,26.266006469726562
1206,4314445.46108739,3162404.7743993048,25.11057472229004,86,0
1207,4314545.486778261,3162403.4064040123,0.3412761092185974,65,1.8576812744140625
1208,4314645.51245412,3162402.0384126073,6.9992499351501465,72,1.0014129877090454
1209,4314745.538114936,3162400.670425091,1.3622009754180908,66,0.9193539023399353
1210,4314845.5637606755,3162399.302441459,1.8294575214385986,71,0
1211,4314945.589391312,3162397.9344617133,6.457870960235596,60,0
1212,4315045.615006811,3162396.5664858576,4.877603054046631,66,0
1213,4315145.640607144,3162395.1985138915,8.374629974365234,73,0.7194952368736267
1214,4315245.666192279,3162393.830545813,11.167984008789062,80,0
1215,4315345.691762187,3162392.4625816224,0,0,0
1216,4315445.717316835,3162391.0946213235,0,0,0
1217,4315545.742856194,3162389.726664917,23.180706024169922,83,15.763223648071289
1218,4315645.768380233,3162388.358712398,15.84909725189209,83,2.766662836074829
1219,4315745.793888921,3162386.990763769,0,0,0
1220,4315845.819382228,3162385.622819032,8.695762634277344,61,0.6934608817100525
1221,4315945.8448601235,3162384.2548781903,3.631558418273926,59,8.703961372375488
1222,4316045.870322574,3162382.8869412392,5.125197887420654,58,17.08443832397461
1223,4316145.895769553,3162381.5190081797,39.79351043701172,77,22.026796340942383
1224,4316245.921201025,3162380.1510790144,0.7594698071479797,39,74.470489501953125
1225,4316345.946616964,3162378.783153742,14.139337539672852,66,50.231746673583984
1226,4316445.972017338,3162377.4152323646,39.75824737548828,82,18.07848358154297
1227,4316545.997402115,3162376.047314882,9.81314754486084,73,53.000152587890625
1228,4316646.022771264,3162374.6794012934,11.472346305847168,64,55.27217102050781
1229,4316746.048124756,3162373.3114916007,8.256596565246582,58,56.71952438354492
1230,4316846.073462561,3162371.9435858,12.489167213439941,70,14.638712882995605
1231,4316946.098784644,3162370.575683898,2.4451241493225098,56,0
1232,4317046.12409098,3162369.207785891,2.4334561824798584,63,0
1233,4317146.149381533,3162367.8398917816,0,0,0
1234,4317246.174656276,3162366.4720015717,37.723976135253906,94,0
1235,4317346.199915177,3162365.1041152594,91.314422607421875,99,0
1236,4317446.225158207,3162363.7362328433,93.48424530029297,100,0
1237,4317546.250385332,3162362.368354327,92.810882568359375,100,0
1238,4317646.275596523,3162361.0004797084,93.50456237792969,100,0
1239,4317746.300791749,3162359.6326089865,90.14127349853516,100,0
1240,4317846.32597098,3162358.264742169,94.8241195678711,100,0
1241,4317946.351134184,3162356.8968792525,92.674468994140625,99,0
1242,4318046.376281335,3162355.5290202335,20.948665618896484,92,0
1243,4318146.401412395,3162354.1611651154,0,0,0
1244,4318246.426527338,3162352.7933139005,29.744029998779297,94,0
1245,4318346.451626132,3162351.4254665878,61.90097427368164,95,0
1246,4318446.476708747,3162350.057623176,88.18772888183594,100,0
1247,4318546.501775152,3162348.689783665,26.704530715942383,83,0
1248,4318646.526825316,3162347.32194806,3.1498119831085205,76,0
1249,4318746.551859207,3162345.95411636,25.865375518798828,86,0
1250,4318846.576876797,3162344.586288561,56.88486862182617,96,0
1251,4318946.601878055,3162343.2184646674,9.395517349243164,88,0
1252,4319046.626862949,3162341.8506446793,61.788970947265625,94,0
1253,4319146.651831447,3162340.4828285933,89.3906021118164,97,0
1254,4319246.676783522,3162339.1150164157,90.89232635498047,100,0
1255,4319346.70171914,3162337.747208142,92.65839385986328,100,0
1256,4319446.7266382715,3162336.379403777,90.7132568359375,100,0
1257,4319546.751540887,3162335.011603318,93.83440399169922,100,0
1258,4319646.776426954,3162333.643806764,51.9444580078125,100,0
1259,4319746.801296443,3162332.276014123,2.0397019386291504,100,0
1260,4319846.826149323,3162330.9082253883,0,0,0
1261,4319946.8509855615,3162329.540440559,0,0,0
1262,4320046.87580513,3162328.17265964,0,0,0
1263,4320146.9006079985,3162326.804882631,0,0,0
1264,4320246.9253941355,3162325.437109531,0,0,0
1265,4320346.950163509,3162324.0693403417,32.054908752441406,85,0
1266,4320446.974916088,3162322.7015750636,46.44233322143555,90,0
1267,4320546.999651845,3162321.3338136952,0,0,0
1268,4320647.024370745,3162319.966056239,0,0,0
1269,4320747.049072762,3162318.5983026945,4.130259037017822,75,0
1270,4320847.073757863,3162317.230553063,17.218021392822266,81,0
1271,4320947.098426014,3162315.8628073446,0.6179047226905823,65,0
1272,4321047.123077191,3162314.495065539,17.638681411743164,91,0
1273,4321147.147711357,3162313.1273276443,5.22016716003418,80,0
1274,4321247.172328487,3162311.759593665,3.8079891204833984,72,0
1275,4321347.196928547,3162310.3918636013,0.8707165718078613,71,0
1276,4321447.221511505,3162309.0241374513,0,0,0
1277,4321547.2460773345,3162307.6564152148,0,0,0
1278,4321647.270626001,3162306.2886968935,0,0,0
1279,4321747.295157475,3162304.9209824908,0.4982260465621948,50,0
1280,4321847.319671728,3162303.553272006,1.3404043912887573,95,0
1281,4321947.344168723,3162302.1855654353,59.30315399169922,99,0
1282,4322047.368648438,3162300.8178627836,92.331207275390625,100,0
1283,4322147.393110834,3162299.450164047,89.188446044921875,98,0
1284,4322247.417555888,3162298.08246923,88.941131591796875,98,0
1285,4322347.441983566,3162296.7147783316,89.74003601074219,95,0
1286,4322447.466393833,3162295.3470913493,90.73644256591797,100,0
1287,4322547.490786664,3162293.979408288,91.60923767089844,100,0
1288,4322647.515162028,3162292.6117291483,88.96478271484375,98,0
1289,4322747.539519892,3162291.244053928,85.3111801147461,98,0
1290,4322847.563860225,3162289.8763826275,86.953643798828125,95,0
1291,4322947.588182998,3162288.508715248,91.32273864746094,100,0
1292,4323047.612488183,3162287.141051789,95.3187026977539,100,0
1293,4323147.636775741,3162285.773392252,94.69135284423828,100,0
1320,4314043.990343094,3162310.2204053258,0,0,1.035341501235962
1321,4314144.016095159,3162308.8524102126,4.958885192871094,81,35.3082275390625
1322,4314244.041832334,3162307.4844190036,48.22461700439453,93,21.24949073791504
1323,4314344.0675545875,3162306.1164316996,78.80854034423828,91,0
1324,4314444.093261891,3162304.748448296,31.79789161682129,89,0
1325,4314544.118954211,3162303.3804687974,16.954565048217773,75,0
1326,4314644.144631518,3162302.012493206,17.875289916992188,78,0
1327,4314744.170293783,3162300.6445215195,0,0,0
1328,4314844.195940971,3162299.2765537384,2.176225185394287,70,0
1329,4314944.221573055,3162297.908589861,0.8062873482704163,59,0
1330,4315044.247190002,3162296.5406298926,4.204538345336914,77,0
1331,4315144.272791787,3162295.172673831,14.792262077331543,82,0
1332,4315244.298378371,3162293.8047216763,12.122400283813477,73,0
1333,4315344.323949728,3162292.43677343,25.075876235961914,75,1.7056443691253662
1334,4315444.349505828,3162291.068829091,17.83293342590332,94,1.266734004020691
1335,4315544.375046636,3162289.7008886607,45.99321746826172,96,13.473917007446289
1336,4315644.400572125,3162288.332952141,7.865544319152832,90,3.7108349800109863
1337,4315744.426082266,3162286.9650195264,0,0,0
1338,4315844.451577023,3162285.5970908245,6.712213516235352,57,8.254599571228027
1339,4315944.477056369,3162284.2291660355,7.479657173156738,47,28.55364418029785
1340,4316044.5025202725,3162282.8612451577,7.385394096374512,48,28.464689254760742
1341,4316144.527968703,3162281.4933281876,28.561588287353516,75,15.282283782958984
1342,4316244.553401628,3162280.12541513,0.7891440987586975,50,79.5641860961914
1343,4316344.578819018,3162278.7575059845,1.4900668859481812,50,76.4932632446289
1344,4316444.604220845,3162277.389600752,17.6203670501709,69,45.52632522583008
1345,4316544.629607074,3162276.021699433,15.108665466308594,69,42.23179244995117
1346,4316644.654977677,3162274.6538020265,4.000926971435547,66,34.81838607788086
1347,4316744.680332623,3162273.2859085337,3.4399147033691406,51,23.292829513549805
1348,4316844.70567188,3162271.9180189525,0.5589472055435181,51,0.7680999040603638
1349,4316944.730995418,3162270.550133285,0,0,0
1350,4317044.756303207,3162269.1822515344,0,0,0
1351,4317144.781595215,3162267.814373698,0,0,0
1352,4317244.806871413,3162266.446499783,23.631010055541992,93,0
1353,4317344.8321317695,3162265.078629783,90.00992584228516,96,0
1354,4317444.857376251,3162263.710763695,86.307708740234375,98,0
1355,4317544.882604833,3162262.342901527,89.68717956542969,100,0
1356,4317644.907817479,3162260.9750432726,93.36778259277344,100,0
1357,4317744.933014162,3162259.6071889387,92.218414306640625,100,0
1358,4317844.95819485,3162258.239338525,91.457794189453125,100,0
1359,4317944.983359511,3162256.8714920296,91.37054443359375,100,0
1360,4318045.008508116,3162255.503649452,37.98619842529297,98,0
1361,4318145.033640633,3162254.1358107906,7.860224723815918,81,0
1362,4318245.058757035,3162252.7679760526,49.03110885620117,96,0
1363,4318345.083857287,3162251.4001452355,90.46710205078125,100,0
1364,4318445.1089413585,3162250.032318338,92.93603515625,100,0
1365,4318545.134009221,3162248.6644953596,61.139408111572266,98,0
1366,4318645.159060842,3162247.2966763023,76.206695556640625,100,0
1367,4318745.184096194,3162245.9288611687,87.8401870727539,100,0
1368,4318845.209115243,3162244.5610499606,86.22480773925781,99,0
1369,4318945.234117958,3162243.193242674,87.604522705078125,100,0
1370,4319045.25910431,3162241.8254393083,92.11177062988281,100,0
1371,4319145.284074268,3162240.457639867,90.63060760498047,100,0
1372,4319245.309027802,3162239.0898443493,92.36624908447266,100,0
1373,4319345.333964879,3162237.7220527586,91.04131317138672,100,0
1374,4319445.358885473,3162236.3542650905,92.66929626464844,100,0
1375,4319545.383789548,3162234.9864813476,90.1827392578125,100,0.6530493497848511
1376,4319645.408677074,3162233.6187015306,10.987483978271484,91,13.22368335723877
1377,4319745.433548025,3162232.2509256424,0.7322010397911072,67,3.2791976928710938
1378,4319845.458402364,3162230.883153679,6.537362098693848,64,8.358964920043945
1379,4319945.483240065,3162229.5153856403,0,0,0
1380,4320045.508061097,3162228.1476215296,0,0,0
1381,4320145.5328654265,3162226.779861348,0,0,0
1382,4320245.557653024,3162225.4121050937,0,0,0
1383,4320345.582423859,3162224.0443527703,37.42205047607422,91,0
1384,4320445.607177904,3162222.676604375,36.78192138671875,91,0
1385,4320545.6319151195,3162221.308859905,0,0,0
1386,4320645.6566354865,3162219.9411193673,0,0,0
1387,4320745.681338964,3162218.5733827627,1.481825351715088,74,0
1388,4320845.706025529,3162217.205650088,25.622085571289062,81,0
1389,4320945.730695146,3162215.8379213433,0.564510703086853,62,0
1390,4321045.755347786,3162214.47019653,47.14970397949219,91,0
1391,4321145.779983417,3162213.102475649,82.774871826171875,94,0
1392,4321245.804602011,3162211.7347586984,82.57710266113281,91,0
1393,4321345.829203535,3162210.367045682,85.32898712158203,97,0
1394,4321445.85378796,3162208.9993366,64.091461181640625,93,0
1395,4321545.878355253,3162207.6316314484,52.66415023803711,90,0
1396,4321645.902905384,3162206.2639302323,66.34615325927734,95,0
1397,4321745.927438325,3162204.8962329533,12.867161750793457,84,0
1398,4321845.9519540435,3162203.5285396078,13.485300064086914,79,0
1399,4321945.976452507,3162202.160850197,4.756028175354004,87,0
1400,4322046.000933686,3162200.793164723,84.3258285522461,100,0
1401,4322146.025397551,3162199.425483184,83.00205993652344,99,0
1402,4322246.049844071,3162198.0578055806,84.463958740234375,95,0
1403,4322346.074273215,3162196.690131914,85.2425765991211,95,0
1404,4322446.098684951,3162195.322462184,88.39619445800781,100,0
1405,4322546.12307925,3162193.954796392,91.798858642578125,100,0
1406,4322646.147456081,3162192.587134539,90.6684799194336,99,0
1407,4322746.171815413,3162191.219476626,90.16499328613281,98,0
1408,4322846.196157216,3162189.85182265,90.923828125,100,0
1409,4322946.220481457,3162188.4841726166,94.87276458740234,100,0
1410,4323046.244788107,3162187.116526521,93.48765563964844,100,0
1439,4313842.570976789,3162212.9303628816,0,0,3.5025391578674316
1440,4313942.5967599945,3162211.562375646,0,0,27.122142791748047
1441,4314042.622528372,3162210.194392333,0,0,32.77436828613281
1442,4314142.648281891,3162208.826412941,5.725437641143799,87,6.374464988708496
1443,4314242.67402052,3162207.458437471,56.91460418701172,93,0
1444,4314342.699744226,3162206.0904659242,68.377105712890625,89,0
1445,4314442.725452983,3162204.7224982977,27.831531524658203,88,0
1446,4314542.751146757,3162203.354534593,0.17719899117946625,67,0
1447,4314642.776825518,3162201.9865748156,0,0,0
1448,4314742.802489238,3162200.618618958,0,0,0
1449,4314842.828137879,3162199.250667025,10.639495849609375,77,0
1450,4314942.85377142,3162197.882719018,0,0,0
1451,4315042.879389825,3162196.5147749367,0,0,0
1452,4315142.904993062,3162195.146834781,0,0,0
1453,4315242.930581103,3162193.7788985493,0,0,0
1454,4315342.956153916,3162192.4109662445,2.839322805404663,72,0.501728892326355
1455,4315442.981711469,3162191.0430378667,52.430816650390625,94,5.468097686767578
1456,4315543.007253737,3162189.6751134153,52.28372573852539,100,10.267991065979004
1457,4315643.032780683,3162188.307192892,16.26307487487793,75,1.071770191192627
1458,4315743.05829228,3162186.939276295,19.257699966430664,75,3.1350903511047363
1459,4315843.083788494,3162185.5713636274,15.1001615524292,83,8.602612495422363
1460,4315943.109269298,3162184.203454892,3.8328988552093506,44,27.110027313232422
1461,4316043.1347346585,3162182.835550084,6.180020332336426,49,23.887426376342773
1462,4316143.160184545,3162181.4676492047,14.277795791625977,67,20.734508514404297
1463,4316243.1856189305,3162180.099752255,7.843435764312744,67,59.61577606201172
1464,4316343.21103778,3162178.731859236,2.237034797668457,52,61.48485565185547
1465,4316443.236441064,3162177.363970148,11.91574478149414,67,43.695152282714844
1466,4316543.261828753,3162175.996084991,9.042710304260254,59,52.30661392211914
1467,4316643.287200815,3162174.6282037664,3.5561838150024414,50,53.953514099121094
1468,4316743.312557221,3162173.2603264744,0.790951669216156,50,6.427762508392334
1469,4316843.337897938,3162171.892453112,0,0,0
1470,4316943.363222936,3162170.524583683,0,0,0
1471,4317043.388532184,3162169.156718187,1.427063226699829,64,0
1472,4317143.413825653,3162167.788856628,0,0,0
1473,4317243.439103313,3162166.4209990045,29.688920974731445,94,0
1474,4317343.464365128,3162165.0531453127,89.217132568359375,97,0
1475,4317443.489611075,3162163.685295554,90.48563385009766,99,0
1476,4317543.514841116,3162162.317449735,92.6535873413086,99,0
1477,4317643.540055224,3162160.9496078496,92.280792236328125,100,0
1478,4317743.5652533695,3162159.581769899,95.7895736694336,100,0
1479,4317843.590435519,3162158.213935887,92.09696960449219,100,0
1480,4317943.615601643,3162156.8461058117,94.95414733886719,100,0
1481,4318043.64075171,3162155.478279675,74.1461410522461,100,0
1482,4318143.6658856915,3162154.110457473,80.1527328491211,96,0
1483,4318243.691003554,3162152.7426392105,93.04508209228516,100,0
1484,4318343.71610527,3162151.374824888,90.88375091552734,100,0
1485,4318443.741190806,3162150.007014504,90.48914337158203,100,0
1486,4318543.76626013,3162148.6392080598,90.642791748046875,98,0
1487,4318643.791313218,3162147.271405556,95.70836639404297,100,0
1488,4318743.8163500335,3162145.9036069904,97.2621078491211,100,0
1489,4318843.841370547,3162144.5358123686,92.52196502685547,100,0
1490,4318943.866374727,3162143.168021687,91.68158721923828,100,0
1491,4319043.891362545,3162141.8002349455,93.895721435546875,100,0
1492,4319143.916333969,3162140.4324521464,93.17646789550781,100,0
1493,4319243.941288968,3162139.0646732906,93.14115905761719,100,0
1494,4319343.966227511,3162137.6968983803,88.27937316894531,97,0
1495,4319443.991149571,3162136.3291274095,92.33971405029297,100,0
1496,4319544.016055113,3162134.961360383,63.13264846801758,100,1.1422333717346191
1497,4319644.040944107,3162133.5935973027,16.433887481689453,71,19.245283126831055
1498,4319744.065816523,3162132.2258381643,5.20097017288208,71,0.1211683452129364
1499,4319844.09067233,3162130.858082972,10.944986343383789,69,0.09483777731657028
1500,4319944.115511499,3162129.4903317266,0,0,0
1501,4320044.140333998,3162128.122584425,0,0,0
1502,4320144.165139795,3162126.7548410706,0,0,0
1503,4320244.18992886,3162125.3871016623,0,0,0
1504,4320344.214701165,3162124.019366202,48.139896392822266,89,0
1505,4320444.239456676,3162122.651634689,2.0466232299804688,80,0
1506,4320544.264195365,3162121.283907122,0,0,0
1507,4320644.288917197,3162119.916183504,0,0,0
1508,4320744.313622148,3162118.548463833,0,0,0
1509,4320844.338310179,3162117.180748115,31.805234909057617,78,0
1510,4320944.362981266,3162115.8130363435,0,0,0
1511,4321044.387635375,3162114.4453285253,27.454448699951172,87,0
1512,4321144.412272479,3162113.077624656,80.83043670654297,91,0
1513,4321244.436892543,3162111.709924736,78.054931640625,100,0
1514,4321344.461495538,3162110.34222877,86.6017837524414,100,0
1515,4321444.486081433,3162108.974536752,82.7621841430664,98,0
1516,4321544.510650199,3162107.6068486855,79.58052825927734,91,0
1517,4321644.535201803,3162106.239164576,85.28086853027344,97,0
1518,4321744.559736215,3162104.871484419,71.60877990722656,92,0
1519,4321844.584253403,3162103.503808214,26.66267204284668,88,0
1520,4321944.608753339,3162102.1361359614,0,0,0
1521,4322044.633235992,3162100.7684676643,10.329503059387207,91,0
1522,4322144.657701331,3162099.400803319,2.4923596382141113,80,0
1523,4322244.682149323,3162098.0331429304,34.73517990112305,90,0
1524,4322344.70657994,3162096.6654864983,29.499149322509766,91,0
1525,4322444.730993151,3162095.2978340206,15.593889236450195,85,0
1526,4322544.755388923,3162093.9301854987,87.96170806884766,100,0
1527,4322644.779767229,3162092.5625409335,90.5613784790039,99,0
1528,4322744.804128036,3162091.194900326,91.54268646240234,99,0
1529,4322844.828471311,3162089.827263676,93.28845977783203,99,0
1530,4322944.85279703,3162088.4596309857,93.41898345947266,100,0
1531,4323044.877105156,3162087.092002253,92.31720733642578,100,0
1560,4313441.099889387,3162118.376245106,1.1942243576049805,73,11.689397811889648
1561,4313541.125733059,3162117.008257803,6.668907165527344,69,31.827848434448242
1562,4313641.151562024,3162115.640274438,0.3371080160140991,50,34.11220169067383
1563,4313741.1773762535,3162114.2722950103,0,0,33.0471305847168
1564,4313841.203175715,3162112.904319519,0,0,26.030651092529297
1565,4313941.228960381,3162111.536347968,0,0,4.805617332458496
1566,4314041.254730218,3162110.1683803573,0,0,0.023467203602194786
1567,4314141.280485194,3162108.800416686,0,0,0
1568,4314241.306225282,3162107.432456955,19.856237411499023,88,0
1569,4314341.33195045,3162106.0645011654,18.650556564331055,83,0
1570,4314441.357660665,3162104.696549314,0,0,0
1571,4314541.3833559,3162103.3286014046,0,0,0
1572,4314641.409036123,3162101.9606574406,0,0,0
1573,4314741.4347013,3162100.5927174143,0,0,0
1574,4314841.4603514075,3162099.224781331,2.7863752841949463,77,0
1575,4314941.485986405,3162097.8568491926,0,0,0
1576,4315041.511606271,3162096.4889209964,0,0,0
1577,4315141.537210971,3162095.1209967467,0,0,0
1578,4315241.5628004735,3162093.753076439,0,0,0
1579,4315341.588374749,3162092.385160073,0,0,0
1580,4315441.613933766,3162091.017247657,5.019268989562988,73,13.15699577331543
1581,4315541.639477494,3162089.6493391874,51.51825714111328,99,11.014278411865234
1582,4315641.665005906,3162088.2814346617,16.203977584838867,69,0.6009598970413208
1583,4315741.690518963,3162086.9135340806,4.994575023651123,53,31.532928466796875
1584,4315841.716016644,3162085.545637447,12.094664573669434,56,36.778194427490234
1585,4315941.74149891,3162084.177744761,7.411170959472656,51,24.96588706970215
1586,4316041.766965733,3162082.809856025,13.567937850952148,59,24.238590240478516
1587,4316141.792417087,3162081.4419712354,11.028376579284668,71,30.235105514526367
1588,4316241.817852936,3162080.0740903933,12.104546546936035,73,43.855247497558594
1589,4316341.8432732485,3162078.7062135017,0.5040991306304932,52,81.76985168457031
1590,4316441.868677999,3162077.338340558,1.7722030878067017,51,61.92844009399414
1591,4316541.894067152,3162075.970471565,10.798697471618652,67,45.97813034057617
1592,4316641.919440681,3162074.6026065233,18.2985897064209,66,44.24443817138672
1593,4316741.944798551,3162073.2347454308,4.845403671264648,59,4.17232608795166
1594,4316841.970140733,3162071.8668882884,0,0,0
1595,4316941.995467198,3162070.4990350953,0,0,0
1596,4317042.020777913,3162069.1311858566,50.61161804199219,86,1.818735122680664
1597,4317142.04607285,3162067.7633405714,55.946651458740234,86,4.267626762390137
1598,4317242.071351974,3162066.3954992387,36.30467224121094,84,15.076534271240234
1599,4317342.096615259,3162065.027661857,66.55884552001953,94,0.3597845435142517
1600,4317442.1218626695,3162063.6598284277,72.59724426269531,95,0
1601,4317542.147094181,3162062.291998956,88.270904541015625,99,0
1602,4317642.172309757,3162060.9241734375,91.06971740722656,100,0
1603,4317742.197509368,3162059.556351871,94.703826904296875,100,0
1604,4317842.222692987,3162058.1885342603,94.600799560546875,100,0
1605,4317942.24786058,3162056.820720609,93.39923095703125,100,0
1606,4318042.273012116,3162055.4529109118,90.3745346069336,100,0
1607,4318142.298147566,3162054.0851051677,90.67891693115234,100,0
1608,4318242.3232669,3162052.717303381,92.27690124511719,100,0
1609,4318342.348370085,3162051.3495055544,95.37611389160156,100,0
1610,4318442.37345709,3162049.9817116847,93.13914489746094,100,0
1611,4318542.398527888,3162048.6139217727,93.12726593017578,99,0
1612,4318642.423582443,3162047.2461358192,91.15126037597656,100,0
1613,4318742.448620728,3162045.878353824,90.4699478149414,100,0
1614,4318842.473642713,3162044.510575788,92.6141357421875,100,0
1615,4318942.498648364,3162043.1428017123,93.47235870361328,100,0
1616,4319042.523637654,3162041.7750315964,93.54705047607422,100,0
1617,4319142.548610549,3162040.4072654406,92.956756591796875,100,0
1618,4319242.573567021,3162039.039503244,83.55292510986328,95,0
1619,4319342.598507037,3162037.6717450125,81.53900146484375,99,0
1620,4319442.623430567,3162036.3039907403,92.21412658691406,100,0
1621,4319542.648337582,3162034.936240432,43.761600494384766,100,11.88167953491211
1622,4319642.673228049,3162033.568494087,28.78329849243164,75,33.65077590942383
1623,4319742.698101938,3162032.200751701,15.92922306060791,58,16.80535888671875
1624,4319842.7229592195,3162030.8330132808,6.690109729766846,65,10.526679039001465
1625,4319942.747799861,3162029.4652788253,0,0,0
1626,4320042.772623833,3162028.0975483325,0,0,0
1627,4320142.797431106,3162026.729821804,0,0,0
1628,4320242.822221645,3162025.3620992415,7.998074531555176,82,0
1629,4320342.8469954245,3162023.9943806445,44.769126892089844,89,0
1630,4320442.871752409,3162022.6266660136,0,0,0
1631,4320542.896492573,3162021.25895535,0,0,0
1632,4320642.921215881,3162019.8912486527,0,0,0
1633,4320742.945922308,3162018.523545919,0,0,0
1634,4320842.970611815,3162017.155847154,0,0,0
1635,4320942.995284378,3162015.78815236,0,0,0
1636,4321043.019939966,3162014.4204615336,51.159385681152344,91,0
1637,4321143.044578544,3162013.052774676,78.514923095703125,89,0
1638,4321243.0692000855,3162011.6850917856,78.63462829589844,93,0
1639,4321343.093804556,3162010.3174128663,89.738006591796875,100,0
1640,4321443.118391928,3162008.949737917,82.7972412109375,100,0
1641,4321543.142962172,3162007.582066937,89.562347412109375,100,0
1642,4321643.167515255,3162006.214399931,90.097198486328125,100,0
1643,4321743.192051143,3162004.846736894,60.80009460449219,97,0
1644,4321843.216569811,3162003.4790778295,16.517868041992188,64,0
1645,4321943.241071227,3162002.111422736,6.326834678649902,60,0
1646,4322043.265555358,3162000.743771614,0,0,0
1647,4322143.290022175,3161999.3761244672,0.022224271669983864,65,0
1648,4322243.314471647,3161998.008481293,14.127421379089355,87,0
1649,4322343.338903744,3161996.640842092,42.32327651977539,98,0
1650,4322443.363318433,3161995.273206865,76.6042251586914,100,0
1651,4322543.387715686,3161993.905575615,89.48416900634766,97,0
1652,4322643.41209547,3161992.5379483383,92.1403579711914,98,0
1653,4322743.436457758,3161991.1703250366,94.3774185180664,100,0
1654,4322843.460802517,3161989.802705714,93.8078384399414,100,0
1655,4322943.485129714,3161988.4350903654,93.3799057006836,99,0
1684,4313139.654475682,3162022.4540790287,0,0,3.1119303703308105
1685,4313239.680364748,3162021.0860954695,0,0,28.812986373901367
1686,4313339.706239203,3162019.7181158676,0.4896537959575653,49,29.710481643676758
1687,4313439.732099012,3162018.350140216,0.28585660457611084,51,18.85845947265625
1688,4313539.757944145,3162016.9821685217,5.968326568603516,52,5.486130237579346
1689,4313639.783774576,3162015.614200785,0.5447962880134583,50,0.2649921476840973
1690,4313739.809590269,3162014.246237003,0,0,0
1691,4313839.8353911955,3162012.87827718,0,0,0
1692,4313939.861177326,3162011.510321313,0,0,0
1693,4314039.886948627,3162010.1423694026,0,0,0
1694,4314139.912705069,3162008.774421452,0,0,0
1695,4314239.938446624,3162007.4064774592,0.15156590938568115,49,0
1696,4314339.9641732555,3162006.0385374255,0,0,0
1697,4314439.989884939,3162004.670601352,0,0,0
1698,4314540.01558164,3162003.3026692388,0,0,0
1699,4314640.041263329,3162001.9347410877,1.1988879442214966,67,0
1700,4314740.066929975,3162000.566816894,54.425148010253906,91,0
1701,4314840.092581546,3161999.1988966595,11.36266803741455,73,0
1702,4314940.118218014,3161997.8309803875,0,0,0
1703,4315040.143839345,3161996.46306808,0,0,0
1704,4315140.169445515,3161995.0951597337,3.234462261199951,53,0
1705,4315240.195036484,3161993.7272553486,1.8682774305343628,48,0
1706,4315340.220612228,3161992.359354927,0.014047046191990376,45,0
1707,4315440.246172715,3161990.9914584714,7.854305744171143,82,14.119928359985352
1708,4315540.2717179125,3161989.6235659807,34.618247985839844,90,11.659523963928223
1709,4315640.29724779,3161988.255677452,7.6992645263671875,74,1.7410426139831543
1710,4315740.322762319,3161986.8877928862,8.688423156738281,61,21.05405616760254
1711,4315840.348261468,3161985.5199122876,5.564140319824219,57,37.333675384521484
1712,4315940.373745204,3161984.152035652,4.281495571136475,54,29.4216365814209
1713,4316040.399213498,3161982.7841629884,31.093204498291016,70,19.7445068359375
1714,4316140.424666321,3161981.416294289,7.232642650604248,53,34.497562408447266
1715,4316240.450103641,3161980.048429555,2.344982862472534,52,45.190216064453125
1716,4316340.475525426,3161978.6805687887,0.8693934082984924,45,81.98058319091797
1717,4316440.500931645,3161977.3127119904,3.1868865489959717,58,31.676862716674805
1718,4316540.526322273,3161975.944859161,8.511404037475586,68,39.42093276977539
1719,4316640.55169727,3161974.5770102986,1.0796151161193848,47,59.37451171875
1720,4316740.577056613,3161973.2091654064,4.402073383331299,53,6.093570232391357
1721,4316840.602400268,3161971.8413244826,0,0,0
1722,4316940.627728204,3161970.4734875276,4.337634563446045,82,0
1723,4317040.653040392,3161969.1056545456,50.246604919433594,91,0
1724,4317140.678336801,3161967.7378255343,74.52362060546875,88,0.19802984595298767
1725,4317240.703617399,3161966.3700004895,42.501670837402344,91,6.9381561279296875
1726,4317340.728882156,3161965.0021794196,29.491487503051758,83,2.1996893882751465
1727,4317440.754131042,3161963.634362322,37.0218620300293,91,0
1728,4317540.779364026,3161962.2665491975,86.00272369384766,98,0
1729,4317640.804581075,3161960.8987400443,92.8696517944336,100,0
1730,4317740.829782164,3161959.530934864,95.55729675292969,100,0
1731,4317840.854967255,3161958.1631336575,96.54412078857422,100,0
1732,4317940.880136324,3161956.7953364262,90.89105224609375,100,0
1733,4318040.905289334,3161955.427543169,89.89408874511719,100,0
1734,4318140.9304262595,3161954.059753883,90.809295654296875,100,0
1735,4318240.955547067,3161952.6919685737,90.6216049194336,100,0
1736,4318340.98065173,3161951.3241872415,96.0851058959961,100,0
1737,4318441.005740211,3161949.9564098874,92.14301300048828,100,0
1738,4318541.030812484,3161948.588636506,89.60015869140625,98,0
1739,4318641.055868517,3161947.220867102,86.691375732421875,95,0
1740,4318741.080908279,3161945.8531016754,87.28828430175781,100,0
1741,4318841.10593174,3161944.4853402255,94.99370574951172,100,0
1742,4318941.13093887,3161943.117582757,92.79383850097656,100,0
1743,4319041.155929636,3161941.7498292653,93.14147186279297,100,0
1744,4319141.180904008,3161940.382079751,91.80897521972656,100,0
1745,4319241.205861958,3161939.014334219,42.1392707824707,94,0
1746,4319341.230803452,3161937.6465926645,16.87411117553711,95,0
1747,4319441.255728462,3161936.2788550896,85.839111328125,100,0
1748,4319541.280636955,3161934.9111214983,45.52680969238281,95,29.25049591064453
1749,4319641.3055289015,3161933.5433918876,26.096513748168945,75,26.35711097717285
1750,4319741.33040427,3161932.175666257,21.815364837646484,67,39.470035552978516
1751,4319841.355263031,3161930.8079446093,22.144664764404297,73,28.3239803314209
1752,4319941.380105153,3161929.4402269414,3.20536237268243e-5,35,1.3737267181568313e-5
1753,4320041.404930605,3161928.0725132558,0,0,0.11146480590105057
1754,4320141.429739356,3161926.7048035553,0,0,0.03973909839987755
1755,4320241.454531378,3161925.3370978376,21.05332374572754,82,0
1756,4320341.479306636,3161923.969396106,22.652210235595703,88,0
1757,4320441.504065106,3161922.601698358,0,0,0
1758,4320541.528806748,3161921.234004595,0.42570212483406067,47,0
1759,4320641.553531538,3161919.8663148163,11.031980514526367,66,0
1760,4320741.578239445,3161918.498629021,0,0,0
1761,4320841.602930436,3161917.1309472136,0,0,0
1762,4320941.627604481,3161915.763269394,26.3990535736084,90,0
1763,4321041.65226155,3161914.39559556,80.24132537841797,95,0
1764,4321141.6769016115,3161913.0279257125,63.06424331665039,87,0
1765,4321241.701524634,3161911.660259853,42.05096435546875,95,0
1766,4321341.726130592,3161910.2925979835,17.253686904907227,94,0
1767,4321441.750719446,3161908.9249401004,1.6333307027816772,70,0
1768,4321541.775291173,3161907.5572862066,72.717681884765625,100,0
1769,4321641.799845738,3161906.1896363003,94.37825012207031,100,0
1770,4321741.824383112,3161904.8219903857,59.080326080322266,100,0
1771,4321841.848903265,3161903.4543484636,22.891088485717773,73,0
1772,4321941.873406164,3161902.0867105285,13.731358528137207,73,0
1773,4322041.89789178,3161900.719076583,0.23481425642967224,41,0
1774,4322141.922360084,3161899.351446633,54.68960189819336,82,0
1775,4322241.946811041,3161897.983820673,78.1253662109375,88,0
1776,4322341.971244623,3161896.616198704,65.38202667236328,95,0
1777,4322441.995660799,3161895.2485807296,86.01261138916016,96,0
1778,4322542.020059538,3161893.88096675,90.44591522216797,97,0
1779,4322642.04444081,3161892.5133567615,94.45347595214844,100,0
1780,4322742.068804585,3161891.1457507657,94.92327117919922,100,0
1781,4322842.093150828,3161889.778148766,93.7643814086914,100,0
1813,4313038.260792308,3161923.7959004254,0.6866750717163086,59,26.47848892211914
1814,4313138.286697425,3161922.427928448,1.1591796875,44,24.24532127380371
1815,4313238.3125879625,3161921.0599604454,0.4197031259536743,42,1.6397557258605957
1816,4313338.338463884,3161919.6919964147,0,0,0
1817,4313438.364325164,3161918.3240363537,0,0,0
1818,4313538.390171768,3161916.956080269,0,0,0
1819,4313638.416003669,3161915.588128162,0,0,0
1820,4313738.441820832,3161914.220180029,0,0,0
1821,4313838.467623231,3161912.852235872,0,0,0
1822,4313938.493410831,3161911.484295686,0,0,0
1823,4314038.519183604,3161910.1163594765,0.027290618047118187,66,0
1824,4314138.544941518,3161908.7484272486,13.475314140319824,92,0
1825,4314238.570684542,3161907.3804989955,3.929445505142212,60,0
1826,4314338.596412649,3161906.012574718,0,0,0
1827,4314438.6221258035,3161904.644654421,0,0,0
1828,4314538.647823976,3161903.276738102,0,0,0
1829,4314638.673507139,3161901.9088257626,38.24789810180664,92,0
1830,4314738.699175256,3161900.540917401,38.64716339111328,99,0
1831,4314838.724828302,3161899.1730130175,1.2482683658599854,66,0
1832,4314938.750466243,3161897.8051126143,0,0,0
1833,4315038.77608905,3161896.4372161916,0,0,0
1834,4315138.801696692,3161895.0693237493,2.4131860733032227,53,0
1835,4315238.827289136,3161893.7014352875,0.37448278069496155,48,0
1836,4315338.8528663535,3161892.333550808,0,0,0
1837,4315438.878428316,3161890.9656703146,12.717764854431152,78,11.778096199035645
1838,4315538.903974988,3161889.5977938,39.79487991333008,86,10.765645027160645
1839,4315638.929506339,3161888.2299212683,20.887163162231445,83,27.191970825195312
1840,4315738.955022344,3161886.8620527196,11.651191711425781,61,40.970516204833984
1841,4315838.980522969,3161885.494188153,2.621051788330078,55,58.96489334106445
1842,4315939.006008182,3161884.1263275743,3.2709786891937256,47,47.47136688232422
1843,4316039.031477954,3161882.7584709786,10.646299362182617,57,30.067455291748047
1844,4316139.056932251,3161881.3906183676,12.792314529418945,56,45.08366394042969
1845,4316239.082371048,3161880.022769743,12.341245651245117,57,38.02462387084961
1846,4316339.107794308,3161878.654925103,2.6387412548065186,66,21.17383575439453
1847,4316439.133202008,3161877.287084449,13.072962760925293,66,39.76542282104492
1848,4316539.158594109,3161875.9192477823,28.88570213317871,70,28.789390563964844
1849,4316639.183970586,3161874.551415101,11.533782005310059,72,54.8540153503418
1850,4316739.209331407,3161873.1835864102,19.68575668334961,88,14.944775581359863
1851,4316839.234676539,3161871.815761703,28.37157440185547,88,0
1852,4316939.2600059565,3161870.4479409857,65.098175048828125,95,0
1853,4317039.285319623,3161869.0801242595,83.17951202392578,95,0
1854,4317139.310617509,3161867.712311521,51.435359954833984,92,0
1855,4317239.335899587,3161866.344502771,41.930213928222656,92,0
1856,4317339.361165824,3161864.976698011,16.055967330932617,81,0
1857,4317439.386416188,3161863.608897242,18.79938316345215,90,0
1858,4317539.411650653,3161862.241100465,78.299835205078125,100,0
1859,4317639.436869183,3161860.873307679,90.5775375366211,98,0
1860,4317739.462071749,3161859.5055188835,93.7783203125,100,0
1861,4317839.487258324,3161858.1377340783,95.580657958984375,100,0
1862,4317939.512428873,3161856.7699532667,88.654388427734375,100,0
1863,4318039.537583365,3161855.402176451,87.18949127197266,98,0
1864,4318139.562721773,3161854.034403624,91.23290252685547,100,0
1865,4318239.587844063,3161852.666634791,92.04386901855469,100,0
1866,4318339.612950205,3161851.2988699535,96.28162384033203,100,0
1867,4318439.638040168,3161849.9311091113,90.31219482421875,100,0
1868,4318539.663113925,3161848.563352264,90.8734130859375,100,0
1869,4318639.68817144,3161847.1955994107,89.46440124511719,99,0
1870,4318739.713212686,3161845.8278505523,90.0533218383789,99,0
1871,4318839.73823763,3161844.4601056897,92.328155517578125,100,0
1872,4318939.763246242,3161843.0923648253,91.93695068359375,100,0
1873,4319039.788238491,3161841.7246279563,92.48668670654297,100,0
1874,4319139.81321435,3161840.356895086,77.43663787841797,96,0
1875,4319239.838173782,3161838.9891662165,11.887054443359375,79,0
1876,4319339.863116762,3161837.621441344,17.50817108154297,88,0
1877,4319439.888043255,3161836.2537204665,83.4397201538086,95,0
1878,4319539.912953234,3161834.886003589,35.03849792480469,85,19.631444931030273
1879,4319639.937846664,3161833.5182907097,23.120948791503906,71,29.422517776489258
1880,4319739.962723519,3161832.150581835,24.435283660888672,59,38.03532028198242
1881,4319839.987583766,3161830.78287696,25.17434310913086,70,35.484928131103516
1882,4319940.012427372,3161829.415176081,10.356527328491211,74,35.929508209228516
1883,4320040.037254311,3161828.0474792034,0.0011104624718427658,34,50.871192932128906
1884,4320140.062064549,3161826.6797863306,2.688157796859741,49,47.63063049316406
1885,4320240.086858057,3161825.3120974605,33.03581237792969,87,5.895585060119629
1886,4320340.111634802,3161823.9444125914,13.095837593078613,83,0
1887,4320440.136394759,3161822.576731726,2.1285433769226074,48,0
1888,4320540.161137889,3161821.209054861,9.616313934326172,65,0
1889,4320640.185864167,3161819.8413820034,35.2774772644043,67,0
1890,4320740.210573562,3161818.473713147,0,0,0
1891,4320840.235266042,3161817.1060482957,45.42723083496094,94,0
1892,4320940.259941573,3161815.738387449,84.50023651123047,98,0
1893,4321040.284600131,3161814.3707306087,73.91666412353516,92,0
1894,4321140.309241682,3161813.003077773,31.89697265625,78,0
1895,4321240.333866196,3161811.6354289446,0,0,0
1896,4321340.35847364,3161810.2677841224,0.619577944278717,32,0
1897,4321440.383063984,3161808.900143306,17.189001083374023,72,0
1898,4321540.407637201,3161807.5325064966,67.874786376953125,94,0
1899,4321640.432193257,3161806.164873693,93.06684875488281,100,0
1900,4321740.456732122,3161804.7972449,56.340545654296875,100,0
1901,4321840.481253765,3161803.4296201183,21.931982040405273,60,0
1902,4321940.505758154,3161802.061999343,7.490537166595459,51,0
1903,4322040.530245263,3161800.6943825763,0,0,0
1904,4322140.554715056,3161799.3267698213,38.242149353027344,72,0
1905,4322240.579167506,3161797.959161075,46.8216438293457,77,0
1906,4322340.60360258,3161796.591556338,12.51303768157959,81,0
1907,4322440.628020249,3161795.2239556154,73.77860260009766,98,0
1908,4322540.652420479,3161793.8563589053,92.3998794555664,100,0
1909,4322640.676803244,3161792.4887662064,93.5545425415039,100,0
1910,4322740.701168509,3161791.121177516,93.94474792480469,100,0
1946,4312936.867107945,3161825.1376957763,0.4276929199695587,48,35.74470901489258
1947,4313036.893029085,3161823.7697353447,9.905394554138184,67,12.274873733520508
1948,4313136.91893568,3161822.401778904,0,0,0.12164589762687683
1949,4313236.944827692,3161821.033826453,0,0,0
1950,4313336.970705091,3161819.6658779965,0,0,0
1951,4313436.996567846,3161818.2979335277,0,0,0
1952,4313537.022415927,3161816.9299930544,0,0,0
1953,4313637.0482493015,3161815.562056575,0,0,0
1954,4313737.074067945,3161814.1941240886,0,0,0
1955,4313837.099871819,3161812.8261955944,0,0,0
1956,4313937.125660895,3161811.4582710927,0,0,5.4133076667785645
1957,4314037.151435146,3161810.0903505874,19.557771682739258,89,0
1958,4314137.177194539,3161808.72243408,3.837859869003296,89,0
1959,4314237.202939042,3161807.3545215656,0.325885146856308,41,0
1960,4314337.228668624,3161805.986613046,0,0,0
1961,4314437.254383257,3161804.618708525,0,0,0
1962,4314537.28008291,3161803.2508079996,0,0,0
1963,4314637.30576755,3161801.882911471,57.766971588134766,94,0
1964,4314737.331437148,3161800.515018942,29.27643585205078,98,0
1965,4314837.357091673,3161799.1471304074,1.3470783233642578,67,0
1966,4314937.382731093,3161797.7792458707,0,0,0
1967,4315037.4083553795,3161796.411365336,3.983703851699829,78,0
1968,4315137.4339645,3161795.043488798,50.999603271484375,99,1.299088716506958
1969,4315237.459558426,3161793.675616261,53.385929107666016,94,0.07147807627916336
1970,4315337.4851371255,3161792.307747724,19.330415725708008,84,1.7099074125289917
1971,4315437.510700568,3161790.939883188,14.360894203186035,79,16.046682357788086
1972,4315537.53624872,3161789.5720226513,36.405738830566406,85,14.813238143920898
1973,4315637.561781556,3161788.2041661185,1.501678228378296,63,48.6688117980957
1974,4315737.587299041,3161786.8363135876,11.105676651000977,63,38.8238525390625
1975,4315837.612801148,3161785.468465056,5.657884120941162,59,67.54944610595703
1976,4315937.638287842,3161784.100620528,3.0935254096984863,65,61.87849807739258
1977,4316037.663759096,3161782.7327800016,6.770900249481201,75,55.69713592529297
1978,4316137.689214877,3161781.3649434797,15.671688079833984,76,47.63063049316406
1979,4316237.714655156,3161779.9971109633,3.6348681449890137,56,65.45777130126953
1980,4316337.7400799,3161778.6292824503,1.2139426469802856,47,28.07742691040039
1981,4316437.765489083,3161777.2614579406,1.8679355382919312,45,57.38758087158203
1982,4316537.7908826675,3161775.8936374346,26.727378845214844,67,29.949966430664062
1983,4316637.816260629,3161774.525820939,23.904617309570312,68,25.01399040222168
1984,4316737.841622934,3161773.1580084455,28.887981414794922,86,17.220977783203125
1985,4316837.866969551,3161771.7901999583,38.78403091430664,89,8.210288047790527
1986,4316937.892300451,3161770.4223954803,22.780513763427734,92,21.868850708007812
1987,4317037.917615603,3161769.054595006,9.384561538696289,83,5.492939472198486
1988,4317137.942914975,3161767.6867985423,20.615558624267578,84,0
1989,4317237.968198539,3161766.319006087,0,0,0
1990,4317337.99346626,3161764.9512176374,0,0,0
1991,4317438.018718111,3161763.583433196,0.652375340461731,66,0
1992,4317538.043954061,3161762.2156527666,1.9294079542160034,89,0
1993,4317638.069174079,3161760.847876345,17.699138641357422,95,0
1994,4317738.094378132,3161759.480103933,47.34111404418945,96,0
1995,4317838.119566192,3161758.112335532,88.47917175292969,100,0
1996,4317938.144738229,3161756.744571142,91.25141143798828,98,0
1997,4318038.169894208,3161755.376810764,89.202484130859375,96,0
1998,4318138.195034103,3161754.009054396,92.88191223144531,100,0
1999,4318238.220157881,3161752.641302041,88.9430923461914,100,0
2000,4318338.245265511,3161751.2735536983,95.41932678222656,100,0
2001,4318438.270356964,3161749.905809368,92.169952392578125,100,0
2002,4318538.295432207,3161748.538069052,93.6181411743164,100,0
2003,4318638.320491213,3161747.17033275,93.49732208251953,100,0
2004,4318738.3455339465,3161745.8026004587,89.32472229003906,100,0
2005,4318838.370560381,3161744.434872185,93.13057708740234,100,0
2006,4318938.395570483,3161743.067147925,95.23774719238281,100,0
2007,4319038.420564222,3161741.6994276815,91.7292709350586,100,0
2008,4319138.445541569,3161740.3317114557,37.05683135986328,92,0
2009,4319238.470502494,3161738.963999244,11.046449661254883,57,0
2010,4319338.495446962,3161737.59629105,69.39515686035156,100,0
2011,4319438.520374947,3161736.228586871,57.17741012573242,100,16.564970016479492
2012,4319538.545286415,3161734.8608867107,30.1312255859375,74,19.758544921875
2013,4319638.570181338,3161733.493190566,21.623310089111328,71,38.59546661376953
2014,4319738.595059685,3161732.1254984434,32.442020416259766,69,30.054109573364258
2015,4319838.619921423,3161730.7578103403,30.07589340209961,73,28.651660919189453
2016,4319938.644766523,3161729.3901262535,27.69587516784668,77,31.858753204345703
2017,4320038.669594953,3161728.0224461867,0.8194381594657898,43,69.8187026977539
2018,4320138.6944066845,3161726.6547701396,0.11867783218622208,37,61.016204833984375
2019,4320238.719201684,3161725.2870981125,31.89044952392578,84,5.345157623291016
2020,4320338.743979924,3161723.9194301073,4.212983131408691,74,0
2021,4320438.768741371,3161722.5517661246,32.19842529296875,93,0
2022,4320538.793485997,3161721.184106159,23.21462059020996,74,0
2023,4320638.818213768,3161719.8164502177,0.12622220814228058,54,0
2024,4320738.842924657,3161718.4487983016,0,0,0
2025,4320838.86761863,3161717.081150404,75.18342590332031,94,0
2026,4320938.892295657,3161715.7135065314,88.68955993652344,96,0
2027,4321038.91695571,3161714.3458666853,81.12518310546875,96,0
2028,4321138.941598755,3161712.9782308596,40.5890007019043,90,0
2029,4321238.9662247645,3161711.6105990624,0,0,0
2030,4321338.990833704,3161710.242971287,0,0,0
2031,4321439.015425546,3161708.8753475365,3.8520071506500244,46,0
2032,4321539.040000258,3161707.507727816,6.294296741485596,73,0
2033,4321639.06455781,3161706.1401121174,13.772249221801758,91,0
2034,4321739.089098171,3161704.772500444,13.798526763916016,89,0
2035,4321839.11362131,3161703.4048928004,0,0,0
2036,4321939.1381271975,3161702.037289186,0,0,0
2037,4322039.162615803,3161700.669689598,0,0,0
2038,4322139.187087094,3161699.3020940376,0,0,0
2039,4322239.211541041,3161697.9345025066,0,0,0
2040,4322339.235977612,3161696.5669150027,3.2333881855010986,74,0
2041,4322439.2603967795,3161695.199331528,79.9140853881836,96,0
2042,4322539.284798511,3161693.831752086,91.08892822265625,98,0
2043,4322639.309182773,3161692.4641766762,94.6685791015625,100,0
2080,4312835.473422601,3161726.479465146,6.842446327209473,72,34.79360580444336
2081,4312935.499359745,3161725.111516221,1.1347001791000366,49,8.787111282348633
2082,4313035.525282372,3161723.743571307,20.03983497619629,76,6.64492130279541
2083,4313135.551190445,3161722.3756304006,17.60720443725586,76,2.622370481491089
2084,4313235.577083941,3161721.007693505,0,0,14.44652271270752
2085,4313335.60296282,3161719.63976062,1.2790956497192383,40,12.263632774353027
2086,4313435.628827057,3161718.271831744,0,0,20.059614181518555
2087,4313535.654676621,3161716.9039068795,1.8586870431900024,45,8.565690994262695
2088,4313635.68051148,3161715.5359860286,0,0,0
2089,4313735.706331602,3161714.1680691885,0,0,0
2090,4313835.732136961,3161712.800156358,0.7543035745620728,53,0
2091,4313935.75792752,3161711.432247542,25.585424423217773,83,2.8808436393737793
2092,4314035.7837032555,3161710.064342742,9.042210578918457,83,0
2093,4314135.80946413,3161708.6964419526,0,0,0
2094,4314235.835210118,3161707.3285451736,0,0,0
2095,4314335.860941185,3161705.96065241,0,0,0
2096,4314435.886657303,3161704.592763668,0,0,0
2097,4314535.91235844,3161703.224878937,2.3815975189208984,80,0
2098,4314635.938044566,3161701.85699822,74.272430419921875,93,0
2099,4314735.963715649,3161700.4891215223,15.118021011352539,86,0
2100,4314835.989371658,3161699.121248837,0.7394805550575256,37,0
2101,4314936.015012564,3161697.7533801706,0.7194948196411133,36,0
2102,4315036.040638339,3161696.3855155213,0.6432978510856628,77,0
2103,4315136.066248946,3161695.017654888,12.5137300491333,84,0
2104,4315236.091844358,3161693.649798276,0.494186133146286,71,0.41192951798439026
2105,4315336.117424543,3161692.281945682,0,0,4.621907711029053
2106,4315436.1429894725,3161690.914097103,21.008710861206055,90,21.946626663208008
2107,4315536.168539113,3161689.546252547,9.115884780883789,77,41.03873825073242
2108,4315636.194073436,3161688.17841201,0,0,97.049224853515625
2109,4315736.219592409,3161686.8105754945,3.016611337661743,60,79.9192123413086
2110,4315836.245096003,3161685.442742998,0.44782567024230957,59,95.65826416015625
2111,4315936.270584186,3161684.074914519,1.6638892889022827,64,68.04710388183594
2112,4316036.296056929,3161682.707090066,5.959371566772461,50,63.30162048339844
2113,4316136.3215141995,3161681.339269635,7.7457499504089355,52,50.430511474609375
2114,4316236.346955966,3161679.9714532243,0.7797015309333801,48,68.7064208984375
2115,4316336.372382201,3161678.6036408367,13.63668155670166,66,50.50602722167969
2116,4316436.397792871,3161677.2358324714,17.861637115478516,79,38.91147994995117
2117,4316536.423187947,3161675.8680281304,30.763765335083008,75,28.710927963256836
2118,4316636.448567399,3161674.500227815,16.399198532104492,79,49.089847564697266
2119,4316736.473931192,3161673.1324315215,10.640975952148438,69,50.666500091552734
2120,4316836.499279302,3161671.7646392533,2.507167339324951,45,56.55913543701172
2121,4316936.524611692,3161670.396851011,8.54279899597168,60,46.12371826171875
2122,4317036.549928335,3161669.029066792,15.042750358581543,69,10.599244117736816
2123,4317136.575229197,3161667.6612866,0,0,0
2124,4317236.600514253,3161666.2935104384,0,0,0
2125,4317336.625783466,3161664.925738299,0,0,0
2126,4317436.65103681,3161663.557970186,14.930423736572266,75,0
2127,4317536.67627425,3161662.190206103,2.0706605911254883,66,0
2128,4317636.701495763,3161660.8224460487,0,0,0
2129,4317736.726701308,3161659.4546900196,0.3697437047958374,37,0
2130,4317836.751890862,3161658.086938021,27.289813995361328,88,0
2131,4317936.77706439,3161656.719190051,32.717220306396484,97,0
2132,4318036.8022218635,3161655.3514461126,66.44554901123047,96,0
2133,4318136.827363252,3161653.9837062047,93.22776794433594,100,0
2134,4318236.852488524,3161652.6159703266,93.76361846923828,100,0
2135,4318336.877597649,3161651.2482384797,94.57588958740234,100,0
2136,4318436.902690595,3161649.8805106627,95.0245132446289,100,0
2137,4318536.9277673345,3161648.5127868783,94.78177642822266,100,0
2138,4318636.952827834,3161647.1450671246,92.50291442871094,100,0
2139,4318736.977872064,3161645.777351404,94.4876937866211,100,0
2140,4318837.002899993,3161644.4096397175,95.75061798095703,100,0
2141,4318937.0279115895,3161643.041932064,94.54437255859375,100,0
2142,4319037.052906828,3161641.674228444,84.30244445800781,100,0
2143,4319137.07788567,3161640.3065288593,6.470265865325928,92,0
2144,4319237.10284809,3161638.938833309,39.344322204589844,88,0
2145,4319337.127794056,3161637.571141793,83.5943374633789,100,0
2146,4319437.152723538,3161636.2034543115,44.02051544189453,100,26.825668334960938
2147,4319537.177636505,3161634.835770867,18.329496383666992,69,38.772342681884766
2148,4319637.202532924,3161633.4680914604,20.200634002685547,71,40.01784133911133
2149,4319737.227412768,3161632.100416091,23.895626068115234,71,36.86143112182617
2150,4319837.252276003,3161630.732744758,20.346242904663086,66,40.920318603515625
2151,4319937.277122603,3161629.365077461,29.30120277404785,66,28.50922393798828
2152,4320037.301952531,3161627.9974142024,1.7632273435592651,48,65.05955505371094
2153,4320137.326765761,3161626.6297549815,0.17748482525348663,37,88.568023681640625
2154,4320237.351562259,3161625.262099798,21.1646671295166,70,8.3267240524292
2155,4320337.376341999,3161623.894448657,2.9176011085510254,64,0
2156,4320437.401104946,3161622.526801556,2.9106922149658203,72,0
2157,4320537.42585107,3161621.1591584943,7.594966411590576,63,0
2158,4320637.450580343,3161619.7915194714,8.869507789611816,72,0
2159,4320737.47529273,3161618.42388449,0.12698109447956085,49,0
2160,4320837.499988204,3161617.0562535506,55.710758209228516,97,0
2161,4320937.524666734,3161615.6886266517,89.65684509277344,99,0
2162,4321037.549328286,3161614.321003798,72.77779388427734,95,0
2163,4321137.573972834,3161612.953384984,20.95520782470703,88,0
2164,4321237.598600343,3161611.5857702126,0.08592627197504044,47,0
2165,4321337.623210784,3161610.2181594856,0,0,0
2166,4321437.647804128,3161608.8505528034,0,0,0
2167,4321537.672380342,3161607.482950166,2.843013048171997,55,0
2168,4321637.696939398,3161606.115351573,0.1737462729215622,28,0
2169,4321737.72148126,3161604.7477570237,3.3096749782562256,57,0
2170,4321837.746005902,3161603.3801665213,0,0,0
2171,4321937.770513294,3161602.0125800655,0,0,0
2172,4322037.795003404,3161600.6449976545,0,0,0
2173,4322137.8194761975,3161599.2774192877,0,0,0
2174,4322237.843931647,3161597.909844972,0,0,0
2175,4322337.868369724,3161596.542274703,11.260345458984375,84,0
2176,4322437.892790396,3161595.174708479,83.67555236816406,92,0
2177,4322537.917193631,3161593.8071463043,93.11235046386719,100,0
2215,4312734.079736291,3161627.8212085897,18.178865432739258,79,29.932538986206055
2216,4312834.105689413,3161626.4532711366,0,0,52.47091293334961
2217,4312934.131628049,3161625.0853377115,0,0,1.5678129196166992
2218,4313034.157552159,3161623.717408315,4.86598539352417,52,50.429710388183594
2219,4313134.183461722,3161622.3494829466,15.9531888961792,77,41.139808654785156
2220,4313234.209356703,3161620.981561606,10.564560890197754,65,56.89952850341797
2221,4313334.235237071,3161619.613644293,2.4321608543395996,52,65.355377197265625
2222,4313434.261102797,3161618.245731008,4.298409938812256,58,62.691436767578125
2223,4313534.286953848,3161616.877821753,7.0738205909729,70,44.619171142578125
2224,4313634.312790196,3161615.509916528,1.761121153831482,70,0
2225,4313734.33861181,3161614.1420153356,8.298382759094238,77,0
2226,4313834.364418656,3161612.774118172,6.092345714569092,79,0.5482878088951111
2227,4313934.390210708,3161611.4062250396,11.923823356628418,82,0
2228,4314034.415987929,3161610.038335938,0,0,0
2229,4314134.441750295,3161608.6704508695,0,0,0
2230,4314234.467497773,3161607.3025698336,0,0,0
2231,4314334.493230333,3161605.934692828,0,0,0
2232,4314434.51894794,3161604.5668198583,0,0,0
2233,4314534.544650567,3161603.1989509217,10.155139923095703,80,0.07326387614011765
2234,4314634.570338184,3161601.8310860177,78.0244140625,90,0.3375012278556824
2235,4314734.596010759,3161600.46322515,13.601886749267578,89,0
2236,4314834.62166826,3161599.095368317,0,0,0
2237,4314934.64731066,3161597.7275155187,0,0,0
2238,4315034.672937922,3161596.3596667536,0,0,0
2239,4315134.698550025,3161594.9918220257,0,0,0
2240,4315234.72414693,3161593.623981337,0,0,0
2241,4315334.749728607,3161592.2561446833,0,0,0
2242,4315434.77529503,3161590.888312067,15.84287166595459,85,20.14103889465332
2243,4315534.800846163,3161589.5204834873,8.297911643981934,77,45.19374465942383
2244,4315634.82638198,3161588.152658947,0,0,95.285003662109375
2245,4315734.851902449,3161586.784838443,2.024160146713257,58,86.73771667480469
2246,4315834.877407535,3161585.417021983,0,0,91.65071868896484
2247,4315934.902897213,3161584.0492095607,0,0,87.6611557006836
2248,4316034.928371451,3161582.681401177,5.377741813659668,52,68.24241638183594
2249,4316134.953830215,3161581.313596833,9.078721046447754,66,60.927024841308594
2250,4316234.979273478,3161579.9457965316,4.087823390960693,66,75.59767150878906
2251,4316335.004701209,3161578.5780002703,16.81999397277832,69,57.944679260253906
2252,4316435.030113375,3161577.210208048,7.842651844024658,79,62.78021240234375
2253,4316535.055509947,3161575.842419871,11.057048797607422,64,56.270198822021484
2254,4316635.080890894,3161574.4746357356,16.418420791625977,84,55.6380500793457
2255,4316735.106256184,3161573.106855642,13.658797264099121,65,42.34772872924805
2256,4316835.131605789,3161571.739079592,5.948746681213379,53,54.36309051513672
2257,4316935.156939676,3161570.3713075863,18.184974670410156,83,41.762630462646484
2258,4317035.182257815,3161569.003539624,31.364421844482422,92,19.678009033203125
2259,4317135.20756018,3161567.6357757067,21.97726821899414,83,20.5022029876709
2260,4317235.232846729,3161566.2680158336,21.023340225219727,74,3.3612098693847656
2261,4317335.258117443,3161564.900260006,0,0,0
2262,4317435.283372284,3161563.532508222,0,0,0
2263,4317535.308611224,3161562.164760484,0,0,0
2264,4317635.333834232,3161560.797016795,0,0,0
2265,4317735.359041277,3161559.429277153,0.34932583570480347,61,0
2266,4317835.384232331,3161558.0615415554,3.2671291828155518,64,0
2267,4317935.409407358,3161556.6938100066,4.62496280670166,71,0
2268,4318035.434566331,3161555.326082509,72.56006622314453,94,0
2269,4318135.45970922,3161553.9583590585,77.793914794921875,100,0
2270,4318235.484835992,3161552.590639656,95.21589660644531,100,0
2271,4318335.509946617,3161551.222924303,96.24260711669922,100,0
2272,4318435.535041066,3161549.855213,98.017486572265625,100,0
2273,4318535.560119304,3161548.487505747,95.75305938720703,100,0
2274,4318635.585181306,3161547.1198025444,93.6771469116211,100,0
2275,4318735.610227034,3161545.752103395,96.157440185546875,100,0
2276,4318835.635256468,3161544.384408295,95.825439453125,100,0
2277,4318935.660269567,3161543.0167172463,93.03593444824219,100,0
2278,4319035.685266305,3161541.6490302496,49.07844924926758,97,0
2279,4319135.71024665,3161540.281347306,0,0,0
2280,4319235.735210573,3161538.9136684183,52.77833557128906,95,0
2281,4319335.760158042,3161537.54599358,54.15871047973633,93,15.446403503417969
2282,4319435.785089028,3161536.1783227967,15.317082405090332,81,45.420616149902344
2283,4319535.810003498,3161534.810656069,19.56594467163086,68,41.538612365722656
2284,4319635.8349014195,3161533.442993397,28.517663955688477,73,36.50926971435547
2285,4319735.859782768,3161532.07533478,19.232192993164062,66,39.96080780029297
2286,4319835.884647508,3161530.707680218,17.76859474182129,53,39.01235580444336
2287,4319935.90949561,3161529.3400297095,28.519922256469727,66,33.388484954833984
2288,4320035.934327044,3161527.972383259,14.479227066040039,57,53.80671691894531
2289,4320135.959141778,3161526.6047408683,0.05385937914252281,25,58.128536224365234
2290,4320235.9839397855,3161525.237102529,2.139336585998535,53,2.442530632019043
2291,4320336.008721027,3161523.8694682503,1.262779951095581,61,0.7994526624679565
2292,4320436.033485481,3161522.5018380308,55.99809265136719,93,0
2293,4320536.058233112,3161521.1342118704,4.905385494232178,48,0
2294,4320636.082963888,3161519.7665897664,19.5910701751709,87,0
2295,4320736.107677783,3161518.398971722,0,0,0
2296,4320836.132374763,3161517.031357739,54.349830627441406,91,0
2297,4320936.157054798,3161515.6637478154,14.984451293945312,94,0
2298,4321036.1817178605,3161514.2961419527,7.372522354125977,80,0
2299,4321136.206363912,3161512.928540151,0,0,0
2300,4321236.230992931,3161511.5609424096,0,0,0
2301,4321336.255604881,3161510.19334873,0,0,0
2302,4321436.280199732,3161508.825759113,0,0,0
2303,4321536.304777455,3161507.45817356,2.782327175140381,55,0
2304,4321636.329338018,3161506.0905920686,0.5765749216079712,39,0
2305,4321736.353881391,3161504.7230146434,4.735733509063721,60,0
2306,4321836.378407542,3161503.355441281,0,0,0
2307,4321936.402916442,3161501.9878719836,0,0,0
2308,4322036.42740806,3161500.620306749,0,0,0
2309,4322136.451882365,3161499.2527455785,0,0,0
2310,4322236.476339325,3161497.885188477,0,0,0
2311,4322336.500778913,3161496.51763544,0.7308526635169983,75,0
2312,4322436.5252010925,3161495.1500864676,8.391791343688965,82,0
2313,4322536.549605839,3161493.782541562,51.07927703857422,100,0
2354,4312732.712018105,3161527.7950001545,5.403844833374023,79,41.630592346191406
2355,4312832.737972722,3161526.4270781847,3.2530417442321777,68,48.380252838134766
2356,4312932.763912848,3161525.0591602568,0,0,0
2357,4313032.789838455,3161523.691246378,0,0,2.156409502029419
2358,4313132.815749511,3161522.323336546,0,0,69.25205993652344
2359,4313232.841645984,3161520.955430758,16.68962860107422,75,38.11521530151367
2360,4313332.867527847,3161519.58752902,8.012359619140625,65,11.781769752502441
2361,4313432.893395068,3161518.2196313264,7.179960250854492,63,38.68214416503906
2362,4313532.919247613,3161516.8517376794,5.274618625640869,70,61.5182991027832
2363,4313632.945085457,3161515.4838480838,9.388893127441406,75,2.987189769744873
2364,4313732.970908564,3161514.115962535,2.2733912467956543,73,2.0516836643218994
2365,4313832.996716907,3161512.7480810373,1.0792386531829834,56,2.2768421173095703
2366,4313933.022510452,3161511.3802035875,0,0,0
2367,4314033.0482891705,3161510.012330188,3.634105920791626,65,0.40065884590148926
2368,4314133.074053033,3161508.6444608397,8.232575416564941,66,2.8745362758636475
2369,4314233.099802008,3161507.2765955445,9.353638648986816,66,19.670726776123047
2370,4314333.125536061,3161505.9087342983,8.331562042236328,60,19.886205673217773
2371,4314433.151255167,3161504.540877104,9.720778465270996,55,38.20503234863281
2372,4314533.176959293,3161503.1730239606,18.400081634521484,75,15.791932106018066
2373,4314633.202648407,3161501.80517487,54.89563751220703,90,9.539794921875
2374,4314733.228322479,3161500.437329829,41.60758590698242,90,0
2375,4314833.2539814785,3161499.0694888467,0,0,0
2376,4314933.279625374,3161497.7016519164,0,0,0
2377,4315033.305254139,3161496.333819039,0,0,0
2378,4315133.3308677375,3161494.965990216,0,0,0
2379,4315233.356466141,3161493.598165446,0,0,0
2380,4315333.3820493175,3161492.2303447365,0,0,0
2381,4315433.40761724,3161490.8625280815,17.976869583129883,88,14.919734954833984
2382,4315533.433169873,3161489.494715481,6.328855037689209,71,53.822486877441406
2383,4315633.458707188,3161488.126906937,0,0,96.38489532470703
2384,4315733.484229157,3161486.7591024498,8.91577434539795,60,51.5211181640625
2385,4315833.509735747,3161485.3913020194,1.0029799938201904,43,54.9713249206543
2386,4315933.535226924,3161484.023505651,28.998340606689453,81,15.319132804870605
2387,4316033.56070266,3161482.6557133384,64.43544006347656,100,9.383931159973145
2388,4316133.5861629285,3161481.2879250827,40.35470199584961,98,24.032371520996094
2389,4316233.611607692,3161479.920140889,5.548330783843994,75,76.69122314453125
2390,4316333.637036924,3161478.5523607554,4.3429107666015625,52,65.42384338378906
2391,4316433.662450592,3161477.184584679,3.65096116065979,53,49.78043746948242
2392,4316533.687848669,3161475.81681266,10.424193382263184,71,63.29441452026367
2393,4316633.713231116,3161474.4490447054,7.17803955078125,69,65.99161529541016
2394,4316733.738597909,3161473.0812808136,25.060935974121094,72,39.347782135009766
2395,4316833.763949016,3161471.7135209823,22.38738250732422,77,36.8378791809082
2396,4316933.789284408,3161470.3457652126,28.801715850830078,83,31.97256088256836
2397,4317033.814604051,3161468.9780135057,18.53659439086914,85,42.81865692138672
2398,4317133.839907915,3161467.6102658603,9.732622146606445,58,54.20827102661133
2399,4317233.86519597,3161466.242522279,26.494384765625,77,10.912277221679688
2400,4317333.890468188,3161464.8747827653,0,0,0
2401,4317433.915724533,3161463.507047309,0,0,0
2402,4317533.940964977,3161462.1393159167,0,0,0
2403,4317633.966189491,3161460.771588593,1.1098201274871826,44,0
2404,4317733.991398042,3161459.4038653374,2.15108585357666,70,0
2405,4317834.0165906,3161458.036146146,16.123327255249023,80,0
2406,4317934.041767133,3161456.668431016,32.236175537109375,79,0.5764662623405457
2407,4318034.066927612,3161455.300719957,56.45772933959961,88,2.0614511966705322
2408,4318134.092072007,3161453.933012964,68.28119659423828,88,0.08325964212417603
2409,4318234.117200286,3161452.5653100368,80.52025604248047,97,0
2410,4318334.142312417,3161451.1976111787,96.39207458496094,100,0
2411,4318434.167408371,3161449.829916387,97.620025634765625,100,0
2412,4318534.192488118,3161448.4622256667,96.26548767089844,100,0
2413,4318634.217551625,3161447.094539016,97.48786163330078,100,0
2414,4318734.242598866,3161445.726856434,95.115081787109375,100,0
2415,4318834.267629801,3161444.359177918,93.02872467041016,100,0
2416,4318934.29264441,3161442.9915034743,75.52742004394531,97,0.41096481680870056
2417,4319034.317642656,3161441.6238331036,23.069988250732422,97,18.896154403686523
2418,4319134.3426245125,3161440.256166803,17.693622589111328,85,0.05408135801553726
2419,4319234.367589942,3161438.8885045755,73.59188079833984,96,2.184457302093506
2420,4319334.39253892,3161437.5208464186,15.12122631072998,91,36.70854949951172
2421,4319434.417471415,3161436.1531923315,9.154091835021973,61,50.16399002075195
2422,4319534.442387395,3161434.78554232,3.2266695499420166,49,45.76690673828125
2423,4319634.467286827,3161433.4178963825,30.292512893676758,67,26.66942024230957
2424,4319734.492169684,3161432.050254517,19.548460006713867,66,38.093292236328125
2425,4319834.517035936,3161430.6826167256,16.775535583496094,66,43.641204833984375
2426,4319934.541885548,3161429.314983008,22.254684448242188,63,41.090274810791016
2427,4320034.5667184945,3161427.9473533644,14.773958206176758,62,46.38948059082031
2428,4320134.591534739,3161426.5797277996,7.143863677978516,58,54.019588470458984
2429,4320234.616334254,3161425.2121063084,4.200390338897705,54,14.587072372436523
2430,4320334.64111701,3161423.8444888922,2.1483588218688965,70,0
2431,4320434.665882974,3161422.4768755557,74.86854553222656,94,0
2432,4320534.690632117,3161421.109266293,7.7825469970703125,85,0
2433,4320634.715364407,3161419.741661109,12.37602424621582,83,0
2434,4320734.740079814,3161418.374060005,1.5231945514678955,63,0
2435,4320834.764778309,3161417.0064629754,33.473045349121094,86,0
2436,4320934.789459856,3161415.638870026,15.363363265991211,67,0
2437,4321034.8141244305,3161414.2712811567,17.600412368774414,64,0
2438,4321134.838771998,3161412.9036963647,0,0,0
2439,4321234.863402529,3161411.5361156557,0,0,0
2440,4321334.888015992,3161410.1685390244,0,0,0
2441,4321434.912612358,3161408.8009664747,0,0,0
2442,4321534.937191596,3161407.433398006,0,0,0
2443,4321634.961753673,3161406.065833618,1.2956912517547607,65,0
2444,4321734.986298561,3161404.698273312,1.163428544998169,65,0
2445,4321835.010826227,3161403.3307170896,0,0,0
2446,4321935.035336643,3161401.9631649517,0,0,0
2447,4322035.059829777,3161400.595616893,0,0,0
2448,4322135.0843055975,3161399.228072917,0,0,0
2449,4322235.108764075,3161397.860533028,0,0,0
2450,4322335.133205177,3161396.4929972244,0.14431309700012207,38,0
2451,4322435.157628876,3161395.1254655006,0,0,0
2452,4322535.182035139,3161393.7579378653,0,0,0
2497,4312731.344316407,3161427.768792782,1.8750972747802734,37,26.627155303955078
2498,4312831.370272522,3161426.4008862916,0,0,3.618682861328125
2499,4312931.396214147,3161425.0329838623,0,0,21.848119735717773
2500,4313031.422141253,3161423.665085502,0,0,0.04423493146896362
2501,4313131.448053808,3161422.297191205,0,0,52.57985305786133
2502,4313231.473951784,3161420.9293009723,7.072177410125732,63,49.5859260559082
2503,4313331.499835147,3161419.5614148066,4.083210468292236,54,46.020362854003906
2504,4313431.525703866,3161418.193532703,4.080178260803223,60,66.539825439453125
2505,4313531.551557913,3161416.825654666,1.8347100019454956,37,68.48538970947266
2506,4313631.577397257,3161415.4577806992,1.113144040107727,42,20.782440185546875
2507,4313731.603221868,3161414.0899107987,1.6263737678527832,52,13.28658676147461
2508,4313831.62903171,3161412.7220449634,3.677405595779419,60,7.083080768585205
2509,4313931.654826759,3161411.3541831975,0,0,0
2510,4314031.680606981,3161409.9863255005,8.784307479858398,65,20.156736373901367
2511,4314131.706372343,3161408.6184718725,2.346073627471924,53,53.09840774536133
2512,4314231.732122821,3161407.250622315,8.589106559753418,60,58.283172607421875
2513,4314331.757858378,3161405.882776823,13.741271018981934,66,41.580684661865234
2514,4314431.783578987,3161404.5149354055,13.295883178710938,66,40.485958099365234
2515,4314531.8092846135,3161403.147098057,10.702610969543457,57,30.319934844970703
2516,4314631.834975231,3161401.7792647765,32.18684005737305,85,14.070096969604492
2517,4314731.860650808,3161400.4114355687,57.10065460205078,87,0
2518,4314831.886311311,3161399.0436104345,0,0,0
2519,4314931.911956713,3161397.6757893716,0,0,0
2520,4315031.937586981,3161396.3079723823,0,0,0
2521,4315131.963202083,3161394.9401594624,0,0,0
2522,4315231.9888019925,3161393.572350617,0,0,0
2523,4315332.014386676,3161392.2045458495,0,0,0
2524,4315432.039956102,3161390.836745153,16.184627532958984,92,12.11153507232666
2525,4315532.065510242,3161389.4689485314,7.4807281494140625,81,64.49147033691406
2526,4315632.091049064,3161388.1011559865,0.08893942087888718,37,97.68233489990234
2527,4315732.116572538,3161386.7333675153,0.49838191270828247,42,78.34346771240234
2528,4315832.142080632,3161385.3655831176,0.14866326749324799,37,91.24547576904297
2529,4315932.167573318,3161383.997802798,44.90583801269531,93,29.16986656188965
2530,4316032.193050563,3161382.630026557,36.06586456298828,100,21.31745147705078
2531,4316132.218512337,3161381.2622543923,34.17353057861328,98,30.602218627929688
2532,4316232.243958608,3161379.8944863062,7.60202169418335,58,58.414302825927734
2533,4316332.269389348,3161378.5267222966,2.435009479522705,40,60.1997184753418
2534,4316432.294804523,3161377.1589623643,16.027009963989258,68,28.09625816345215
2535,4316532.320204104,3161375.791206507,14.714076042175293,73,49.736602783203125
2536,4316632.345588063,3161374.4234547345,19.735071182250977,75,55.61894226074219
2537,4316732.370956365,3161373.055707045,8.78403377532959,65,56.90850830078125
2538,4316832.396308982,3161371.687963432,18.925235748291016,59,36.20442581176758
2539,4316932.421645883,3161370.3202238954,4.578073501586914,46,55.09476089477539
2540,4317032.446967035,3161368.9524884424,8.370401382446289,55,51.90372848510742
2541,4317132.472272409,3161367.5847570715,2.1059956550598145,49,65.15689849853516
2542,4317232.497561975,3161366.217029782,45.40334701538086,78,5.235499382019043
2543,4317332.522835702,3161364.8493065774,3.983772039413452,68,0.2915494740009308
2544,4317432.548093557,3161363.4815874505,14.100777626037598,68,1.7772881984710693
2545,4317532.5733355135,3161362.113872409,25.758073806762695,76,5.577606678009033
2546,4317632.598561538,3161360.7461614516,25.745222091674805,80,16.97223663330078
2547,4317732.6237716,3161359.3784545776,24.491138458251953,83,0.8900051712989807
2548,4317832.648965668,3161358.0107517866,62.99676513671875,90,4.273225784301758
2549,4317932.674143715,3161356.6430530795,60.486595153808594,90,3.7835683822631836
2550,4318032.699305707,3161355.2753584585,10.289780616760254,84,15.007410049438477
2551,4318132.724451612,3161353.9076679237,12.939119338989258,83,4.817501544952393
2552,4318232.749581403,3161352.5399814746,80.30150604248047,98,0
2553,4318332.774695047,3161351.1722991103,80.29984283447266,100,0
2554,4318432.799792515,3161349.804620834,90.7679672241211,100,0
2555,4318532.824873774,3161348.4369466426,93.4500503540039,100,0
2556,4318632.849938796,3161347.0692765405,92.16532135009766,100,0
2557,4318732.874987547,3161345.701610527,90.29127502441406,100,0
2558,4318832.9000200005,3161344.3339486,71.78687286376953,98,5.172183513641357
2559,4318932.925036122,3161342.9662907626,19.58553123474121,95,60.111724853515625
2560,4319032.950035883,3161341.5986370146,20.29776382446289,86,42.903202056884766
2561,4319132.975019252,3161340.230987355,80.97455596923828,92,0.08981239050626755
2562,4319232.9999862,3161338.8633417874,29.77019500732422,93,35.80657196044922
2563,4319333.024936694,3161337.4957003105,12.560066223144531,57,44.99081039428711
2564,4319433.049870701,3161336.1280629206,5.099715709686279,47,69.95855712890625
2565,4319533.074788198,3161334.7604296245,2.2753238677978516,41,62.79954147338867
2566,4319633.099689146,3161333.392800423,3.97210431098938,47,45.55968475341797
2567,4319733.12457352,3161332.0251753093,10.407772064208984,55,59.20407485961914
2568,4319833.149441287,3161330.6575542884,17.672727584838867,72,51.48413848876953
2569,4319933.174292416,3161329.2899373616,24.47348403930664,72,32.35792922973633
2570,4320033.199126877,3161327.9223245275,20.99105453491211,62,35.31572341918945
2571,4320133.223944641,3161326.554715787,10.686907768249512,62,35.064910888671875
2572,4320233.248745674,3161325.18711114,19.967607498168945,86,9.781340599060059
2573,4320333.273529947,3161323.8195105894,49.10103988647461,93,0
2574,4320433.298297429,3161322.451914134,76.07896423339844,96,0
2575,4320533.32304809,3161321.0843217713,2.0630812644958496,67,0
2576,4320633.3477819,3161319.7167335073,1.7009851932525635,66,0
2577,4320733.372498825,3161318.349149341,4.469171047210693,67,0
2578,4320833.397198835,3161316.9815692683,2.324080467224121,58,0
2579,4320933.421881905,3161315.613993292,1.0846214294433594,65,0
2580,4321033.446547998,3161314.2464214135,1.173880696296692,61,0
2581,4321133.4711970845,3161312.8788536317,0,0,0
2582,4321233.495829136,3161311.511289953,0,0,0
2583,4321333.520444119,3161310.143730369,0,0,0
2584,4321433.545042005,3161308.7761748857,0.01973602920770645,36,0.22491927444934845
2585,4321533.5696227625,3161307.4086235035,10.36699390411377,63,14.67194652557373
2586,4321633.594186363,3161306.041076219,49.272029876708984,87,9.444878578186035
2587,4321733.618732772,3161304.673533034,29.05948257446289,81,0
2588,4321833.643261961,3161303.3059939514,0,0,0
2589,4321933.667773898,3161301.9384589694,0,0,0
2590,4322033.692268551,3161300.5709280856,0,0,0
2591,4322133.716745894,3161299.203401306,0,0,0
2592,4322233.741205893,3161297.8358786325,0,0,0
2593,4322333.765648521,3161296.4683600613,25.75686264038086,94,0
2594,4322433.790073741,3161295.10084559,21.148508071899414,94,1.3305221796035767
2641,4312729.976631194,3161327.7425864763,2.800602436065674,57,36.14822006225586
2642,4312830.002588813,3161326.3746954654,1.2790937423706055,65,20.140121459960938
2643,4312930.028531945,3161325.006808537,0,0,48.44609069824219
2644,4313030.054460556,3161323.638925694,0.36973825097084045,37,10.444068908691406
2645,4313130.08037462,3161322.2710469314,2.2774229049682617,51,66.148040771484375
2646,4313230.106274099,3161320.9031722527,0,0,84.4544448852539
2647,4313330.132158968,3161319.5353016593,0.3317452371120453,43,84.62135314941406
2648,4313430.158029195,3161318.1674351464,6.6832966804504395,54,60.66216278076172
2649,4313530.18388475,3161316.7995727193,4.289971351623535,38,62.70246505737305
2650,4313630.209725602,3161315.431714382,2.528214931488037,56,63.627323150634766
2651,4313730.235551718,3161314.0638601254,4.458157062530518,64,56.5385627746582
2652,4313830.261363068,3161312.6960099554,15.04188060760498,64,17.123430252075195
2653,4313930.2871596245,3161311.328163874,3.255234479904175,59,9.20444393157959
2654,4314030.312941354,3161309.9603218795,4.8188910484313965,67,4.655636787414551
2655,4314130.3387082275,3161308.5924839717,10.562888145446777,58,31.955402374267578
2656,4314230.364460211,3161307.2246501506,11.042340278625488,62,28.451183319091797
2657,4314330.390197279,3161305.856820415,12.545951843261719,70,35.32217025756836
2658,4314430.415919396,3161304.4889947725,23.76129722595215,70,31.1812744140625
2659,4314530.441626534,3161303.121173218,2.2241482734680176,56,73.76583099365234
2660,4314630.467318661,3161301.753355751,0.9078482389450073,75,43.104732513427734
2661,4314730.492995747,3161300.385542376,72.1650390625,93,3.214827060699463
2662,4314830.518657761,3161299.017733089,14.072583198547363,90,0
2663,4314930.544304672,3161297.6499278937,0,0,0
2664,4315030.569936451,3161296.28212679,0,0,0
2665,4315130.595553065,3161294.914329777,0,0,0
2666,4315230.621154484,3161293.5465368563,0,0,0
2667,4315330.646740678,3161292.178748028,0,0,0
2668,4315430.672311618,3161290.8109632917,12.433402061462402,78,16.582012176513672
2669,4315530.69786727,3161289.4431826468,17.390615463256836,76,51.0806884765625
2670,4315630.723407604,3161288.075406096,3.7896296977996826,54,75.83241271972656
2671,4315730.74893259,3161286.7076336406,9.504485130310059,63,67.60924530029297
2672,4315830.774442198,3161285.339865277,5.161564826965332,57,78.03563690185547
2673,4315930.799936395,3161283.9721010104,0.17246316373348236,48,83.913726806640625
2674,4316030.825415154,3161282.6043408397,8.031954765319824,62,60.29111862182617
2675,4316130.850878442,3161281.236584764,6.468165397644043,62,52.07452392578125
2676,4316230.876326226,3161279.8688327847,8.419294357299805,58,59.380157470703125
2677,4316330.901758479,3161278.5010849014,6.350396156311035,73,80.09327697753906
2678,4316430.927175169,3161277.133341112,2.998966932296753,50,75.6209716796875
2679,4316530.952576265,3161275.7656014212,14.838903427124023,63,55.99861145019531
2680,4316630.977961739,3161274.3978658314,17.67536735534668,77,52.50432205200195
2681,4316731.003331556,3161273.03013434,15.988338470458984,77,51.55672836303711
2682,4316831.028685686,3161271.6624069423,14.801591873168945,76,38.24544143676758
2683,4316931.054024102,3161270.2946836436,17.578739166259766,77,44.87543487548828
2684,4317031.079346772,3161268.926964448,8.113332748413086,76,48.25757598876953
2685,4317131.104653661,3161267.5592493494,12.306010246276855,74,48.96490478515625
2686,4317231.129944744,3161266.1915383497,26.796064376831055,67,20.511301040649414
2687,4317331.155219985,3161264.8238314535,23.289525985717773,75,18.95587158203125
2688,4317431.18047936,3161263.4561286587,20.964004516601562,78,41.67294692993164
2689,4317531.205722833,3161262.088429963,0.42334601283073425,61,72.034393310546875
2690,4317631.230950373,3161260.7207353683,22.61605453491211,71,40.79270935058594
2691,4317731.256161951,3161259.3530448787,25.934850692749023,69,25.204029083251953
2692,4317831.281357539,3161257.98535849,9.509180068969727,76,70.240966796875
2693,4317931.306537102,3161256.6176762036,20.357067108154297,90,42.469482421875
2694,4318031.331700611,3161255.249998023,48.134212493896484,93,4.9505743980407715
2695,4318131.356848037,3161253.882323947,58.42271041870117,94,0.9745401740074158
2696,4318231.381979345,3161252.5146539724,72.43587493896484,100,3.177292823791504
2697,4318331.407094508,3161251.1469881036,66.15111541748047,100,0
2698,4318431.432193495,3161249.77932634,81.162811279296875,97,0
2699,4318531.457276274,3161248.41166868,90.83403015136719,100,0
2700,4318631.482342816,3161247.044015126,88.72889709472656,100,0.03242005035281181
2701,4318731.507393089,3161245.676365682,53.23845672607422,96,8.155271530151367
2702,4318831.532427061,3161244.3087203433,14.883477210998535,83,66.97869873046875
2703,4318931.557444703,3161242.9410791094,1.7846943140029907,67,77.982513427734375
2704,4319031.582445984,3161241.5734419874,52.95587921142578,93,7.9829792976379395
2705,4319131.607430875,3161240.2058089715,83.87274169921875,94,0
2706,4319231.632399341,3161238.838180062,60.037906646728516,87,8.75212287902832
2707,4319331.657351358,3161237.4705552636,28.91038703918457,84,47.56513595581055
2708,4319431.682286887,3161236.102934573,11.451554298400879,67,59.45738220214844
2709,4319531.707205905,3161234.7353179925,7.574098110198975,61,56.7430305480957
2710,4319631.732108377,3161233.3677055235,4.551987648010254,57,62.55908203125
2711,4319731.756994272,3161232.000097162,5.53359317779541,55,76.27954864501953
2712,4319831.781863561,3161230.632492913,6.811452388763428,59,52.76826858520508
2713,4319931.806716214,3161229.264892775,26.645633697509766,70,31.85201072692871
2714,4320031.831552197,3161227.89729675,16.943134307861328,73,39.53722381591797
2715,4320131.856371485,3161226.5297048376,16.982086181640625,81,34.861576080322266
2716,4320231.881174042,3161225.1621170347,31.90219497680664,89,16.258075714111328
2717,4320331.905959839,3161223.7945333472,51.46080017089844,92,0
2718,4320431.930728844,3161222.426953772,21.846115112304688,86,0
2719,4320531.955481029,3161221.059378312,0,0,0
2720,4320631.980216363,3161219.6918069646,0,0,0
2721,4320732.004934814,3161218.3242397327,3.274496555328369,71,0
2722,4320832.029636351,3161216.956676617,1.7877836227416992,64,1.4610002040863037
2723,4320932.0543209445,3161215.5891176183,0,0,0
2724,4321032.078988562,3161214.221562732,0,0,0
2725,4321132.103639177,3161212.8540119617,2.0654220581054688,45,3.922231435775757
2726,4321232.128272753,3161211.4864653097,2.341573715209961,45,15.081929206848145
2727,4321332.152889263,3161210.1189227733,0.01729551889002323,8,31.151432037353516
2728,4321432.177488675,3161208.7513843556,3.302837610244751,41,45.568687438964844
2729,4321532.202070961,3161207.383850059,8.692399024963379,45,55.48616027832031
2730,4321632.226636087,3161206.0163198793,45.91979217529297,92,9.13370418548584
2731,4321732.251184023,3161204.6487938142,20.745677947998047,81,0
2732,4321832.275714737,3161203.28127187,0,0,0
2733,4321932.300228202,3161201.913754046,0,0,0
2734,4322032.324724388,3161200.546240342,0,0,0
2735,4322132.349203259,3161199.1787307593,0,0,0
2736,4322232.373664787,3161197.8112252965,3.5392017364501953,83,7.741188049316406
2737,4322332.39810894,3161196.443723955,43.83353805541992,97,6.792665481567383
2738,4322432.4225356905,3161195.076226737,71.0901107788086,98,2.3322436809539795
2785,4312728.608962469,3161227.716381245,0.9167625904083252,57,1.943117380142212
2786,4312828.6349216,3161226.3485057144,0,0,25.74875831604004
2787,4312928.660866241,3161224.9806342847,0,0,27.751327514648438
2788,4313028.686796367,3161223.612766958,0,0,0
2789,4313128.712711939,3161222.2449037298,1.5998334884643555,54,18.13980484008789
2790,4313228.738612934,3161220.877044605,3.7427706718444824,50,59.48816680908203
2791,4313328.764499315,3161219.509189585,5.910403251647949,50,55.87479782104492
2792,4313428.790371056,3161218.1413386636,0.44539302587509155,47,55.85791778564453
2793,4313528.816228122,3161216.773491846,11.137616157531738,57,48.00417709350586
2794,4313628.8420704855,3161215.405649134,3.392712116241455,47,17.97321128845215
2795,4313728.867898117,3161214.0378105226,5.560154438018799,59,52.93135070800781
2796,4313828.893710981,3161212.669976017,6.015633583068848,54,18.03276824951172
2797,4313928.919509051,3161211.3021456203,3.9771952629089355,56,24.507532119750977
2798,4314028.945292296,3161209.934319328,15.428051948547363,67,32.76432800292969
2799,4314128.971060683,3161208.566497142,6.810087203979492,57,46.635292053222656
2800,4314228.996814183,3161207.198679058,30.507583618164062,77,24.255664825439453
2801,4314329.022552764,3161205.8308650814,6.635517597198486,62,56.134857177734375
2802,4314429.048276397,3161204.4630552134,16.548311233520508,63,45.82844543457031
2803,4314529.0739850495,3161203.095249453,6.551629066467285,67,56.099578857421875
2804,4314629.099678693,3161201.727447798,13.38656234741211,66,30.958608627319336
2805,4314729.1253572935,3161200.3596502524,48.275726318359375,97,8.712676048278809
2806,4314829.151020827,3161198.9918568144,50.51405334472656,97,0
2807,4314929.176669254,3161197.6240674863,0,0,0
2808,4315029.202302549,3161196.256282268,0,0,0
2809,4315129.22792068,3161194.8885011603,0,0,0
2810,4315229.253523617,3161193.520724161,0,0,0
2811,4315329.2791113295,3161192.1529512745,0,0,0
2812,4315429.304683786,3161190.7851824993,3.8327713012695312,72,15.874688148498535
2813,4315529.330240956,3161189.4174178336,12.393595695495605,72,54.85369110107422
2814,4315629.355782808,3161188.0496572773,0.41970622539520264,42,91.21038818359375
2815,4315729.381309314,3161186.6819008375,0,0,98.377410888671875
2816,4315829.406820439,3161185.314148509,0,0,99.45283508300781
2817,4315929.432316158,3161183.946400295,0,0,97.30269622802734
2818,4316029.457796433,3161182.578656194,0,0,97.2042007446289
2819,4316129.483261241,3161181.2109162034,0,0,87.03997039794922
2820,4316229.5087105455,3161179.843180332,0.43969306349754333,44,78.67317199707031
2821,4316329.534144319,3161178.475448576,27.231739044189453,77,50.10033416748047
2822,4316429.55956253,3161177.107720934,12.98562240600586,74,58.28140640258789
2823,4316529.584965146,3161175.739997405,8.134416580200195,75,70.2674560546875
2824,4316629.610352139,3161174.372277996,7.624414443969727,75,57.290584564208984
2825,4316729.635723478,3161173.004562701,4.707631587982178,50,58.750423431396484
2826,4316829.661079131,3161171.636851522,20.65123748779297,64,31.01015853881836
2827,4316929.686419069,3161170.2691444606,31.618621826171875,75,10.314528465270996
2828,4317029.711743258,3161168.9014415178,64.52162170410156,91,9.35680103302002
2829,4317129.737051671,3161167.5337426933,36.69838333129883,88,23.583614349365234
2830,4317229.762344275,3161166.1660479857,10.481797218322754,70,58.9095344543457
2831,4317329.787621041,3161164.7983574,6.973364353179932,77,43.179134368896484
2832,4317429.812881936,3161163.4306709357,6.702052593231201,69,73.3414077758789
2833,4317529.838126931,3161162.0629885844,30.797121047973633,84,18.405738830566406
2834,4317629.863355997,3161160.6953103566,11.120584487915039,79,31.543825149536133
2835,4317729.8885691,3161159.3276362503,30.7063045501709,88,21.4581356048584
2836,4317829.913766209,3161157.9599662665,26.55202293395996,87,42.936622619628906
2837,4317929.938947298,3161156.5923003987,69.699249267578125,96,7.246546745300293
2838,4318029.964112331,3161155.2246386562,12.544889450073242,93,22.383129119873047
2839,4318129.989261279,3161153.856981037,11.074625015258789,64,41.574310302734375
2840,4318230.014394115,3161152.4893275388,21.560182571411133,95,18.822471618652344
2841,4318330.039510802,3161151.121678165,64.62608337402344,95,0
2842,4318430.064611315,3161149.7540329155,51.1191520690918,92,0
2843,4318530.08969562,3161148.386391787,61.893211364746094,100,2.464203357696533
2844,4318630.114763684,3161147.018754784,13.29605484008789,90,25.421388626098633
2845,4318730.139815485,3161145.651121906,1.0568879842758179,72,79.80709075927734
2846,4318830.164850983,3161144.2834931505,0,0,85.02613830566406
2847,4318930.189870152,3161142.915868522,5.242358684539795,67,12.453397750854492
2848,4319030.214872961,3161141.548248024,22.263668060302734,93,0.340210497379303
2849,4319130.239859376,3161140.1806316515,37.996089935302734,92,1.308894157409668
2850,4319230.264829372,3161138.8130194047,17.315719604492188,87,0
2851,4319330.289782914,3161137.4454112854,16.240840911865234,79,19.722942352294922
2852,4319430.314719972,3161136.077807292,9.5478668212890625,63,49.9438591003418
2853,4319530.339640518,3161134.710207427,10.153754234313965,61,48.38642883300781
2854,4319630.364544518,3161133.34261169,11.214850425720215,67,49.504722595214844
2855,4319730.389431942,3161131.9750200803,21.718631744384766,89,40.47016906738281
2856,4319830.41430276,3161130.6074326043,12.533602714538574,60,56.74552917480469
2857,4319930.439156941,3161129.2398492587,12.398460388183594,65,47.42545700073242
2858,4320030.4639944555,3161127.87227004,24.529911041259766,75,33.8890266418457
2859,4320130.48881527,3161126.5046949526,29.31732940673828,88,18.8790340423584
2860,4320230.513619358,3161125.1371239973,63.191619873046875,94,0.9049406051635742
2861,4320330.538406684,3161123.769557172,22.676952362060547,90,0
2862,4320430.563177221,3161122.4019944784,3.602705955505371,67,0
2863,4320530.587930937,3161121.0344359195,0.3447105288505554,53,0
2864,4320630.612667801,3161119.666881491,1.0196706056594849,53,0
2865,4320730.637387783,3161118.2993311943,5.931811332702637,66,0
2866,4320830.662090851,3161116.9317850317,9.260972023010254,62,0.5876007080078125
2867,4320930.686776975,3161115.564243008,0,0,0
2868,4321030.711446126,3161114.196705118,0,0,0
2869,4321130.73609827,3161112.8291713586,9.028684616088867,47,22.176963806152344
2870,4321230.76073338,3161111.461641733,1.8099905252456665,47,68.84014129638672
2871,4321330.785351422,3161110.094116245,0.059488628059625626,6,57.80816650390625
2872,4321430.809952368,3161108.7265948933,2.983884334564209,61,52.3697509765625
2873,4321530.8345361855,3161107.3590776795,11.631243705749512,61,51.76874542236328
2874,4321630.859102845,3161105.9915646026,55.840965270996094,84,12.014805793762207
2875,4321730.883652314,3161104.62405566,12.894148826599121,72,0
2876,4321830.908184565,3161103.2565508555,0,0,0
2877,4321930.932699564,3161101.889050191,0,0,0
2878,4322030.957197281,3161100.521553664,0,0,0
2879,4322130.981677686,3161099.1540612765,0.9953252673149109,82,7.72666072845459
2880,4322231.006140748,3161097.786573027,55.38661575317383,96,8.60966682434082
2881,4322331.030586438,3161096.4190889173,85.5087890625,97,0
2882,4322431.055014724,3161095.051608949,90.2950439453125,96,0
2883,4322531.079425574,3161093.6841331217,89.40338897705078,98,0
2884,4322631.103818959,3161092.3166614333,92.04789733886719,100,0
2885,4322731.128194848,3161090.9491938855,93.10210418701172,100,0
2886,4322831.152553209,3161089.581730482,91.56402587890625,100,0
2933,4312727.2413102295,3161127.690177091,0,0,0
2934,4312827.267270879,3161126.3223170405,0,0,0
2935,4312927.293217039,3161124.95446111,0,0,0
2936,4313027.319148679,3161123.5866092984,0,0,0
2937,4313127.3450657725,3161122.218761605,0,0,0
2938,4313227.370968283,3161120.8509180374,0.6760044693946838,33,43.01253128051758
2939,4313327.396856184,3161119.483078589,3.2505106925964355,44,50.990901947021484
2940,4313427.422729444,3161118.1152432575,4.11932373046875,43,53.01687240600586
2941,4313527.4485880295,3161116.74741205,9.548040390014648,52,53.93855667114258
2942,4313627.474431915,3161115.3795849686,3.5046699047088623,53,50.06770706176758
2943,4313727.500261064,3161114.011762004,0,0,59.94840621948242
2944,4313827.526075449,3161112.6439431626,0.14461563527584076,51,34.57262420654297
2945,4313927.551875039,3161111.2761284476,0,0,1.374150037765503
2946,4314027.577659803,3161109.908317856,5.698941230773926,64,31.433931350708008
2947,4314127.603429712,3161108.5405113893,1.9318037033081055,56,69.63294982910156
2948,4314227.629184731,3161107.1727090427,22.93871307373047,72,24.573238372802734
2949,4314327.654924834,3161105.8049108223,27.806222915649414,74,27.77434730529785
2950,4314427.680649989,3161104.4371167324,20.85783576965332,72,34.618717193603516
2951,4314527.706360165,3161103.0693267626,6.237183570861816,65,66.385955810546875
2952,4314627.732055329,3161101.70154092,1.331752061843872,49,61.41655731201172
2953,4314727.757735454,3161100.3337592045,54.91478729248047,100,8.86653995513916
2954,4314827.783400508,3161098.9659816185,82.74707794189453,100,0
2955,4314927.809050457,3161097.598208157,5.9763102531433105,90,0
2956,4315027.834685276,3161096.2304388243,0,0,0
2957,4315127.86030493,3161094.8626736216,0,0,0
2958,4315227.8859093925,3161093.494912545,0,0,0
2959,4315327.911498626,3161092.1271555973,0,0,0
2960,4315427.937072606,3161090.759402782,0.4259609580039978,52,12.742691040039062
2961,4315527.962631301,3161089.3916540956,14.290811538696289,73,44.6081428527832
2962,4315627.988174678,3161088.023909539,0,0,84.15508270263672
2963,4315728.013702708,3161086.6561691123,0,0,98.63835144042969
2964,4315828.03921536,3161085.2884328184,0,0,91.5470962524414
2965,4315928.064712602,3161083.920700657,0,0,95.54957580566406
2966,4316028.090194403,3161082.5529726273,0,0,99.90706634521484
2967,4316128.115660736,3161081.185248724,0,0,99.44950103759766
2968,4316228.141111568,3161079.8175289584,2.188472270965576,50,86.18312072753906
2969,4316328.166546868,3161078.449813329,2.0627400875091553,46,80.50347900390625
2970,4316428.191966604,3161077.0821018307,8.704936027526855,64,60.90007019042969
2971,4316528.2173707485,3161075.7143944637,3.315213680267334,50,85.410491943359375
2972,4316628.242759268,3161074.346691233,3.761463165283203,51,71.07941436767578
2973,4316728.268132134,3161072.978992139,20.70094108581543,83,28.727968215942383
2974,4316828.293489314,3161071.611297178,41.80087661743164,86,17.00029754638672
2975,4316928.318830779,3161070.2436063536,22.00801658630371,71,34.61417770385742
2976,4317028.344156497,3161068.8759196657,14.589845657348633,78,43.29362869262695
2977,4317128.369466437,3161067.5082371123,9.085319519042969,77,42.9103889465332
2978,4317228.39476057,3161066.1405586973,11.624855041503906,70,63.24946212768555
2979,4317328.420038865,3161064.7728844224,33.420745849609375,84,23.99785804748535
2980,4317428.44530129,3161063.4052142845,0,0,99.01480865478516
2981,4317528.470547815,3161062.0375482817,24.397804260253906,79,17.501522064208984
2982,4317628.495778407,3161060.6698864205,17.589385986328125,75,22.776845932006836
2983,4317728.520993041,3161059.3022287,20.895843505859375,86,0.11924600601196289
2984,4317828.54619168,3161057.9345751153,7.325100421905518,79,3.6493794918060303
2985,4317928.571374298,3161056.5669256696,7.083762168884277,79,6.498486042022705
2986,4318028.596540863,3161055.1992803644,8.971595764160156,76,10.511231422424316
2987,4318128.621691342,3161053.831639202,5.8970046043396,60,64.81404876708984
2988,4318228.646825707,3161052.4640021785,23.53893280029297,86,12.512858390808105
2989,4318328.671943927,3161051.096369302,32.25662612915039,79,3.7750601768493652
2990,4318428.69704597,3161049.7287405664,56.80548858642578,98,0
2991,4318528.722131806,3161048.361115967,87.1160888671875,100,0
2992,4318628.7472014055,3161046.9934955137,67.08460235595703,98,8.04014778137207
2993,4318728.772254735,3161045.6258792058,16.106504440307617,81,19.061668395996094
2994,4318828.797291766,3161044.2582670385,11.195351600646973,71,34.41096115112305
2995,4318928.822312468,3161042.8906590147,0,0,1.8433817625045776
2996,4319028.847316811,3161041.523055139,9.47295093536377,82,0
2997,4319128.872304761,3161040.155455408,28.74557876586914,82,0
2998,4319228.89727629,3161038.78785982,43.592288970947266,95,1.4144192934036255
2999,4319328.922231363,3161037.420268377,42.584747314453125,90,6.902069568634033
3000,4319428.947169957,3161036.052681082,21.363178253173828,76,17.637069702148438
3001,4319528.972092035,3161034.6850979333,13.560689926147461,57,38.7081298828125
3002,4319628.996997571,3161033.317518931,12.334367752075195,56,42.16734313964844
3003,4319729.021886529,3161031.949944077,23.4311466217041,79,47.72868347167969
3004,4319829.046758882,3161030.5823733727,6.808043956756592,54,58.226707458496094
3005,4319929.0716146,3161029.2148068147,9.002493858337402,48,44.15670394897461
3006,4320029.096453648,3161027.8472444033,12.441139221191406,57,43.21180725097656
3007,4320129.121275999,3161026.479686142,0.9228274822235107,55,5.827052593231201
3008,4320229.146081624,3161025.112132031,1.7604104280471802,59,0
3009,4320329.170870484,3161023.744582069,3.36639666557312,62,0
3010,4320429.195642557,3161022.377036258,0,0,0
3011,4320529.2203978095,3161021.009494597,0.8660756945610046,50,0
3012,4320629.245136211,3161019.641957089,3.185840129852295,62,0
3013,4320729.26985773,3161018.2744237306,6.672480583190918,59,0
3014,4320829.294562335,3161016.9068945246,7.281747341156006,64,0
3015,4320929.319249999,3161015.5393694704,0,0,0
3016,4321029.343920685,3161014.171848571,0,0,0
3017,4321129.36857437,3161012.804331826,13.37622356414795,57,26.033029556274414
3018,4321229.393211017,3161011.436819229,17.667367935180664,57,37.540191650390625
3019,4321329.417830599,3161010.069310789,0.839428186416626,31,36.84743881225586
3020,4321429.442433082,3161008.701806504,6.259791374206543,51,22.40717124938965
3021,4321529.46701844,3161007.3343063723,6.329909801483154,51,10.814759254455566
3022,4321629.491586638,3161005.9668103997,48.10595703125,80,4.988536357879639
3023,4321729.5161376465,3161004.599318579,1.4088897705078125,69,0
3024,4321829.540671436,3161003.231830915,0,0,0
3025,4321929.565187975,3161001.864347405,0,0,0
3026,4322029.589687233,3161000.4968680544,0,0,0.8914982080459595
3027,4322129.614169179,3160999.129392865,27.194561004638672,96,18.804733276367188
3028,4322229.638633784,3160997.761921831,83.2516098022461,94,0
3029,4322329.663081014,3160996.3944549537,88.95161437988281,96,0
3030,4322429.68751084,3160995.026992234,91.700531005859375,98,0
3031,4322529.711923233,3160993.6595336734,90.90345001220703,98,0
3032,4322629.736318158,3160992.2920792736,91.01493835449219,98,0
3033,4322729.760695589,3160990.924629033,90.3550796508789,97,0
3034,4322829.785055495,3160989.5571829546,91.91078186035156,98,0
3035,4322929.809397842,3160988.189741035,91.26985931396484,98,0
3036,4323029.8337226,3160986.822303276,91.0112533569336,99,0
3037,4323129.858029741,3160985.454869681,93.3152084350586,100,0
3038,4323229.882319231,3160984.0874402486,96.527252197265625,100,0
3039,4323329.906591042,3160982.720014975,97.01812744140625,100,0
3040,4323429.930845141,3160981.3525938634,95.8791275024414,100,0
3041,4323529.9550815,3160979.9851769162,93.855987548828125,100,0
3087,4312725.8736744765,3161027.6639740206,2.124464273452759,49,1.6367682218551636
3088,4312825.8996366495,3161026.2961294493,0,0,0
3089,4312925.925584334,3161024.928289017,0,0,0
3090,4313025.951517499,3161023.5604527243,0,0,0
3091,4313125.977436115,3161022.192620568,0,0,0
3092,4313226.003340153,3161020.8247925527,0.7815882563591003,40,27.36602210998535
3093,4313326.029229578,3161019.456968677,9.827736854553223,51,43.83854293823242
3094,4313426.055104362,3161018.0891489387,12.195478439331055,56,42.484100341796875
3095,4313526.080964475,3161016.721333341,3.4107775688171387,52,49.588035583496094
3096,4313626.106809883,3161015.3535218854,7.628275394439697,62,52.49685287475586
3097,4313726.132640557,3161013.9857145674,3.1404051780700684,56,72.1883773803711
3098,4313826.158456471,3161012.617911392,0.6902121901512146,44,34.5579833984375
3099,4313926.184257587,3161011.250112359,0,0,0
3100,4314026.210043879,3161009.8823174676,9.604692459106445,60,22.532390594482422
3101,4314126.235815314,3161008.5145267188,5.98386812210083,68,60.126502990722656
3102,4314226.26157186,3161007.14674011,24.077789306640625,68,33.38471221923828
3103,4314326.28731349,3161005.778957648,15.641936302185059,65,35.593467712402344
3104,4314426.313040174,3161004.411179334,12.301118850708008,62,50.28579330444336
3105,4314526.338751877,3161003.04340516,8.7723970413208,53,53.97112274169922
3106,4314626.364448571,3161001.6756351283,5.529852867126465,52,57.66315460205078
3107,4314726.390130222,3161000.3078692453,50.28630828857422,95,23.858509063720703
3108,4314826.415796804,3160998.9401075053,88.97615051269531,97,0
3109,4314926.441448283,3160997.572349912,45.82536315917969,96,0
3110,4315026.467084631,3160996.2045964673,0,0,0
3111,4315126.492705816,3160994.836847168,0,0,0
3112,4315226.518311804,3160993.4691020125,0,0,0
3113,4315326.543902569,3160992.101361005,0,0,0
3114,4315426.569478082,3160990.73362415,0,0,6.831881999969482
3115,4315526.595038306,3160989.365891442,19.119853973388672,78,27.011137008666992
3116,4315626.620583212,3160987.9981628843,1.500494360923767,65,72.97364807128906
3117,4315726.646112774,3160986.630438472,0,0,99.469482421875
3118,4315826.671626957,3160985.26271821,0,0,96.5954360961914
3119,4315926.697125731,3160983.8950021,0,0,97.57915496826172
3120,4316026.722609065,3160982.5272901403,0,0,98.43498229980469
3121,4316126.748076929,3160981.159582329,0,0,94.749176025390625
3122,4316226.773529292,3160979.7918786686,1.4232513904571533,59,89.4370346069336
3123,4316326.798966124,3160978.424179161,15.88516902923584,63,55.55211639404297
3124,4316426.824387392,3160977.0564838066,7.094690322875977,62,66.252410888671875
3125,4316526.849793071,3160975.6887926036,1.9194051027297974,45,73.43043518066406
3126,4316626.875183122,3160974.321105554,13.22590160369873,57,52.30712127685547
3127,4316726.900557523,3160972.953422658,8.98176097869873,61,55.46906280517578
3128,4316826.925916237,3160971.585743916,14.645288467407227,66,51.015892028808594
3129,4316926.951259236,3160970.218069329,10.2700834274292,70,47.40841293334961
3130,4317026.976586487,3160968.850398895,7.140475273132324,62,53.87281036376953
3131,4317127.001897962,3160967.482732617,22.106082916259766,74,33.786617279052734
3132,4317227.027193631,3160966.1150704944,11.538505554199219,64,54.648826599121094
3133,4317327.052473459,3160964.747412526,13.274014472961426,62,49.06344985961914
3134,4317427.077737418,3160963.3797587166,7.965506076812744,66,60.720157623291016
3135,4317527.102985478,3160962.0121090617,5.004999160766602,68,37.08779525756836
3136,4317627.128217609,3160960.6444635647,16.600383758544922,74,29.342391967773438
3137,4317727.1534337755,3160959.276822228,2.057873487472534,54,58.98286437988281
3138,4317827.178633952,3160957.909185044,9.748287200927734,65,60.47525405883789
3139,4317927.203818107,3160956.5415520216,45.93686294555664,88,6.781531810760498
3140,4318027.228986207,3160955.173923157,20.113052368164062,85,41.32061767578125
3141,4318127.254138225,3160953.806298451,27.89905548095703,80,25.605005264282227
3142,4318227.2792741265,3160952.4386779033,20.46999168395996,73,20.12729835510254
3143,4318327.304393884,3160951.07106152,13.156623840332031,76,2.9153101444244385
3144,4318427.329497464,3160949.703449294,47.34544372558594,91,0
3145,4318527.354584837,3160948.3358412287,78.56422424316406,92,0
3146,4318627.379655976,3160946.9682373255,55.68198776245117,91,0
3147,4318727.404710844,3160945.6006375854,16.309680938720703,83,0
3148,4318827.429749413,3160944.233042006,7.227180480957031,72,0
3149,4318927.454771655,3160942.8654505876,7.874265193939209,65,0
3150,4319027.479777535,3160941.4978633337,39.46876907348633,82,0
3151,4319127.504767023,3160940.130280244,21.881959915161133,82,0
3152,4319227.529740092,3160938.7627013153,11.076353073120117,87,0
3153,4319327.554696708,3160937.39512655,28.04109001159668,90,0
3154,4319427.579636839,3160936.0275559537,11.843037605285645,77,15.148984909057617
3155,4319527.604560458,3160934.659989523,34.3995361328125,94,21.928407669067383
3156,4319627.629467535,3160933.292427254,43.90579605102539,93,14.583428382873535
3157,4319727.654358033,3160931.924869153,8.699748992919922,79,23.95231819152832
3158,4319827.67923193,3160930.5573152197,5.028830528259277,60,15.698813438415527
3159,4319927.704089185,3160929.189765447,0,0,0
3160,4320027.728929777,3160927.8222198435,0,0,2.6134860515594482
3161,4320127.7537536705,3160926.4546784107,6.082371711730957,55,0.1340228021144867
3162,4320227.778560834,3160925.087141146,3.238020658493042,53,0
3163,4320327.80335124,3160923.7196080447,0.03629517927765846,53,0
3164,4320427.828124856,3160922.3520791144,0,0,0
3165,4320527.85288165,3160920.9845543536,0,0,0
3166,4320627.877621594,3160919.6170337647,3.0046229362487793,81,0
3167,4320727.902344658,3160918.2495173453,37.40350341796875,84,0
3168,4320827.927050806,3160916.882005093,0.48629727959632874,50,0
3169,4320927.9517400125,3160915.5144970105,0,0,0
3170,4321027.976412245,3160914.146993104,0,0,0
3171,4321128.001067472,3160912.77949337,14.983277320861816,67,30.28929328918457
3172,4321228.0257056635,3160911.4119978035,9.001588821411133,56,39.686527252197266
3173,4321328.05032679,3160910.044506412,4.526029586791992,59,66.40418243408203
3174,4321428.074930819,3160908.6770191924,7.349503040313721,57,57.3450927734375
3175,4321528.099517722,3160907.309536145,11.952513694763184,63,32.35232162475586
3176,4321628.124087465,3160905.9420572724,22.723575592041016,83,0.17010678350925446
3177,4321728.14864002,3160904.574582574,0,0,1.2657585144042969
3178,4321828.173175356,3160903.2071120497,0,0,0.26937681436538696
3179,4321928.197693441,3160901.8396457,0,0,0.24634872376918793
3180,4322028.222194247,3160900.4721835274,5.700355529785156,84,11.249614715576172
3181,4322128.246677739,3160899.1047255304,70.32721710205078,93,1.5221513509750366
3182,4322228.271143889,3160897.737271708,87.558135986328125,98,0
3183,4322328.295592667,3160896.3698220635,90.483917236328125,96,0
3184,4322428.3200240405,3160895.0023765964,89.4131088256836,95,0
3185,4322528.344437981,3160893.634935304,86.84664154052734,97,0
3186,4322628.3688344555,3160892.267498191,84.97028350830078,93,0
3187,4322728.393213435,3160890.9000652586,84.81591033935547,94,0
3188,4322828.417574886,3160889.532636504,82.48241424560547,94,0
3189,4322928.441918783,3160888.165211927,90.1102294921875,99,0
3190,4323028.466245092,3160886.7977915276,92.36199188232422,100,0
3191,4323128.49055378,3160885.43037531,91.62145233154297,99,0
3192,4323228.514844821,3160884.0629632757,94.07810974121094,100,0
3193,4323328.53911818,3160882.6955554183,96.57813262939453,100,0
3194,4323428.563373831,3160881.3281517406,96.514404296875,100,0
3195,4323528.587611739,3160879.960752249,96.68254852294922,100,0
3196,4323628.611831876,3160878.593356942,96.27751922607422,100,0
3197,4323728.63603421,3160877.225965812,96.74943542480469,100,0
3198,4323828.660218712,3160875.858578865,72.94226837158203,100,0.9339689016342163
3243,4312724.506055211,3160927.637772042,6.154769420623779,52,0.2498919516801834
3244,4312824.532018913,3160926.269942953,0.08949676901102066,47,0
3245,4312924.557968128,3160924.9021180207,0,0,0
3246,4313024.583902825,3160923.5342972437,0,0,21.75496482849121
3247,4313124.609822971,3160922.1664806246,0,0,45.88596725463867
3248,4313224.635728538,3160920.798668161,2.3083672523498535,45,47.9537239074707
3249,4313324.661619496,3160919.430859855,7.203352928161621,59,32.518577575683594
3250,4313424.68749581,3160918.0630557085,7.915708541870117,61,27.87967300415039
3251,4313524.713357453,3160916.6952557215,12.160457611083984,69,26.437402725219727
3252,4313624.739204395,3160915.327459892,21.695201873779297,73,25.37818717956543
3253,4313724.7650366025,3160913.959668222,31.403457641601562,90,22.065439224243164
3254,4313824.790854047,3160912.5918807117,2.0090105533599854,60,0.27266350388526917
3255,4313924.816656696,3160911.2240973595,0,0,0
3256,4314024.8424445195,3160909.85631817,9.249530792236328,63,18.484588623046875
3257,4314124.868217489,3160908.4885431402,6.268133163452148,81,77.44035339355469
3258,4314224.89397557,3160907.1207722714,26.12970733642578,88,35.01979446411133
3259,4314324.919718732,3160905.753005568,45.27362823486328,98,18.703927993774414
3260,4314424.9454469485,3160904.3852430275,50.715911865234375,98,16.03162956237793
3261,4314524.971160185,3160903.0174846463,51.05242156982422,98,11.557538986206055
3262,4314624.996858413,3160901.6497304277,36.549217224121094,96,20.609161376953125
3263,4314725.022541601,3160900.2819803734,37.29204177856445,85,12.82673454284668
3264,4314825.048209717,3160898.9142344813,82.43946075439453,96,0.2548768222332001
3265,4314925.073862731,3160897.5464927554,82.51811218261719,100,0
3266,4315025.099500614,3160896.1787551967,9.740335464477539,97,0
3267,4315125.125123334,3160894.8110218034,0,0,0
3268,4315225.15073086,3160893.4432925708,0,0,0
3269,4315325.176323162,3160892.0755675067,0,0,0
3270,4315425.201900207,3160890.7078466094,0,0,9.221041679382324
3271,4315525.2274619695,3160889.3401298784,28.54058074951172,82,31.461284637451172
3272,4315625.253008415,3160887.972417316,19.574453353881836,72,34.74812698364258
3273,4315725.278539511,3160886.604708919,6.472171783447266,71,71.8480224609375
3274,4315825.304055232,3160885.2370046894,0,0,93.19921875
3275,4315925.329555542,3160883.86930463,0,0,95.67616271972656
3276,4316025.355040414,3160882.5016087387,0,0,97.59370422363281
3277,4316125.380509817,3160881.133917019,0,0,93.03704833984375
3278,4316225.405963718,3160879.7662294665,1.0092954635620117,52,88.04827880859375
3279,4316325.431402089,3160878.398546084,20.51658821105957,65,40.98614501953125
3280,4316425.456824897,3160877.0308668744,5.991783142089844,57,46.01463317871094
3281,4316525.482232112,3160875.6631918345,8.439798355102539,87,60.441444396972656
3282,4316625.507623707,3160874.295520964,15.522602081298828,86,45.250919342041016
3283,4316725.532999644,3160872.927854269,8.211180686950684,54,50.52090072631836
3284,4316825.558359898,3160871.560191744,8.554740905761719,63,51.31710433959961
3285,4316925.583704436,3160870.192533391,11.926090240478516,65,54.030853271484375
3286,4317025.609033229,3160868.8248792114,3.722856044769287,64,68.33502960205078
3287,4317125.634346245,3160867.4572292073,16.31121253967285,76,25.499189376831055
3288,4317225.659643452,3160866.089583376,0,0,63.939971923828125
3289,4317325.684924821,3160864.721941718,0,0,91.64111328125
3290,4317425.710190324,3160863.3543042378,0,0,98.34529113769531
3291,4317525.735439925,3160861.9866709295,17.3798770904541,78,40.58088684082031
3292,4317625.7606735965,3160860.6190417963,19.481670379638672,82,49.966529846191406
3293,4317725.785891307,3160859.251416842,4.384500026702881,50,61.926570892333984
3294,4317825.811093026,3160857.8837960633,2.3207216262817383,61,80.6604995727539
3295,4317925.836278722,3160856.5161794615,9.997760772705078,59,59.39943313598633
3296,4318025.861448367,3160855.1485670363,14.736603736877441,76,42.382110595703125
3297,4318125.886601925,3160853.780958788,16.935321807861328,77,21.65696907043457
3298,4318225.911739372,3160852.4133547163,23.844249725341797,70,3.7077109813690186
3299,4318325.93686067,3160851.045754825,3.390936851501465,70,0
3300,4318425.961965796,3160849.6781591135,44.3592529296875,94,0
3301,4318525.987054715,3160848.310567578,61.210391998291016,94,0
3302,4318626.012127395,3160846.9429802243,8.607926368713379,81,0
3303,4318726.037183809,3160845.5753970505,33.26059341430664,89,0
3304,4318826.062223922,3160844.207818059,17.32146644592285,77,0
3305,4318926.087247708,3160842.840243246,6.259145736694336,65,0
3306,4319026.112255133,3160841.4726726115,1.4014614820480347,71,0
3307,4319126.137246168,3160840.105106166,0,0,0
3308,4319226.162220783,3160838.737543899,0,0,0
3309,4319326.187178944,3160837.3699858123,7.862268924713135,84,0
3310,4319426.212120623,3160836.002431914,44.27164077758789,88,6.136465549468994
3311,4319526.237045788,3160834.6348821972,41.70297622680664,96,1.2300732135772705
3312,4319626.26195441,3160833.2673366624,3.498880386352539,81,0
3313,4319726.286846459,3160831.8997953143,0,0,0
3314,4319826.311721897,3160830.5322581492,0,0,0
3315,4319926.336580704,3160829.1647251667,0,0,0
3316,4320026.361422841,3160827.7971963715,0,0,0
3317,4320126.386248282,3160826.429671765,0,0,0
3318,4320226.411056995,3160825.0621513445,2.063345193862915,58,0
3319,4320326.435848949,3160823.694635108,1.6906269788742065,61,0
3320,4320426.460624115,3160822.327123061,2.0823450088500977,65,0
3321,4320526.485382459,3160820.9596151994,0.19384180009365082,58,0
3322,4320626.510123951,3160819.592111526,0.9355126619338989,76,0
3323,4320726.5348485615,3160818.224612043,3.7062859535217285,76,0
3324,4320826.559556261,3160816.857116748,0,0,0
3325,4320926.584247016,3160815.489625642,0,0,0
3326,4321026.608920801,3160814.1221387256,0,0,0.1665222942829132
3327,4321126.633577578,3160812.754655998,6.3690266609191895,50,51.1620979309082
3328,4321226.658217321,3160811.3871774618,8.207341194152832,56,61.498233795166016
3329,4321326.682839998,3160810.0197031195,3.637521982192993,50,38.688720703125
3330,4321426.707445579,3160808.652232965,4.614500522613525,59,58.37553787231445
3331,4321526.732034033,3160807.2847669995,3.8664324283599854,63,65.5217056274414
3332,4321626.756605326,3160805.91730523,9.848824501037598,66,32.79078674316406
3333,4321726.781159435,3160804.5498476536,1.6722438335418701,60,38.5992546081543
3334,4321826.805696322,3160803.182394271,2.454951286315918,60,18.57008171081543
3335,4321926.83021596,3160801.8149450803,0,0,11.666277885437012
3336,4322026.854718316,3160800.447500082,0,0,0.916061282157898
3337,4322126.879203362,3160799.0800592783,77.922393798828125,100,0
3338,4322226.903671067,3160797.7126226705,91.82202911376953,100,0
3339,4322326.928121398,3160796.3451902596,93.4004135131836,100,0
3340,4322426.9525543265,3160794.977762044,92.797515869140625,100,0
3341,4322526.976969819,3160793.610338021,91.31488037109375,100,0
3342,4322627.001367847,3160792.2429181947,88.92987823486328,96,0
3343,4322727.025748381,3160790.875502566,87.40800476074219,96,0
3344,4322827.050111389,3160789.5080911326,90.417327880859375,100,0
3345,4322927.074456838,3160788.140683899,92.25359344482422,100,0
3346,4323027.098784702,3160786.7732808604,91.30574798583984,99,0
3347,4323127.123094947,3160785.4058820214,92.75800323486328,99,0
3348,4323227.147387543,3160784.0384873836,91.2864761352539,100,0
3349,4323327.171662459,3160782.6710969466,93.808135986328125,100,0
3350,4323427.1959196655,3160781.303710706,93.88507843017578,100,0
3351,4323527.220159131,3160779.936328666,96.48383331298828,100,0
3352,4323627.244380824,3160778.568950828,97.76959991455078,100,0
3353,4323727.268584715,3160777.2015771884,97.25315856933594,100,0
3354,4323827.292770773,3160775.834207748,98.39076232910156,100,0
3355,4323927.316938967,3160774.4668425117,84.88090515136719,100,0.07068070769309998
3399,4312723.138452433,3160827.6115711634,0.7076437473297119,47,31.662342071533203
3400,4312823.164417671,3160826.2437575557,0.20128819346427917,47,15.435977935791016
3401,4312923.190368422,3160824.87594812,0,0,0
3402,4313023.216304653,3160823.5081428583,0,0,59.751609802246094
3403,4313123.242226339,3160822.140341774,0,0,81.97332000732422
3404,4313223.268133442,3160820.7725448655,2.9009315967559814,44,47.3789176940918
3405,4313323.294025935,3160819.4047521325,7.413724899291992,51,0
3406,4313423.319903788,3160818.036963576,3.9035840034484863,73,0
3407,4313523.34576697,3160816.6691791974,10.572598457336426,71,5.958417892456055
3408,4313623.37161545,3160815.3013989953,19.862247467041016,73,5.983837127685547
3409,4313723.397449196,3160813.933622971,42.7929573059082,84,0.468481183052063
3410,4313823.4232681785,3160812.565851125,18.051855087280273,78,1.8402416706085205
3411,4313923.449072366,3160811.1980834585,13.082932472229004,70,11.153717994689941
3412,4314023.47486173,3160809.8303199704,18.08331871032715,76,20.67842674255371
3413,4314123.500636235,3160808.4625606593,14.146990776062012,85,15.114596366882324
3414,4314223.526395856,3160807.09480553,7.38975715637207,79,9.665609359741211
3415,4314323.552140561,3160805.7270545843,34.79396057128906,98,8.015103340148926
3416,4314423.577870317,3160804.359307817,30.015869140625,97,1.2054816484451294
3417,4314523.603585093,3160802.9915652266,9.860688209533691,88,0.21552541851997375
3418,4314623.6292848615,3160801.62382682,22.036197662353516,93,6.065028190612793
3419,4314723.654969588,3160800.256092594,40.8484001159668,87,6.87015438079834
3420,4314823.6806392465,3160798.8883625544,53.295326232910156,96,16.11005973815918
3421,4314923.706293803,3160797.5206366964,54.979976654052734,100,20.558176040649414
3422,4315023.731933227,3160796.152915023,32.8012580871582,93,13.1954927444458
3423,4315123.757557487,3160794.7851975327,0.5296284556388855,53,0.57447350025177
3424,4315223.783166557,3160793.417484225,0,0,0
3425,4315323.8087604,3160792.0497751003,0,0,0
3426,4315423.834338988,3160790.6820701626,22.84855842590332,82,10.186578750610352
3427,4315523.859902293,3160789.3143694107,40.49787902832031,88,24.928281784057617
3428,4315623.885450279,3160787.9466728405,10.643550872802734,76,37.7421875
3429,4315723.910982921,3160786.5789804584,11.2401762008667,66,68.59307098388672
3430,4315823.936500184,3160785.2112922645,0,0,98.5312728881836
3431,4315923.96200204,3160783.8436082574,0,0,93.10526275634766
3432,4316023.987488454,3160782.4759284356,3.5088114738464355,63,69.47107696533203
3433,4316124.012959402,3160781.1082528033,10.031946182250977,69,45.71286392211914
3434,4316224.038414848,3160779.740581359,10.772266387939453,72,68.38348388671875
3435,4316324.063854763,3160778.372914104,4.19376277923584,52,77.7266616821289
3436,4316424.089279116,3160777.005251038,4.866615295410156,61,63.45097351074219
3437,4316524.114687877,3160775.6375921597,22.67622184753418,77,40.72060775756836
3438,4316624.140081015,3160774.269937471,8.701766014099121,72,46.5793342590332
3439,4316724.165458499,3160772.9022869724,0.8476310968399048,41,64.61634063720703
3440,4316824.190820299,3160771.5346406656,7.965391635894775,60,49.32095718383789
3441,4316924.216166384,3160770.1669985484,12.785745620727539,73,39.200313568115234
3442,4317024.241496724,3160768.799360623,25.200593948364258,75,28.784809112548828
3443,4317124.266811285,3160767.431726889,25.646167755126953,98,26.55638885498047
3444,4317224.29211004,3160766.064097349,0.5540972948074341,54,54.22703552246094
3445,4317324.317392957,3160764.6964720036,1.4776650667190552,59,78.09751892089844
3446,4317424.342660006,3160763.328850851,2.9264156818389893,62,80.14437103271484
3447,4317524.3679111535,3160761.961233891,8.311311721801758,78,47.39378356933594
3448,4317624.393146374,3160760.5936211227,8.372241020202637,78,8.272673606872559
3449,4317724.418365633,3160759.2260125494,4.809123516082764,72,17.2634220123291
3450,4317824.443568899,3160757.858408171,6.273015975952148,72,23.796154022216797
3451,4317924.468756145,3160756.4908079905,15.871978759765625,76,27.928544998168945
3452,4318024.493927336,3160755.1232120045,27.463130950927734,77,12.902449607849121
3453,4318124.519082447,3160753.755620214,16.979503631591797,75,53.04650115966797
3454,4318224.54422144,3160752.3880326194,28.135536193847656,84,5.0585432052612305
3455,4318324.569344291,3160751.0204492225,45.31959533691406,85,0
3456,4318424.594450965,3160749.6528700227,17.957927703857422,83,0
3457,4318524.619541433,3160748.2852950194,6.052321434020996,88,0
3458,4318624.644615666,3160746.9177242178,22.962610244750977,76,0
3459,4318724.669673628,3160745.55015761,24.334823608398438,89,0
3460,4318824.694715295,3160744.182595203,0,0,0
3461,4318924.71974063,3160742.8150369953,0,0,0
3462,4319024.7447496075,3160741.4474829864,0,0,0
3463,4319124.7697421955,3160740.079933183,0.9340564608573914,69,0
3464,4319224.7947183605,3160738.7123875744,27.536842346191406,91,0
3465,4319324.819678075,3160737.3448461676,55.88806915283203,87,0
3466,4319424.844621304,3160735.977308966,30.300569534301758,90,0
3467,4319524.869548023,3160734.6097759637,0.14931634068489075,63,0
3468,4319624.894458198,3160733.242247164,0,0,0
3469,4319724.919351798,3160731.8747225655,0,0,0
3470,4319824.944228793,3160730.5072021713,0,0,0
3471,4319924.96908915,3160729.139685982,0,0,0
3472,4320024.993932845,3160727.7721739956,0,0,0
3473,4320125.018759838,3160726.4046662124,0,0,0
3474,4320225.043570106,3160725.037162635,1.4274541139602661,58,0
3475,4320325.068363613,3160723.669663262,0.9429494738578796,47,0
3476,4320425.093140334,3160722.302168098,14.69105052947998,81,0
3477,4320525.117900234,3160720.934677134,2.839210033416748,74,0
3478,4320625.14264328,3160719.567190378,0,0,0
3479,4320725.167369449,3160718.1997078345,0,0,0
3480,4320825.192078702,3160716.8322294955,0,0,0
3481,4320925.216771016,3160715.4647553605,0,0,0
3482,4321025.2414463535,3160714.097285434,0,0,0.7406516075134277
3483,4321125.266104687,3160712.7298197183,2.1211001873016357,45,39.72809600830078
3484,4321225.2907459885,3160711.3623582134,0,0,35.53334045410156
3485,4321325.315370223,3160709.994900916,0,0,1.4058561325073242
3486,4321425.339977359,3160708.6274478277,4.9879350662231445,61,53.44272232055664
3487,4321525.364567371,3160707.2599989465,14.232576370239258,64,42.430763244628906
3488,4321625.389140224,3160705.8925542803,3.280456304550171,63,50.69632339477539
3489,4321725.4136958895,3160704.525113825,10.032861709594727,71,21.902103424072266
3490,4321825.438234337,3160703.1576775806,0.8570476770401001,65,6.022993087768555
3491,4321925.462755531,3160701.790245548,0,0,0.0955352783203125
3492,4322025.487259447,3160700.422817728,0,0,0
3493,4322125.511746054,3160699.0553941196,74.15263366699219,100,0
3494,4322225.5362153165,3160697.6879747235,96.15925598144531,100,0
3495,4322325.5606672075,3160696.3205595445,97.82305145263672,100,0
3496,4322425.585101693,3160694.9531485774,97.11981201171875,100,0
3497,4322525.609518748,3160693.585741825,95.1109619140625,100,0
3498,4322625.6339183375,3160692.218339288,96.80723571777344,100,0
3499,4322725.658300431,3160690.850940962,95.04007720947266,100,0
3500,4322825.682665,3160689.4835468526,94.05609893798828,100,0
3501,4322925.707012011,3160688.1161569613,89.40082550048828,98,0
3502,4323025.731341436,3160686.748771287,89.2847671508789,97,0
3503,4323125.755653242,3160685.381389825,92.52909851074219,100,0
3504,4323225.779947399,3160684.014012586,93.13253021240234,100,0
3505,4323325.804223878,3160682.646639565,94.7826919555664,100,0
3506,4323425.828482646,3160681.2792707584,93.46959686279297,100,0
3507,4323525.852723674,3160679.9119061693,93.67435455322266,100,0
3508,4323625.876946929,3160678.5445458004,95.80491638183594,100,0
3509,4323725.901152383,3160677.1771896537,98.09722900390625,100,0
3510,4323825.925340004,3160675.8098377227,99.17823791503906,100,0
3511,4323925.949509763,3160674.4424900115,73.60286712646484,100,0
3555,4312721.770866142,3160727.585371389,2.704882860183716,52,49.40264892578125
3556,4312821.796832921,3160726.2175732595,6.8978705406188965,61,37.13547897338867
3557,4312921.8227852145,3160724.849779322,12.213685989379883,71,19.292510986328125
3558,4313021.848722991,3160723.4819895774,16.62311553955078,71,30.552949905395508
3559,4313121.874646217,3160722.1142040277,11.554542541503906,71,35.79105758666992
3560,4313221.900554863,3160720.746422672,9.007762908935547,71,40.69896697998047
3561,4313321.926448901,3160719.378645515,16.458492279052734,71,22.303546905517578
3562,4313421.952328298,3160718.0108725503,16.62771987915039,85,27.348630905151367
3563,4313521.978193024,3160716.643103778,8.752795219421387,75,28.65631866455078
3564,4313622.004043046,3160715.275339204,4.7941203117370605,73,22.72880744934082
3565,4313722.029878337,3160713.9075788255,4.3717780113220215,73,24.59453010559082
3566,4313822.055698864,3160712.539822642,5.641377925872803,75,22.563358306884766
3567,4313922.081504598,3160711.1720706574,4.666136741638184,67,5.5953168869018555
3568,4314022.107295505,3160709.804322871,1.5963544845581055,42,0.0150070209056139
3569,4314122.133071557,3160708.4365792824,0,0,35.2269287109375
3570,4314222.158832725,3160707.068839892,11.781643867492676,81,49.036842346191406
3571,4314322.184578974,3160705.7011046996,10.849481582641602,73,35.90357208251953
3572,4314422.210310275,3160704.3333737077,5.676628112792969,64,54.38559341430664
3573,4314522.236026599,3160702.9656469114,32.64194107055664,91,27.922340393066406
3574,4314622.261727912,3160701.5979243163,31.744140625,91,42.1135368347168
3575,4314722.287414189,3160700.2302059215,49.79253387451172,89,10.071510314941406
3576,4314822.313085392,3160698.8624917297,85.5203628540039,94,0
3577,4314922.338741496,3160697.494781738,89.87671661376953,100,0.004088603891432285
3578,4315022.364382467,3160696.1270759515,71.89189147949219,100,6.641249179840088
3579,4315122.390008275,3160694.759374366,9.756542205810547,78,29.257427215576172
3580,4315222.415618894,3160693.391676981,21.6573543548584,80,21.309627532958984
3581,4315322.441214285,3160692.0239837947,15.897566795349121,80,17.350425720214844
3582,4315422.466794424,3160690.656294817,40.114837646484375,86,18.03870964050293
3583,4315522.492359275,3160689.288610044,45.10357666015625,97,8.666966438293457
3584,4315622.5179088125,3160687.9209294706,29.976825714111328,96,20.858675003051758
3585,4315722.543443001,3160686.5532531026,16.16655921936035,68,51.975379943847656
3586,4315822.568961817,3160685.1855809423,13.924044609069824,66,49.09442901611328
3587,4315922.5944652185,3160683.817912985,3.196115493774414,62,60.50379943847656
3588,4316022.619953186,3160682.4502492356,2.5881917476654053,46,62.80310821533203
3589,4316122.645425682,3160681.082589691,10.122930526733398,67,68.3337631225586
3590,4316222.6708826795,3160679.7149343514,0.8903142809867859,44,69.457763671875
3591,4316322.696324145,3160678.3472832213,3.998115062713623,43,66.91157531738281
3592,4316422.721750049,3160676.9796363,6.031224727630615,50,58.341773986816406
3593,4316522.747160362,3160675.6119935834,9.536430358886719,63,63.250732421875
3594,4316622.772555051,3160674.2443550755,7.222399711608887,49,71.61685943603516
3595,4316722.797934088,3160672.8767207772,14.349916458129883,65,59.522987365722656
3596,4316822.82329744,3160671.5090906895,8.37114143371582,49,51.028297424316406
3597,4316922.848645077,3160670.141464808,31.6298885345459,84,12.564151763916016
3598,4317022.873976967,3160668.7738431348,38.59410095214844,99,16.822982788085938
3599,4317122.899293083,3160667.406225674,26.336341857910156,98,15.322903633117676
3600,4317222.924593391,3160666.0386124267,6.609302043914795,70,41.945594787597656
3601,4317322.949877861,3160664.6710033896,7.565850734710693,63,63.19938278198242
3602,4317422.975146462,3160663.303398564,7.879228115081787,67,27.850954055786133
3603,4317523.000399168,3160661.9357979503,1.6688419580459595,67,3.2178919315338135
3604,4317623.025635939,3160660.5682015484,2.2825469970703125,73,1.9249649047851562
3605,4317723.050856752,3160659.2006093576,1.5198640823364258,73,0.1741132140159607
3606,4317823.076061575,3160657.8330213833,7.55403995513916,73,4.598175048828125
3607,4317923.101250375,3160656.465437623,3.923722505569458,76,13.106653213500977
3608,4318023.126423121,3160655.097858077,20.776844024658203,81,6.111710071563721
3609,4318123.151579786,3160653.730282744,44.794166564941406,91,1.469907522201538
3610,4318223.176720336,3160652.362711624,24.767650604248047,92,8.786036491394043
3611,4318323.2018447425,3160650.9951447197,34.23401641845703,99,0.4164971113204956
3612,4318423.226952971,3160649.6275820322,15.554535865783691,90,0
3613,4318523.252044998,3160648.2600235627,6.034932613372803,74,0
3614,4318623.277120785,3160646.8924693093,21.77715301513672,78,0
3615,4318723.302180305,3160645.5249192696,18.078937530517578,65,0.13099715113639832
3616,4318823.327223529,3160644.157373449,5.54636287689209,63,0.1739145815372467
3617,4318923.352250422,3160642.7898318437,0,0,0
3618,4319023.377260956,3160641.4222944607,0,0,0
3619,4319123.402255101,3160640.054761297,11.41364860534668,85,0
3620,4319223.427232824,3160638.6872323505,66.6838150024414,93,0
3621,4319323.452194098,3160637.3197076223,4.934853553771973,86,0
3622,4319423.477138886,3160635.9521871167,0,0,0
3623,4319523.502067164,3160634.5846708314,0.4396977722644806,44,0
3624,4319623.526978898,3160633.2171587627,0,0,0
3625,4319723.5518740555,3160631.8496509152,0,0,0
3626,4319823.57675261,3160630.4821472927,0,0,0
3627,4319923.601614529,3160629.114647894,0.18402764201164246,59,0
3628,4320023.62645978,3160627.747152716,2.5421388149261475,59,0
3629,4320123.651288337,3160626.379661759,10.016270637512207,83,0
3630,4320223.676100164,3160625.0121750254,7.527628421783447,58,0
3631,4320323.700895235,3160623.6446925136,0.32618167996406555,47,0
3632,4320423.725673513,3160622.2772142286,0,0,0
3633,4320523.750434974,3160620.9097401663,0,0,0
3634,4320623.775179585,3160619.542270329,0,0,0
3635,4320723.799907313,3160618.17480472,0,0,0
3636,4320823.824618129,3160616.8073433363,0,0,0
3637,4320923.849312004,3160615.439886175,0,0,0
3638,4321023.873988906,3160614.07243324,0,0,0
3639,4321123.898648802,3160612.704984537,0.09670674055814743,37,20.127761840820312
3640,4321223.9232916655,3160611.337540061,1.0648279190063477,51,3.007995128631592
3641,4321323.947917462,3160609.9700998086,0.23338131606578827,69,0.2099229246377945
3642,4321423.972526165,3160608.602663788,16.523296356201172,92,28.286930084228516
3643,4321523.997117739,3160607.2352319933,22.81270980834961,84,26.323896408081055
3644,4321624.021692155,3160605.867804429,5.894813537597656,63,28.33438491821289
3645,4321724.046249384,3160604.500381095,7.409423351287842,71,2.495739221572876
3646,4321824.070789398,3160603.132961987,2.3443708419799805,69,0
3647,4321924.095312156,3160601.7655471116,4.201308727264404,69,0
3648,4322024.119817639,3160600.3981364695,0,0,0
3649,4322124.144305807,3160599.030730056,62.30542755126953,100,0
3650,4322224.168776638,3160597.6633278746,97.809112548828125,100,0
3651,4322324.193230093,3160596.2959299246,98.35670471191406,100,0
3652,4322424.217666147,3160594.9285362074,98.88651275634766,100,0
3653,4322524.242084767,3160593.561146722,98.18141174316406,100,0
3654,4322624.266485922,3160592.193761472,97.8763198852539,100,0
3655,4322724.290869583,3160590.8263804517,96.47071838378906,100,0
3656,4322824.315235716,3160589.459003668,92.93885803222656,100,0
3657,4322924.3395842975,3160588.0916311224,91.61116027832031,100,0
3658,4323024.363915289,3160586.7242628075,93.30497741699219,99,0
3659,4323124.388228663,3160585.356898726,94.44239044189453,99,0
3660,4323224.412524389,3160583.989538883,92.56476593017578,100,0
3661,4323324.436802436,3160582.6221832754,94.28880310058594,100,0
3662,4323424.461062772,3160581.254831902,93.96936798095703,100,0
3663,4323524.485305367,3160579.887484766,93.44291687011719,100,0
3664,4323624.509530193,3160578.5201418716,95.26304626464844,100,0
3665,4323724.533737216,3160577.1528032143,97.70985412597656,100,0
3666,4323824.557926407,3160575.785468793,98.74993896484375,100,0
3667,4323924.582097733,3160574.4181386097,43.97664260864258,99,0
3711,4312720.4032963365,3160627.559172721,9.244749069213867,56,9.217606544494629
3712,4312820.429264666,3160626.191390074,2.2904696464538574,61,0
3713,4312920.455218508,3160624.8236116352,0,0,0.06214667111635208
3714,4313020.481157831,3160623.4558374085,0,0,0
3715,4313120.507082607,3160622.0880673933,0.5290093421936035,59,0
3716,4313220.532992805,3160620.720301592,6.519518852233887,68,10.366654396057129
3717,4313320.558888391,3160619.3525400036,0,0,0.2999850809574127
3718,4313420.584769336,3160617.9847826296,0.092282235622406,53,13.295638084411621
3719,4313520.610635613,3160616.617029467,19.065513610839844,93,2.5646796226501465
3720,4313620.636487187,3160615.2492805207,12.207423210144043,62,17.518428802490234
3721,4313720.662324027,3160613.88153579,7.533363342285156,60,14.250890731811523
3722,4313820.688146106,3160612.513795271,2.2561845779418945,58,1.423061490058899
3723,4313920.713953388,3160611.1460589673,0.3894895911216736,45,5.19045352935791
3724,4314020.739745849,3160609.778326883,0,0,6.616216659545898
3725,4314120.765523453,3160608.4105990147,0.10753754526376724,57,2.3851475715637207
3726,4314220.79128617,3160607.04287536,25.492996215820312,83,28.760705947875977
3727,4314320.817033973,3160605.6751559223,5.072100639343262,56,56.0260009765625
3728,4314420.842766824,3160604.307440705,0.7651506662368774,47,67.282623291015625
3729,4314520.868484702,3160602.939729705,7.270916938781738,51,57.05004119873047
3730,4314620.894187569,3160601.572022923,13.352158546447754,83,47.78398513793945
3731,4314720.9198753955,3160600.2043203586,39.993350982666016,89,16.879512786865234
3732,4314820.9455481535,3160598.8366220132,84.33745574951172,91,0
3733,4314920.971205812,3160597.4689278887,89.154510498046875,100,0
3734,4315020.996848337,3160596.101237986,79.5699462890625,100,1.3850595951080322
3735,4315121.0224757,3160594.733552305,15.030728340148926,87,4.126980781555176
3736,4315221.04808787,3160593.365870842,18.68343734741211,80,23.533761978149414
3737,4315321.073684816,3160591.9981935974,25.18219757080078,74,21.66779899597168
3738,4315421.09926651,3160590.6305205794,20.502304077148438,79,44.17393493652344
3739,4315521.124832918,3160589.262851782,40.88835906982422,99,23.01341438293457
3740,4315621.150384009,3160587.895187205,31.884042739868164,90,30.420551300048828
3741,4315721.175919754,3160586.527526852,8.853970527648926,72,59.77816390991211
3742,4315821.201440122,3160585.1598707247,21.73467445373535,70,54.20402145385742
3743,4315921.226945084,3160583.7922188207,2.315150022506714,58,89.98497009277344
3744,4316021.252434608,3160582.42457114,0,0,100
3745,4316121.2779086605,3160581.0569276824,0,0,99.99999237060547
3746,4316221.303367214,3160579.6892884527,0.8786240816116333,44,77.27054595947266
3747,4316321.328810236,3160578.321653447,4.566640377044678,45,60.52665328979492
3748,4316421.354237698,3160576.954022667,2.05808687210083,52,69.90345001220703
3749,4316521.3796495665,3160575.586396114,4.655333995819092,56,59.34166717529297
3750,4316621.405045815,3160574.2187737874,21.655569076538086,72,41.193634033203125
3751,4316721.4304264095,3160572.8511556876,11.186762809753418,66,66.49940490722656
3752,4316821.455791319,3160571.483541816,0,0,97.949493408203125
3753,4316921.481140513,3160570.115932173,0,0,76.33203887939453
3754,4317021.506473964,3160568.748326757,4.841376304626465,98,53.79632568359375
3755,4317121.5317916395,3160567.380725569,23.45197296142578,98,50.74918746948242
3756,4317221.557093509,3160566.013128611,23.0535945892334,82,33.00276565551758
3757,4317321.582379535,3160564.645535883,19.44394302368164,77,43.25908660888672
3758,4317421.607649699,3160563.2779473853,13.947379112243652,71,19.983041763305664
3759,4317521.63290396,3160561.9103631172,17.06361198425293,88,0.05390120670199394
3760,4317621.658142296,3160560.5427830806,58.506011962890625,100,0.19301359355449677
3761,4317721.683364667,3160559.175207275,44.97121810913086,100,0
3762,4317821.708571049,3160557.8076357017,14.485180854797363,93,31.551164627075195
3763,4317921.73376141,3160556.4400683613,5.864689826965332,90,58.29540252685547
3764,4318021.758935719,3160555.0725052534,30.68521499633789,93,4.938880443572998
3765,4318121.784093945,3160553.7049463755,19.250946044921875,88,0
3766,4318221.809236057,3160552.3373917327,53.4444580078125,87,0.014266218058764935
3767,4318321.834362024,3160550.9698413233,29.091392517089844,86,1.8099664449691772
3768,4318421.859471819,3160549.6022951463,46.120025634765625,100,0
3769,4318521.884565405,3160548.234753207,29.327587127685547,100,0
3770,4318621.909642755,3160546.867215501,26.354995727539062,84,2.5407052040100098
3771,4318721.934703838,3160545.499682031,15.57961368560791,64,10.434011459350586
3772,4318821.959748626,3160544.132152798,31.730268478393555,84,2.089766263961792
3773,4318921.984777083,3160542.7646277985,9.1815643310546875,77,0
3774,4319022.00978918,3160541.397107038,2.5884244441986084,56,0
3775,4319122.03478489,3160540.029590515,4.440249919891357,67,0
3776,4319222.059764178,3160538.662078228,40.34397888183594,98,0
3777,4319322.084727012,3160537.2945701787,46.535160064697266,94,0
3778,4319422.109673369,3160535.9270663676,34.717185974121094,88,0
3779,4319522.134603209,3160534.5595667977,0,0,0
3780,4319622.159516508,3160533.1920714634,0,0,0
3781,4319722.184413233,3160531.8245803686,0,0,0
3782,4319822.209293352,3160530.457093518,0,0,0
3783,4319922.234156837,3160529.0896109072,0.7563860416412354,64,0
3784,4320022.259003657,3160527.722132538,16.98914337158203,81,0
3785,4320122.2838337775,3160526.3546584067,53.0936279296875,85,0
3786,4320222.308647172,3160524.9871885153,47.46903610229492,84,0
3787,4320322.333443807,3160523.6197228674,1.447816014289856,62,0
3788,4320422.358223656,3160522.2522614636,0,0,0
3789,4320522.382986683,3160520.8848043056,0,0,0
3790,4320622.407732861,3160519.5173513857,6.074961185455322,70,0
3791,4320722.432462158,3160518.149902712,0,0,0
3792,4320822.457174543,3160516.7824582825,0,0,0
3793,4320922.481869984,3160515.415018097,0,0,0
3794,4321022.506548455,3160514.0475821537,0,0,0
3795,4321122.5312099205,3160512.680150457,8.88526725769043,58,22.23936653137207
3796,4321222.555854353,3160511.31272301,4.05068826675415,68,3.863638401031494
3797,4321322.580481719,3160509.9452998084,34.11424255371094,84,9.223014831542969
3798,4321422.605091991,3160508.5778808524,65.84458923339844,94,1.6112251281738281
3799,4321522.629685135,3160507.2104661413,19.8193302154541,89,0
3800,4321622.654261123,3160505.843055677,36.751800537109375,100,0
3801,4321722.678819922,3160504.4756494653,59.57306671142578,100,0
3802,4321822.703361503,3160503.108247498,39.49757766723633,90,0
3803,4321922.727885836,3160501.740849781,50.29954528808594,100,0
3804,4322022.752392888,3160500.3734563114,29.920310974121094,100,0
3805,4322122.77688263,3160499.0060670944,72.2430419921875,100,0
3806,4322222.801355028,3160497.638682129,94.3669204711914,100,0
3807,4322322.82581006,3160496.2713014088,95.8932876586914,100,0
3808,4322422.850247683,3160494.903924939,95.59358215332031,100,0
3809,4322522.874667876,3160493.5365527226,97.90351104736328,100,0
3810,4322622.899070605,3160492.1691847593,95.83915710449219,100,0
3811,4322722.923455838,3160490.8018210456,94.0837631225586,100,0
3812,4322822.947823547,3160489.4344615866,95.0605697631836,100,0
3813,4322922.972173698,3160488.067106382,95.13809967041016,100,0
3814,4323022.996506264,3160486.6997554274,95.14494323730469,100,0
3815,4323123.020821211,3160485.332408727,95.35411834716797,100,0
3816,4323223.045118511,3160483.96506628,94.14862060546875,100,0
3817,4323323.069398132,3160482.597728087,93.395111083984375,99,0
3818,4323423.0936600445,3160481.2303941483,91.686676025390625,99,0
3819,4323523.117904215,3160479.863064467,93.12816619873047,100,0
3820,4323623.142130614,3160478.4957390428,92.91130828857422,100,0
3821,4323723.166339213,3160477.1284178738,97.61924743652344,100,0
3822,4323823.190529979,3160475.7611009614,95.51832580566406,100,0
3867,4312719.03574302,3160527.532975175,0,0,3.913938283920288
3868,4312819.061712906,3160526.165208006,0,0,0
3869,4312919.087668299,3160524.797445065,0,0,0
3870,4313019.11360918,3160523.429686355,0,0,0
3871,4313119.13953551,3160522.0619318755,0,0,0.8461645841598511
3872,4313219.165447262,3160520.694181626,0.7952626943588257,62,19.32097053527832
3873,4313319.191344404,3160519.3264356074,2.152966260910034,42,43.8778076171875
3874,4313419.217226907,3160517.9586938233,10.96776008605957,69,55.47639846801758
3875,4313519.243094738,3160516.5909562735,21.385051727294922,95,44.39083480834961
3876,4313619.268947869,3160515.2232229523,0.05593186616897583,54,86.39014434814453
3877,4313719.294786267,3160513.8554938645,0.5673356056213379,45,88.9300765991211
3878,4313819.3206099,3160512.487769011,1.4824566841125488,48,58.013797760009766
3879,4313919.346418742,3160511.1200483916,0.06019330024719238,45,30.134967803955078
3880,4314019.372212757,3160509.7523320084,0,0,5.165942192077637
3881,4314119.39799192,3160508.38461986,0,0,15.051997184753418
3882,4314219.423756197,3160507.016911944,15.88179874420166,68,38.95185852050781
3883,4314319.449505555,3160505.649208262,1.4489799737930298,39,55.30748748779297
3884,4314419.475239969,3160504.281508819,13.464240074157715,60,47.58155822753906
3885,4314519.500959403,3160502.9138136124,3.7898447513580322,47,56.04294204711914
3886,4314619.526663829,3160501.5461226422,0.5904353857040405,35,62.3629035949707
3887,4314719.552353216,3160500.17843591,15.770179748535156,77,44.499732971191406
3888,4314819.578027534,3160498.810753413,76.59786224365234,88,0
3889,4314919.603686751,3160497.443075154,83.94281768798828,95,0
3890,4315019.629330834,3160496.0754011353,80.55669403076172,99,1.7303481101989746
3891,4315119.65495976,3160494.7077313582,28.184524536132812,93,3.1464879512786865
3892,4315219.6805734895,3160493.340065816,19.140209197998047,85,29.588401794433594
3893,4315319.706171997,3160491.972404516,11.502878189086914,73,53.5366325378418
3894,4315419.731755251,3160490.6047474574,10.160757064819336,83,63.43650436401367
3895,4315519.7573232185,3160489.237094636,71.773406982421875,92,2.6523334980010986
3896,4315619.782875872,3160487.8694460564,60.93208694458008,100,7.4244771003723145
3897,4315719.8084131805,3160486.5018017176,21.26394271850586,82,45.0986328125
3898,4315819.833935111,3160485.1341616223,0,0,85.89844512939453
3899,4315919.859441633,3160483.7665257733,0,0,100
3900,4316019.884932717,3160482.3988941587,0,0,100
3901,4316119.910408333,3160481.0312667894,0,0,99.99999237060547
3902,4316219.9358684495,3160479.663643665,0,0,90.87763214111328
3903,4316319.961313035,3160478.296024786,0,0,92.91395568847656
3904,4316419.986742062,3160476.9284101496,2.1234443187713623,49,80.779632568359375
3905,4316520.012155495,3160475.560799757,3.3103368282318115,67,74.987762451171875
3906,4316620.037553306,3160474.1931936126,10.288154602050781,67,51.993194580078125
3907,4316720.062935464,3160472.825591712,10.926148414611816,64,45.490440368652344
3908,4316820.088301938,3160471.457994057,14.982128143310547,81,58.49913024902344
3909,4316920.1136527,3160470.09040065,12.230454444885254,81,49.05784225463867
3910,4317020.138987713,3160468.722811489,8.354191780090332,70,61.76157760620117
3911,4317120.164306953,3160467.355226575,0,0,85.7762451171875
3912,4317220.189610384,3160465.9876459055,8.650689125061035,66,65.67259979248047
3913,4317320.21489798,3160464.620069487,3.898080348968506,52,63.63018798828125
3914,4317420.24016971,3160463.252497319,6.866860866546631,74,56.48258972167969
3915,4317520.265425539,3160461.884929397,40.241355895996094,95,22.020790100097656
3916,4317620.2906654375,3160460.5173657252,73.417724609375,100,3.456700086593628
3917,4317720.315889378,3160459.149806303,79.66255187988281,100,4.4856719970703125
3918,4317820.341097327,3160457.782251129,69.079803466796875,100,5.125431060791016
3919,4317920.366289254,3160456.414700207,52.86052703857422,96,6.36878776550293
3920,4318020.391465131,3160455.0471535367,16.820743560791016,94,9.186491012573242
3921,4318120.416624923,3160453.679611117,4.996756553649902,71,8.457196235656738
3922,4318220.441768605,3160452.312072953,22.201190948486328,90,9.411116600036621
3923,4318320.46689614,3160450.944539038,44.3929328918457,93,7.4765496253967285
3924,4318420.492007501,3160449.577009373,57.360225677490234,97,0.11555588245391846
3925,4318520.517102658,3160448.2094839616,30.821502685546875,97,0
3926,4318620.542181576,3160446.8419628055,7.91231107711792,80,0
3927,4318720.56724423,3160445.474445906,2.4103894233703613,57,0
3928,4318820.592290585,3160444.1069332575,2.6371564865112305,75,0
3929,4318920.617320611,3160442.7394248615,15.586037635803223,75,0
3930,4319020.642334279,3160441.3719207267,21.411779403686523,65,0
3931,4319120.667331558,3160440.0044208444,2.7360422611236572,56,0
3932,4319220.692312416,3160438.636925215,0.05931124463677406,49,0
3933,4319320.717276823,3160437.2694338467,0.4303518831729889,49,0
3934,4319420.742224748,3160435.9019467323,24.24776268005371,80,0
3935,4319520.767156162,3160434.5344638745,11.78179931640625,77,0
3936,4319620.792071031,3160433.166985275,0,0,0
3937,4319720.816969328,3160431.7995109344,0,0,0
3938,4319820.841851018,3160430.4320408525,0,0,0
3939,4319920.866716077,3160429.0645750314,0,0,0
3940,4320020.891564466,3160427.6971134697,26.459318161010742,90,0
3941,4320120.916396162,3160426.3296561637,40.71453857421875,90,0
3942,4320220.941211128,3160424.9622031166,9.916936874389648,60,0
3943,4320320.966009337,3160423.5947543317,0,0,0
3944,4320420.990790758,3160422.227309812,2.423164129257202,60,0
3945,4320521.015555359,3160420.859869551,7.908956527709961,60,0
3946,4320621.040303112,3160419.4924335503,9.709450721740723,65,0
3947,4320721.065033982,3160418.1250018133,0,0,0
3948,4320821.089747941,3160416.7575743385,0,0,0
3949,4320921.114444959,3160415.390151127,0,0,0
3950,4321021.1391250035,3160414.022732177,2.193176031112671,52,0.5828875303268433
3951,4321121.163788045,3160412.6553174886,10.682182312011719,67,29.475078582763672
3952,4321221.18843405,3160411.2879070695,17.388103485107422,81,10.82961654663086
3953,4321321.213062994,3160409.920500916,61.74185562133789,85,0.004098059609532356
3954,4321421.23767484,3160408.5530990236,34.2763557434082,89,0
3955,4321521.262269561,3160407.185701397,2.9139223098754883,42,0
3956,4321621.286847126,3160405.8183080354,0,0,0
3957,4321721.311407501,3160404.4509189418,0,0,0
3958,4321821.33595066,3160403.083534117,25.438201904296875,97,0
3959,4321921.360476567,3160401.7161535574,96.860595703125,100,0
3960,4322021.384985199,3160400.348777265,98.66011047363281,100,0
3961,4322121.409476517,3160398.981405241,93.64398193359375,100,0
3962,4322221.433950494,3160397.6140374886,93.45340728759766,99,0
3963,4322321.4584071,3160396.2466740003,94.86921691894531,100,0
3964,4322421.482846305,3160394.8793147793,94.27442932128906,100,0
3965,4322521.507268075,3160393.511959832,94.852386474609375,100,0
3966,4322621.531672384,3160392.1446091556,92.28240966796875,100,0
3967,4322721.556059195,3160390.77726275,93.312713623046875,100,0
3968,4322821.580428483,3160389.409920614,93.86164093017578,100,0
3969,4322921.604780215,3160388.042582749,94.93891906738281,100,0
3970,4323021.62911436,3160386.675249155,94.40091705322266,100,0
3971,4323121.653430888,3160385.3079198324,93.94261932373047,100,0
3972,4323221.677729767,3160383.940594786,93.501312255859375,100,0
3973,4323321.702010971,3160382.5732740094,93.33043670654297,100,0
3974,4323421.726274461,3160381.2059575045,92.00470733642578,99,0
3975,4323521.750520214,3160379.8386452748,93.4149169921875,100,0
3976,4323621.774748195,3160378.471337319,95.04386901855469,100,0
3977,4323721.798958376,3160377.10403364,95.41108703613281,100,0
3978,4323821.823150722,3160375.7367342357,95.514434814453125,100,0
4023,4312717.668206191,3160427.506778749,0,0,0.4988051950931549
4024,4312817.694177633,3160426.1390270567,0.6082898378372192,54,2.83404278755188
4025,4312917.720134591,3160424.7712796144,10.535714149475098,71,9.95413875579834
4026,4313017.746077032,3160423.4035364217,8.953446388244629,66,28.237680435180664
4027,4313117.772004924,3160422.0357974763,9.078352928161621,60,59.2220344543457
4028,4313217.797918237,3160420.668062782,3.442247152328491,64,69.72566986083984
4029,4313317.823816941,3160419.3003323358,0,0,85.2842025756836
4030,4313417.849701007,3160417.932606142,0,0,96.56563568115234
4031,4313517.875570401,3160416.5648842016,0,0,86.020111083984375
4032,4313617.901425093,3160415.197166506,0,0,84.22676849365234
4033,4313717.927265053,3160413.829453062,5.502294063568115,58,65.9754867553711
4034,4313817.9530902505,3160412.4617438754,4.972578525543213,70,53.098392486572266
4035,4313917.978900655,3160411.094038939,0,0,71.63652801513672
4036,4314018.004696236,3160409.7263382557,0,0,8.603227615356445
4037,4314118.030476962,3160408.358641826,0,0,13.848925590515137
4038,4314218.056242802,3160406.99094965,0.419704407453537,42,67.630126953125
4039,4314318.081993726,3160405.623261725,3.399412155151367,48,59.277015686035156
4040,4314418.107729703,3160404.255578054,5.952784061431885,52,63.60026550292969
4041,4314518.133450703,3160402.88789864,4.237697601318359,47,60.15851593017578
4042,4314618.159156693,3160401.520223483,1.5738295316696167,42,63.81143569946289
4043,4314718.184847646,3160400.15255258,7.00275993347168,49,50.70234298706055
4044,4314818.210523529,3160398.7848859304,12.012948036193848,76,15.741996765136719
4045,4314918.236184311,3160397.4172235406,52.38037109375,86,1.1851218938827515
4046,4315018.261829964,3160396.0495654093,67.76416778564453,95,14.66873836517334
4047,4315118.287460452,3160394.6819115328,24.325664520263672,97,25.65391731262207
4048,4315218.313075749,3160393.314261914,29.722084045410156,74,32.393898010253906
4049,4315318.338675824,3160391.9466165537,0,0,97.397552490234375
4050,4315418.364260643,3160390.5789754544,6.239358425140381,81,64.69593048095703
4051,4315518.389830182,3160389.2113386113,49.290225982666016,90,0
4052,4315618.415384402,3160387.843706027,64.46685791015625,95,0.4403032064437866
4053,4315718.4409232745,3160386.4760777033,29.3703556060791,82,27.52371597290039
4054,4315818.466446776,3160385.1084536402,0,0,85.56914520263672
4055,4315918.491954867,3160383.740833839,0,0,100
4056,4316018.51744752,3160382.3732182966,0,0,99.47367095947266
4057,4316118.542924705,3160381.0056070164,0,0,96.74419403076172
4058,4316218.568386389,3160379.638,0,0,93.78958892822266
4059,4316318.593832546,3160378.2703972445,0,0,96.3172836303711
4060,4316418.619263139,3160376.902798752,5.364184379577637,56,62.826148986816406
4061,4316518.644678143,3160375.5352045214,12.616545677185059,69,54.18540954589844
4062,4316618.670077524,3160374.1676145564,24.12041664123535,74,35.37516784667969
4063,4316718.695461253,3160372.800028854,5.51017427444458,55,52.11497116088867
4064,4316818.720829298,3160371.4324474176,23.978662490844727,68,37.06507110595703
4065,4316918.746181628,3160370.064870245,17.67424774169922,76,38.37234115600586
4066,4317018.771518215,3160368.697297337,3.2074286937713623,50,65.289031982421875
4067,4317118.796839025,3160367.3297286965,19.867488861083984,70,41.534332275390625
4068,4317218.82214403,3160365.9621643196,10.351847648620605,66,68.03104400634766
4069,4317318.847433197,3160364.5946042123,3.9795260429382324,46,59.93495178222656
4070,4317418.872706497,3160363.227048372,18.400787353515625,74,36.409786224365234
4071,4317518.897963898,3160361.8594967946,39.445064544677734,93,11.880830764770508
4072,4317618.92320537,3160360.4919494875,77.461700439453125,98,1.9154787063598633
4073,4317718.948430884,3160359.124406449,58.88864517211914,99,16.31023597717285
4074,4317818.973640406,3160357.756867677,46.05744552612305,95,21.21489715576172
4075,4317918.998833906,3160356.389333175,38.22649383544922,92,13.847646713256836
4076,4318019.024011357,3160355.0218029423,63.09592819213867,100,0
4077,4318119.049172725,3160353.6542769796,24.216859817504883,94,0
4078,4318219.074317977,3160352.2867552913,0,0,0
4079,4318319.099447087,3160350.9192378717,0,0,0.7971705794334412
4080,4318419.124560024,3160349.551724719,8.21788501739502,60,23.536958694458008
4081,4318519.149656753,3160348.1842158367,0,0,62.26734924316406
4082,4318619.174737249,3160346.81671123,0.42337945103645325,73,16.622289657592773
4083,4318719.199801476,3160345.4492108985,0,0,0.025713764131069183
4084,4318819.224849407,3160344.081714834,0,0,0
4085,4318919.249881009,3160342.7142230435,0,0,0
4086,4319019.274896255,3160341.3467355315,23.519927978515625,73,0
4087,4319119.299895107,3160339.979252292,42.05697250366211,87,0
4088,4319219.324877542,3160338.611773323,0.25025779008865356,82,0
4089,4319319.349843525,3160337.2442986327,0,0,0
4090,4319419.374793029,3160335.8768282156,1.2714146375656128,72,0
4091,4319519.399726017,3160334.5093620713,38.67575454711914,76,0
4092,4319619.424642466,3160333.1419002065,5.913593292236328,67,0
4093,4319719.44954234,3160331.774442619,1.301978588104248,52,0
4094,4319819.47442561,3160330.406989306,0.01762237213551998,61,0
4095,4319919.499292244,3160329.0395402727,5.69148588180542,75,0
4096,4320019.524142214,3160327.6720955167,38.44389343261719,87,0
4097,4320119.548975488,3160326.304655038,33.38502883911133,85,0
4098,4320219.573792033,3160324.9372188374,0,0,0
4099,4320319.598591822,3160323.569786916,0,0,0
4100,4320419.623374823,3160322.2023592736,20.968486785888672,72,0
4101,4320519.648141003,3160320.8349359105,2.895163059234619,69,0
4102,4320619.672890335,3160319.4675168274,11.686893463134766,66,0
4103,4320719.697622785,3160318.100102026,0,0,0
4104,4320819.722338325,3160316.7326915073,0,0,0
4105,4320919.747036925,3160315.3652852695,5.663670539855957,63,2.4172682762145996
4106,4321019.77171855,3160313.997883311,16.073972702026367,80,10.393241882324219
4107,4321119.79638317,3160312.630485634,40.672332763671875,91,0.4609934389591217
4108,4321219.821030761,3160311.263092246,28.522258758544922,86,0
4109,4321319.8456612835,3160309.895703137,54.56743240356445,82,2.148536443710327
4110,4321419.870274712,3160308.52831831,12.366162300109863,75,0
4111,4321519.894871017,3160307.1609377684,4.076034069061279,69,0
4112,4321619.919450159,3160305.7935615103,0,0,0
4113,4321719.944012121,3160304.426189537,0.29967188835144043,40,0
4114,4321819.968556861,3160303.058821849,38.4001350402832,98,0
4115,4321919.993084354,3160301.691458449,95.9152603149414,100,0
4116,4322020.0175945675,3160300.324099333,96.19286346435547,100,0
4117,4322120.042087471,3160298.9567445023,93.43334197998047,100,0
4118,4322220.066563033,3160297.5893939626,91.77227783203125,100,0
4119,4322320.091021221,3160296.2220477075,91.22941589355469,100,0
4120,4322420.115462011,3160294.854705738,88.58222198486328,97,0
4121,4322520.139885367,3160293.487368058,94.33716583251953,100,0
4122,4322620.164291258,3160292.120034669,94.75818634033203,100,0
4123,4322720.188679657,3160290.752705567,94.1285171508789,100,0
4124,4322820.213050528,3160289.385380753,95.13426971435547,100,0
4125,4322920.237403846,3160288.0180602307,95.11316680908203,100,0
4126,4323020.261739577,3160286.6507439963,95.29826354980469,100,0
4127,4323120.286057692,3160285.283432054,92.63201904296875,100,0
4128,4323220.310358159,3160283.916124402,90.36285400390625,98,0
4129,4323320.334640946,3160282.5488210414,91.63812255859375,97,0
4130,4323420.358906025,3160281.1815219736,92.11560821533203,100,0
4131,4323520.383153364,3160279.8142271964,94.01313781738281,100,0
4132,4323620.4073829325,3160278.44693671,94.5936050415039,100,0
4133,4323720.431594701,3160277.079650521,92.57183837890625,99,0
4134,4323820.455788637,3160275.712368625,95.9872055053711,100,0
4135,4323920.47996471,3160274.345091023,98.46356201171875,100,0
4182,4312716.300685849,3160327.480583449,32.15311813354492,90,9.035351753234863
4183,4312816.32665886,3160326.112847237,26.80970573425293,79,17.862728118896484
4184,4312916.352617383,3160324.745115294,21.76738166809082,75,46.27280807495117
4185,4313016.378561391,3160323.377387617,4.980099201202393,65,68.41394805908203
4186,4313116.40449085,3160322.009664206,0,0,81.76666259765625
4187,4313216.430405731,3160320.641945066,1.7930127382278442,58,80.82508850097656
4188,4313316.456306004,3160319.274230192,4.579168796539307,61,82.11576843261719
4189,4313416.482191637,3160317.9065195867,0,0,96.05291748046875
4190,4313516.5080626,3160316.538813253,0,0,93.7949447631836
4191,4313616.533918859,3160315.171111187,0,0,94.00617218017578
4192,4313716.559760391,3160313.8034133893,0,0,94.972137451171875
4193,4313816.585587158,3160312.4357198672,2.2384207248687744,55,69.577362060546875
4194,4313916.611399131,3160311.0680306135,0,0,72.5609130859375
4195,4314016.63719628,3160309.700345631,1.7563856840133667,75,8.605734825134277
4196,4314116.662978577,3160308.33266492,2.3141589164733887,60,10.302094459533691
4197,4314216.688745987,3160306.9649884794,23.927841186523438,85,11.552035331726074
4198,4314316.714498483,3160305.597316313,10.342238426208496,82,32.19563293457031
4199,4314416.74023603,3160304.229648418,0.3072168827056885,42,72.72541046142578
4200,4314516.765958601,3160302.861984795,7.896481037139893,51,49.83970260620117
4201,4314616.791666162,3160301.4943254483,0.5293573141098022,46,68.13306427001953
4202,4314716.817358686,3160300.126670375,5.402458190917969,48,61.60478210449219
4203,4314816.843036141,3160298.759019577,6.843835830688477,50,47.00228500366211
4204,4314916.868698495,3160297.391373056,31.28710174560547,83,2.1113879680633545
4205,4315016.894345719,3160296.0237308075,57.462093353271484,90,19.8515625
4206,4315116.919977781,3160294.6560928347,8.539137840270996,66,70.52075958251953
4207,4315216.9455946535,3160293.288459139,27.805431365966797,73,7.178712368011475
4208,4315316.971196298,3160291.920829718,0.14468374848365784,53,84.43873596191406
4209,4315416.996782693,3160290.5532045765,0,0,81.44691467285156
4210,4315517.0223538,3160289.1855837116,68.93463134765625,100,3.1781938076019287
4211,4315617.047909597,3160287.8179671243,27.543188095092773,87,0
4212,4315717.073450046,3160286.4503548164,51.27851486206055,83,11.41883659362793
4213,4315817.098975118,3160285.0827467837,0.31016671657562256,67,89.67933654785156
4214,4315917.124484784,3160283.7151430324,0,0,99.82206726074219
4215,4316017.149979012,3160282.3475435623,0,0,100
4216,4316117.175457771,3160280.979948371,0,0,98.90553283691406
4217,4316217.200921033,3160279.61235746,0,0,97.670623779296875
4218,4316317.2263687635,3160278.244770828,1.4290030002593994,42,83.52076721191406
4219,4316417.251800934,3160276.8771884767,4.317863464355469,57,57.2977180480957
4220,4316517.277217512,3160275.5096104112,11.791194915771484,67,55.35357666015625
4221,4316617.302618471,3160274.1420366247,13.567288398742676,66,49.878662109375
4222,4316717.3280037735,3160272.7744671227,15.147727012634277,68,39.51179885864258
4223,4316817.353373397,3160271.406901904,0.5906222462654114,65,81.33907318115234
4224,4316917.378727306,3160270.0393409664,1.7856192588806152,59,74.2216796875
4225,4317017.404065468,3160268.671784311,1.029284119606018,54,62.805641174316406
4226,4317117.429387856,3160267.3042319412,2.9344558715820312,62,71.59320068359375
4227,4317217.454694438,3160265.936683858,10.516197204589844,69,62.76274490356445
4228,4317317.479985184,3160264.56914006,1.9907333850860596,43,74.67391204833984
4229,4317417.505260061,3160263.2016005446,11.414872169494629,64,52.845664978027344
4230,4317517.53051904,3160261.8340653162,13.995838165283203,66,46.60054016113281
4231,4317617.5557620935,3160260.466534373,25.9416561126709,81,31.237228393554688
4232,4317717.580989183,3160259.099007717,22.612274169921875,81,36.19544982910156
4233,4317817.606200284,3160257.7314853477,11.616284370422363,71,21.239789962768555
4234,4317917.631395367,3160256.3639672687,17.904212951660156,62,35.276546478271484
4235,4318017.656574395,3160254.9964534747,27.02625846862793,86,17.801942825317383
4236,4318117.681737342,3160253.6289439676,68.53846740722656,93,0.6927825212478638
4237,4318217.7068841765,3160252.261438753,56.392486572265625,92,0.555571973323822
4238,4318317.732014867,3160250.8939378266,49.8632698059082,98,0
4239,4318417.757129383,3160249.5264411867,55.67108154296875,97,4.310310363769531
4240,4318517.782227693,3160248.158948837,54.36277770996094,100,12.867639541625977
4241,4318617.807309771,3160246.791460779,68.95527648925781,92,2.353940725326538
4242,4318717.832375579,3160245.423977012,19.793312072753906,84,1.8587788343429565
4243,4318817.857425091,3160244.0564975366,0,0,0.3808816373348236
4244,4318917.882458276,3160242.6890223515,11.794363975524902,71,0
4245,4319017.907475102,3160241.3215514617,62.326602935791016,92,0
4246,4319117.93247554,3160239.954084863,81.38048553466797,94,0
4247,4319217.957459557,3160238.586622553,41.20294189453125,82,0
4248,4319317.982427124,3160237.2191645373,0.8617880940437317,73,0
4249,4319418.007378208,3160235.851710816,0,0,0
4250,4319518.032312782,3160234.4842613926,5.662501335144043,67,0
4251,4319618.057230815,3160233.116816262,46.06254577636719,72,0
4252,4319718.0821322715,3160231.749375423,47.90298843383789,76,0
4253,4319818.107017125,3160230.381938882,58.28276824951172,85,0
4254,4319918.131885345,3160229.014506638,69.861236572265625,82,0
4255,4320018.156736899,3160227.647078688,65.18641662597656,87,0
4256,4320118.181571757,3160226.2796550333,9.491581916809082,83,0
4257,4320218.206389889,3160224.912235677,0.3297741115093231,33,0
4258,4320318.231191262,3160223.544820619,2.8211305141448975,49,0
4259,4320418.255975848,3160222.177409858,21.81905174255371,70,0
4260,4320518.280743615,3160220.8100033943,15.968006134033203,61,0
4261,4320618.305494532,3160219.442601229,2.122196674346924,66,0
4262,4320718.33022857,3160218.0752033615,0.4205656051635742,44,0.29596036672592163
4263,4320818.354945696,3160216.7078098007,0,0,5.445793151855469
4264,4320918.379645881,3160215.3404205344,16.730730056762695,85,6.456130027770996
4265,4321018.404329093,3160213.9730355674,54.1981315612793,98,0
4266,4321118.428995304,3160212.605654903,84.01942443847656,100,0
4267,4321218.453644481,3160211.2382785417,70.24775695800781,92,0
4268,4321318.478276591,3160209.870906478,51.67323684692383,88,0
4269,4321418.502891609,3160208.5035387175,15.296429634094238,67,0
4270,4321518.527489499,3160207.1361752595,3.6287224292755127,64,0
4271,4321618.552070236,3160205.768816106,0,0,0
4272,4321718.576633781,3160204.401461256,23.927764892578125,95,0
4273,4321818.601180113,3160203.0341107054,87.36686706542969,100,0
4274,4321918.625709195,3160201.6667644633,94.429443359375,100,0
4275,4322018.650220997,3160200.2994225216,94.575592041015625,100,0
4276,4322118.674715488,3160198.932084884,93.3642807006836,100,0
4277,4322218.699192641,3160197.5647515566,94.74748229980469,100,0
4278,4322318.7236524215,3160196.1974225347,87.7183837890625,100,0
4279,4322418.748094801,3160194.8300978164,84.87062072753906,95,0
4280,4322518.772519749,3160193.462777404,92.63999938964844,100,0
4281,4322618.796927231,3160192.0954612996,94.98804473876953,100,0
4282,4322718.821317219,3160190.728149501,92.7381591796875,100,0
4283,4322818.845689683,3160189.3608420114,94.58708953857422,100,0
4284,4322918.870044594,3160187.993538833,94.64381408691406,100,0
4285,4323018.894381917,3160186.6262399587,93.54378509521484,100,0
4286,4323118.918701624,3160185.2589453943,91.4051513671875,100,0
4287,4323218.943003682,3160183.8916551406,88.95377349853516,96,0
4288,4323318.967288062,3160182.524369193,91.8419189453125,100,0
4289,4323418.991554735,3160181.1570875603,91.237030029296875,99,0
4290,4323519.015803666,3160179.7898102375,92.72361755371094,100,0
4291,4323619.04003483,3160178.4225372244,96.28485870361328,100,0
4292,4323719.06424819,3160177.055268524,95.68091583251953,100,0
4293,4323819.088443722,3160175.6880041366,95.03304290771484,100,0
4294,4323919.1126213875,3160174.3207440577,96.80047607421875,100,0
4342,4312714.933181994,3160227.4543892858,29.439613342285156,97,22.836017608642578
4343,4312814.9591565775,3160226.0866685533,1.387511968612671,56,76.97437286376953
4344,4312914.985116675,3160224.7189521063,0,0,83.20603942871094
4345,4313015.011062255,3160223.351239947,3.0578713417053223,57,69.35313415527344
4346,4313115.0369932875,3160221.9835320734,0.2826119363307953,54,44.358299255371094
4347,4313215.062909745,3160220.6158284848,6.410521030426025,64,67.198516845703125
4348,4313315.088811589,3160219.2481291825,3.303109884262085,63,74.54322814941406
4349,4313415.1146987975,3160217.880434166,0,0,93.70287322998047
4350,4313515.140571335,3160216.5127434395,0,0,97.76020812988281
4351,4313615.166429171,3160215.1450570016,0,0,99.97911071777344
4352,4313715.192272276,3160213.777374853,0,0,99.97298431396484
4353,4313815.2181006195,3160212.4096969916,0.7704501748085022,50,64.46342468261719
4354,4313915.243914168,3160211.042023419,0,0,4.531022548675537
4355,4314015.269712895,3160209.674354138,12.096207618713379,82,4.872591972351074
4356,4314115.295496766,3160208.3066891455,0.9669612050056458,75,0.46772462129592896
4357,4314215.321265753,3160206.9390284433,0,0,1.5059086084365845
4358,4314315.347019824,3160205.5713720317,0.5296271443367004,53,0.54403156042099
4359,4314415.372758947,3160204.2037199135,5.212549686431885,56,32.364803314208984
4360,4314515.398483096,3160202.836072086,2.128495931625366,42,78.76827239990234
4361,4314615.424192237,3160201.468428549,1.710577368736267,51,72.7408447265625
4362,4314715.449886338,3160200.1007893053,8.693950653076172,50,43.725711822509766
4363,4314815.47556537,3160198.7331543555,15.39378547668457,50,35.618614196777344
4364,4314915.501229303,3160197.3655237015,18.38170051574707,84,11.136171340942383
4365,4315015.526878105,3160195.9978973377,56.54069900512695,87,23.8902645111084
4366,4315115.552511746,3160194.63027527,3.70536208152771,68,77.88065338134766
4367,4315215.578130194,3160193.2626574966,44.463233947753906,73,3.0175516605377197
4368,4315315.603733421,3160191.8950440157,7.042059898376465,70,80.07762145996094
4369,4315415.629321393,3160190.5274348315,0,0,80.22295379638672
4370,4315515.654894084,3160189.1598299462,29.98569679260254,91,38.79774475097656
4371,4315615.680451457,3160187.7922293544,51.40068054199219,86,14.448267936706543
4372,4315715.705993487,3160186.4246330573,51.52473449707031,85,5.468102931976318
4373,4315815.731520138,3160185.0570410606,8.21668815612793,75,82.81847381591797
4374,4315915.757031387,3160183.689453363,0,0,93.05641174316406
4375,4316015.782527194,3160182.321869961,0,0,100
4376,4316115.808007536,3160180.9542908575,0,0,99.99999237060547
4377,4316215.833472377,3160179.5867160526,0,0,99.2750015258789
4378,4316315.858921691,3160178.2191455443,1.5289332866668701,40,70.67498779296875
4379,4316415.884355442,3160176.851579337,1.8387176990509033,36,61.9377555847168
4380,4316515.909773605,3160175.484017433,2.720136880874634,62,58.18981170654297
4381,4316615.9351761425,3160174.116459827,16.037208557128906,66,35.96017837524414
4382,4316715.960563031,3160172.7489065225,17.605297088623047,62,19.843263626098633
4383,4316815.985934236,3160171.3813575213,1.5961930751800537,62,72.89897918701172
4384,4316916.011289726,3160170.013812817,0.9177892804145813,51,87.02616882324219
4385,4317016.036629474,3160168.646272417,0,0,88.49694061279297
4386,4317116.061953445,3160167.278736321,2.321836471557617,52,70.43468475341797
4387,4317216.087261611,3160165.9112045304,8.778657913208008,64,61.09284210205078
4388,4317316.112553941,3160164.5436770404,3.5413944721221924,64,78.2507095336914
4389,4317416.137830402,3160163.1761538517,9.141451835632324,66,44.75914001464844
4390,4317516.163090967,3160161.8086349703,29.557003021240234,76,4.80526065826416
4391,4317616.188335602,3160160.44112039,18.40491485595703,81,29.431957244873047
4392,4317716.2135642795,3160159.073610116,6.85617208480835,81,58.913116455078125
4393,4317816.238776968,3160157.7061041505,35.127559661865234,89,3.560612916946411
4394,4317916.263973633,3160156.338602489,44.854713439941406,100,13.80908489227295
4395,4318016.289154246,3160154.9711051336,63.24864196777344,100,6.095397472381592
4396,4318116.31431878,3160153.6036120853,29.745323181152344,98,21.24510955810547
4397,4318216.339467201,3160152.236123345,37.786319732666016,100,16.466564178466797
4398,4318316.364599478,3160150.8686389118,61.50407409667969,100,0
4399,4318416.389715582,3160149.5011587855,78.67171478271484,100,0
4400,4318516.414815481,3160148.133682967,82.08245086669922,96,0
4401,4318616.439899142,3160146.766211458,83.12020111083984,90,0
4402,4318716.464966539,3160145.3987442567,75.98259735107422,93,0
4403,4318816.49001764,3160144.031281367,29.776700973510742,86,5.649486541748047
4404,4318916.515052412,3160142.6638227897,15.421856880187988,74,10.664091110229492
4405,4319016.540070828,3160141.2963685226,47.53680419921875,85,12.659829139709473
4406,4319116.565072852,3160139.9289185647,82.09745025634766,89,0
4407,4319216.590058459,3160138.561472914,79.206878662109375,84,0
4408,4319316.615027614,3160137.194031575,52.53213119506836,82,0
4409,4319416.639980289,3160135.8265945516,0,0,0
4410,4319516.664916454,3160134.4591618422,0,0,0
4411,4319616.689836074,3160133.0917334445,40.77576446533203,75,0
4412,4319716.7147391215,3160131.724309358,51.82705307006836,88,0
4413,4319816.739625568,3160130.3568895883,18.917211532592773,88,0
4414,4319916.764495375,3160128.989474132,55.231956481933594,77,0
4415,4320016.78934852,3160127.62206299,28.27798843383789,76,0
4416,4320116.81418497,3160126.2546561607,4.304208278656006,65,0
4417,4320216.839004692,3160124.887253647,5.257406711578369,72,0
4418,4320316.863807658,3160123.519855451,28.19805908203125,74,0
4419,4320416.888593835,3160122.152461571,11.42049789428711,70,0
4420,4320516.913363194,3160120.785072009,0.7636984586715698,51,0
4421,4320616.938115703,3160119.417686761,0,0,5.418798923492432
4422,4320716.962851333,3160118.05030583,1.5533368587493896,44,6.947338581085205
4423,4320816.987570053,3160116.6829292225,14.1130952835083,90,2.451899290084839
4424,4320917.01227183,3160115.315556931,76.09812927246094,100,0
4425,4321017.036956637,3160113.9481889554,90.77239990234375,100,0
4426,4321117.06162444,3160112.5808253004,39.91386795043945,97,0
4427,4321217.086275209,3160111.213465964,6.745510101318359,74,0
4428,4321317.110908916,3160109.846110949,5.455094814300537,74,0
4429,4321417.135525527,3160108.4787602522,0.9073851704597473,55,0
4430,4321517.1601250125,3160107.11141388,14.999467849731445,77,0
4431,4321617.184707343,3160105.744071829,31.247875213623047,75,0
4432,4321717.209272485,3160104.3767340975,42.95121383666992,100,0
4433,4321817.2338204095,3160103.0094006876,96.6722640991211,100,0
4434,4321917.258351088,3160101.6420716015,94.17584228515625,100,0
4435,4322017.282864486,3160100.274746836,93.589324951171875,100,0
4436,4322117.307360575,3160098.907426393,92.77972412109375,100,0
4437,4322217.331839322,3160097.5401102793,90.493255615234375,100,0
4438,4322317.3563007,3160096.1727984883,87.46424865722656,98,0
4439,4322417.380744675,3160094.8054910195,86.76849365234375,97,0
4440,4322517.405171219,3160093.4381878744,91.04322052001953,100,0
4441,4322617.429580299,3160092.0708890567,94.05949401855469,100,0
4442,4322717.453971886,3160090.7035945654,95.08055877685547,100,0
4443,4322817.478345949,3160089.3363044006,93.48809051513672,100,0
4444,4322917.502702455,3160087.969018562,93.94010925292969,100,0
4445,4323017.527041377,3160086.6017370475,93.50164031982422,100,0
4446,4323117.551362682,3160085.2344598626,93.35584259033203,100,0
4447,4323217.575666339,3160083.867187006,93.80060577392578,100,0
4448,4323317.59995232,3160082.4999184753,92.27399444580078,98,0
4449,4323417.62422059,3160081.1326542757,91.26982116699219,99,0
4450,4323517.648471124,3160079.765394406,79.22294616699219,96,0
4451,4323617.672703884,3160078.398138865,93.29725646972656,100,0
4452,4323717.696918846,3160077.030887654,95.86173248291016,100,0
4453,4323817.721115976,3160075.6636407725,94.61274719238281,100,0
4454,4323917.745295245,3160074.2963982197,98.19239807128906,100,0
4502,4312713.565694626,3160127.4281962635,27.146814346313477,87,51.26926040649414
4503,4312813.591670789,3160126.0604910115,3.9660184383392334,64,86.8262939453125
4504,4312913.617632466,3160124.6927900612,0,0,79.35032653808594
4505,4313013.6435796255,3160123.3250934184,0,0,91.55992889404297
4506,4313113.669512239,3160121.9574010805,0,0,53.4544677734375
4507,4313213.695430274,3160120.5897130445,0,0,92.987457275390625
4508,4313313.721333703,3160119.222029311,0.9293429255485535,47,76.35860443115234
4509,4313413.747222489,3160117.854349887,0,0,94.1647720336914
4510,4313513.773096607,3160116.4866747707,0,0,96.30711364746094
4511,4313613.798956024,3160115.1190039585,0,0,85.89012145996094
4512,4313713.824800711,3160113.751337455,0,0,82.38105773925781
4513,4313813.8506306345,3160112.3836752567,1.0982314348220825,53,76.5591049194336
4514,4313913.876445766,3160111.016017367,0,0,0
4515,4314013.902246073,3160109.648363786,0,0,0
4516,4314113.928031527,3160108.2807145105,0,0,0
4517,4314213.953802098,3160106.9130695476,0,0,13.604351043701172
4518,4314313.979557751,3160105.5454288926,1.8508659601211548,59,15.665583610534668
4519,4314414.00529846,3160104.1777925477,34.39503479003906,95,0.3381434381008148
4520,4314514.031024191,3160102.8101605135,35.988304138183594,91,23.426132202148438
4521,4314614.056734913,3160101.4425327885,0.8640469908714294,51,60.80021286010742
4522,4314714.082430598,3160100.0749093755,1.733823537826538,47,64.36653137207031
4523,4314814.108111216,3160098.7072902736,10.714378356933594,66,30.23227882385254
4524,4314914.133776733,3160097.339675483,46.012001037597656,91,7.170775890350342
4525,4315014.159427119,3160095.9720650036,80.782012939453125,96,1.8724607229232788
4526,4315114.185062345,3160094.6044588406,12.860003471374512,87,59.830265045166016
4527,4315214.210682379,3160093.2368569914,18.139551162719727,80,16.524436950683594
4528,4315314.236287191,3160091.869259451,6.963465690612793,62,71.7754898071289
4529,4315414.26187675,3160090.5016662264,1.3515291213989258,49,86.19642639160156
4530,4315514.287451025,3160089.134077316,2.5257554054260254,50,85.67627716064453
4531,4315614.313009985,3160087.766492719,1.8896867036819458,74,95.18257141113281
4532,4315714.3385536,3160086.3989124377,11.120612144470215,74,73.87107849121094
4533,4315814.364081841,3160085.0313364756,1.0814443826675415,53,83.533416748046875
4534,4315914.389594673,3160083.663764828,0,0,95.97148132324219
4535,4316014.415092068,3160082.296197494,0,0,99.334259033203125
4536,4316114.440573997,3160080.9286344806,0,0,99.99999237060547
4537,4316214.466040427,3160079.5610757824,0,0,96.06140899658203
4538,4316314.491491326,3160078.1935213986,2.347569465637207,51,78.4397964477539
4539,4316414.516926667,3160076.8259713342,10.063043594360352,51,44.55982208251953
4540,4316514.542346415,3160075.4584255903,10.236418724060059,58,43.95445251464844
4541,4316614.567750545,3160074.0908841654,0.7895652651786804,57,81.86090850830078
4542,4316714.593139021,3160072.723347059,0.4227437376976013,47,82.85597229003906
4543,4316814.618511815,3160071.355814274,11.772604942321777,65,50.9864501953125
4544,4316914.643868894,3160069.988285808,0,0,82.2512435913086
4545,4317014.66921023,3160068.6207616613,1.580767035484314,40,81.93626403808594
4546,4317114.694535792,3160067.25324184,12.984858512878418,73,56.99419021606445
4547,4317214.719845547,3160065.8857263406,11.044148445129395,59,59.73787307739258
4548,4317314.745139467,3160064.518215158,0,0,53.8032112121582
4549,4317414.770417521,3160063.1507082973,24.881488800048828,79,17.8041934967041
4550,4317514.795679676,3160061.7832057606,31.32539176940918,79,0.4318586587905884
4551,4317614.820925903,3160060.415707545,3.7915709018707275,58,12.70146369934082
4552,4317714.846156171,3160059.0482136547,11.128490447998047,65,38.52734375
4553,4317814.871370449,3160057.6807240904,8.045319557189941,83,54.4487419128418
4554,4317914.896568706,3160056.313238849,74.11705017089844,100,3.829169750213623
4555,4318014.921750914,3160054.9457579306,91.9836654663086,100,0
4556,4318114.946917038,3160053.5782813397,42.938602447509766,98,22.016237258911133
4557,4318214.9720670525,3160052.2108090734,66.60491943359375,100,8.506964683532715
4558,4318314.997200922,3160050.843341134,87.69072723388672,100,0
4559,4318415.022318618,3160049.47587752,88.462493896484375,99,0
4560,4318515.047420109,3160048.1084182323,75.29138946533203,97,0.4358762800693512
4561,4318615.072505367,3160046.740963274,51.01777648925781,90,1.7226334810256958
4562,4318715.097574357,3160045.3735126415,69.229583740234375,95,0.853110671043396
4563,4318815.122627051,3160044.006066336,76.9291763305664,90,0.27262023091316223
4564,4318915.147663418,3160042.638624363,24.0677490234375,86,15.637971878051758
4565,4319015.172683427,3160041.271186718,27.58312225341797,86,22.54135513305664
4566,4319115.1976870475,3160039.9037533985,32.78228759765625,85,0.8980279564857483
4567,4319215.222674248,3160038.5363244102,72.21369934082031,84,0
4568,4319315.247644999,3160037.1688997513,47.03514099121094,79,0
4569,4319415.27259927,3160035.801479424,9.676055908203125,59,0
4570,4319515.297537029,3160034.4340634267,1.6848504543304443,56,0
4571,4319615.322458246,3160033.0666517606,4.646762847900391,61,0
4572,4319715.347362889,3160031.69924443,0,0,0
4573,4319815.3722509295,3160030.3318414283,6.758772373199463,65,0
4574,4319915.3971223375,3160028.964442758,27.22500228881836,66,0
4575,4320015.4219770795,3160027.597048424,0.1768128126859665,54,0
4576,4320115.446815124,3160026.2296584207,0.47071337699890137,63,0
4577,4320215.471636444,3160024.8622727524,47.80066680908203,86,0
4578,4320315.496441008,3160023.4948914186,37.03384780883789,85,0
4579,4320415.521228783,3160022.1275144196,0,0,5.091028213500977
4580,4320515.54599974,3160020.7601417555,0,0,8.63224983215332
4581,4320615.570753849,3160019.392773427,0,0,4.516578674316406
4582,4320715.59549108,3160018.0254094335,14.245823860168457,71,0
4583,4320815.6202113945,3160016.6580497785,60.43006134033203,98,0
4584,4320915.644914773,3160015.290694459,74.010986328125,96,0
4585,4321015.669601178,3160013.923343477,68.35173797607422,94,0
4586,4321115.694270581,3160012.5559968315,8.06127643585205,83,0
4587,4321215.718922951,3160011.1886545224,0.18539398908615112,74,0
4588,4321315.743558257,3160009.8213165547,8.694835662841797,74,0
4589,4321415.768176468,3160008.453982924,4.72643518447876,64,0
4590,4321515.792777555,3160007.086653635,3.9626941680908203,66,0
4591,4321615.817361485,3160005.719328684,25.57577133178711,77,0
4592,4321715.84192823,3160004.3520080745,84.025543212890625,100,0
4593,4321815.866477756,3160002.984691803,93.40596008300781,100,0
4594,4321915.891010036,3160001.617379875,94.61607360839844,100,0
4595,4322015.915525035,3160000.250072285,94.37313079833984,100,0
4596,4322115.940022726,3159998.8827690366,94.18595886230469,100,0
4597,4322215.964503078,3159997.5154701346,94.3805160522461,100,0
4598,4322315.988966056,3159996.148175574,93.58561706542969,100,0
4599,4322416.0134116365,3159994.780885355,93.37667083740234,100,0
4600,4322516.037839781,3159993.413599478,95.21839904785156,100,0
4601,4322616.062250466,3159992.0463179494,95.90663146972656,100,0
4602,4322716.086643656,3159990.6790407626,93.422393798828125,100,0
4603,4322816.111019321,3159989.3117679195,92.44120025634766,100,0
4604,4322916.135377433,3159987.9444994223,92.62323760986328,99,0
4605,4323016.159717958,3159986.577235267,92.08891296386719,99,0
4606,4323116.184040869,3159985.209975462,94.9439697265625,100,0
4607,4323216.208346131,3159983.842720003,92.36922454833984,99,0
4608,4323316.2326337155,3159982.475468889,90.4325942993164,99,0
4609,4323416.256903593,3159981.108222123,89.36974334716797,96,0
4610,4323516.28115573,3159979.740979706,90.95462799072266,99,0
4611,4323616.305390098,3159978.3737416347,92.12247467041016,100,0
4612,4323716.329606665,3159977.006507912,95.31120300292969,100,0
4613,4323816.353805402,3159975.639278539,95.92253875732422,100,0
4614,4323916.3779862765,3159974.2720535155,97.03746795654297,100,0
4663,4312712.198223747,3160027.4020043863,12.741196632385254,79,42.29493713378906
4664,4312812.224201494,3160026.0343146143,0,0,85.312103271484375
4665,4312912.2501647575,3160024.666629162,0.9802206754684448,42,77.17670440673828
4666,4313012.276113503,3160023.298948035,0.19249123334884644,31,81.78312683105469
4667,4313112.3020477025,3160021.9312712294,0,0,97.0217514038086
4668,4313212.327967324,3160020.563598748,0,0,97.96515655517578
4669,4313312.353872337,3160019.1959305885,1.5574085712432861,51,71.47239685058594
4670,4313412.379762712,3160017.8282667543,0.14380602538585663,41,91.13847351074219
4671,4313512.405638416,3160016.4606072456,0,0,89.57923126220703
4672,4313612.431499422,3160015.0929520605,0.44968247413635254,45,72.7024917602539
4673,4313712.457345695,3160013.725301202,0,0,63.36574935913086
4674,4313812.483177207,3160012.3576546684,3.1078073978424072,63,63.51318359375
4675,4313912.5089939255,3160010.9900124604,0,0,27.792757034301758
4676,4314012.534795822,3160009.622374579,0,0,26.978164672851562
4677,4314112.560582865,3160008.2547410266,0,0,13.61638355255127
4678,4314212.586355024,3160006.8871118,0.2928105890750885,45,25.889019012451172
4679,4314312.612112265,3160005.519486901,11.608811378479004,58,26.488832473754883
4680,4314412.637854564,3160004.1518663303,21.633317947387695,97,14.492260932922363
4681,4314512.663581883,3160002.784250087,64.096099853515625,97,0.8555781841278076
4682,4314612.689294197,3160001.4166381755,16.596342086791992,71,47.5710334777832
4683,4314712.714991472,3160000.0490305917,0.32976827025413513,33,68.2966537475586
4684,4314812.740673679,3159998.6814273377,7.254838466644287,73,23.134740829467773
4685,4314912.766340786,3159997.313828412,13.772170066833496,80,16.70030975341797
4686,4315012.791992763,3159995.9462338174,86.199462890625,100,0
4687,4315112.81762958,3159994.5786435567,47.08049392700195,100,32.54978561401367
4688,4315212.843251205,3159993.21105763,29.779273986816406,86,10.986034393310547
4689,4315312.868857608,3159991.8434760324,12.450217247009277,79,16.289371490478516
4690,4315412.89444876,3159990.4758987646,0,0,88.69075012207031
4691,4315512.920024624,3159989.108325829,0,0,99.80305480957031
4692,4315612.945585177,3159987.7407572297,0,0,98.35823822021484
4693,4315712.971130385,3159986.373192966,0,0,100
4694,4315812.996660219,3159985.0056330343,0,0,99.93894958496094
4695,4315913.022174644,3159983.638077434,0,0,100
4696,4316013.047673633,3159982.2705261707,0,0,99.64929962158203
4697,4316113.073157154,3159980.9029792454,0,0,99.99999237060547
4698,4316213.0986251775,3159979.5354366563,0,0,96.30243682861328
4699,4316313.124077671,3159978.1678983974,1.2226861715316772,49,82.35328674316406
4700,4316413.149514606,3159976.800364476,16.080888748168945,58,42.5361328125
4701,4316513.174935951,3159975.432834893,30.24812126159668,72,32.759891510009766
4702,4316613.200341673,3159974.065309648,4.732271671295166,56,65.06940460205078
4703,4316713.2257317435,3159972.6977887433,5.602384090423584,49,70.50032043457031
4704,4316813.251106134,3159971.3302721735,11.840957641601562,63,47.69444274902344
4705,4316913.276464809,3159969.962759942,0,0,99.81101989746094
4706,4317013.301807741,3159968.5952520496,0,0,99.64825439453125
4707,4317113.327134899,3159967.2277484993,0,0,99.68177795410156
4708,4317213.35244625,3159965.860249288,2.6185436248779297,58,81.20630645751953
4709,4317313.377741766,3159964.492754416,0,0,46.549190521240234
4710,4317413.403021414,3159963.125263884,2.988476037979126,85,19.6413631439209
4711,4317513.428285168,3159961.7577776937,21.20834732055664,72,0
4712,4317613.453532991,3159960.3902958436,0.42905986309051514,66,0.12922371923923492
4713,4317713.478764857,3159959.022818338,2.608532667160034,65,62.53432083129883
4714,4317813.503980733,3159957.655345172,11.194799423217773,91,58.94383239746094
4715,4317913.529180588,3159956.287876351,82.69059753417969,98,0.9611531496047974
4716,4318013.5543643935,3159954.9204118727,72.22547149658203,96,6.529265880584717
4717,4318113.5795321185,3159953.552951737,34.70032501220703,92,22.360944747924805
4718,4318213.604683729,3159952.1854959466,22.458328247070312,88,27.587133407592773
4719,4318313.629819199,3159950.8180445004,28.646068572998047,89,28.375951766967773
4720,4318413.654938494,3159949.4505973984,73.896636962890625,96,1.7968952655792236
4721,4318513.680041586,3159948.083154642,76.0223617553711,95,0
4722,4318613.705128441,3159946.7157162298,18.78740119934082,88,0
4723,4318713.7301990315,3159945.3482821626,7.620935916900635,83,2.064875841140747
4724,4318813.755253325,3159943.9808524447,23.206270217895508,87,1.9084707498550415
4725,4318913.780291293,3159942.613427077,63.751983642578125,95,0
4726,4319013.805312902,3159941.2460060515,15.971267700195312,94,0.17641745507717133
4727,4319113.830318123,3159939.8785893735,3.123929023742676,62,11.45569133758545
4728,4319213.855306926,3159938.5111770444,7.678003787994385,79,5.0362396240234375
4729,4319313.880279278,3159937.1437690654,25.215045928955078,78,0
4730,4319413.90523515,3159935.7763654334,5.433992385864258,54,0
4731,4319513.93017451,3159934.408966152,2.1336565017700195,47,0
4732,4319613.955097331,3159933.04157122,8.200434684753418,54,0
4733,4319713.980003576,3159931.6741806413,0.16671955585479736,55,0
4734,4319814.004893219,3159930.30679441,50.40605926513672,86,0
4735,4319914.029766229,3159928.9394125263,26.949583053588867,84,0
4736,4320014.054622574,3159927.572034999,7.353382587432861,60,0
4737,4320114.079462226,3159926.204661821,22.747699737548828,81,0
4738,4320214.104285146,3159924.8372929976,64.28038787841797,93,1.0448548793792725
4739,4320314.129091315,3159923.4699285263,8.8483123779296875,86,4.319920539855957
4740,4320414.153880693,3159922.1025684066,5.5561981201171875,63,5.619839191436768
4741,4320514.178653255,3159920.735212642,0,0,0
4742,4320614.203408968,3159919.3678612323,0.19686271250247955,50,0
4743,4320714.228147802,3159918.0005141767,52.77265548706055,94,0
4744,4320814.252869726,3159916.6331714746,82.800689697265625,97,0
4745,4320914.277574707,3159915.2658331254,10.548223495483398,87,0
4746,4321014.302262718,3159913.898499137,0,0,0
4747,4321114.326933727,3159912.531169503,2.3016486167907715,66,0
4748,4321214.3515877025,3159911.163844222,0,0,0
4749,4321314.376224616,3159909.7965233005,3.7534286975860596,64,0
4750,4321414.400844434,3159908.4292067355,1.230968713760376,61,0
4751,4321514.425447126,3159907.0618945262,0,0,0
4752,4321614.450032663,3159905.694586679,23.936695098876953,99,0
4753,4321714.474601015,3159904.32728319,87.431793212890625,100,0
4754,4321814.49915215,3159902.95998406,86.4856948852539,100,0
4755,4321914.523686037,3159901.592689287,96.1585922241211,100,0
4756,4322014.548202643,3159900.225398875,95.54692077636719,100,0
4757,4322114.572701944,3159898.8581128237,90.46026611328125,100,0
4758,4322214.597183904,3159897.490831131,92.93946838378906,100,0
4759,4322314.621648492,3159896.123553799,97.64522552490234,100,0
4760,4322414.646095679,3159894.7562808306,98.7782211303711,100,0
4761,4322514.670525435,3159893.389012223,97.34822845458984,100,0
4762,4322614.694937728,3159892.0217479803,93.46196746826172,100,0
4763,4322714.719332527,3159890.654488097,92.94820404052734,100,0
4764,4322814.7437098045,3159889.287232576,93.389862060546875,100,0
4765,4322914.768069525,3159887.9199814205,92.27852630615234,99,0
4766,4323014.792411662,3159886.552734628,93.48714447021484,100,0
4767,4323114.816736182,3159885.1854921994,94.04192352294922,100,0
4768,4323214.841043056,3159883.818254139,92.93293762207031,99,0
4769,4323314.865332252,3159882.4510204406,90.24919128417969,98,0
4770,4323414.88960374,3159881.083791109,89.67840576171875,98,0
4771,4323514.913857491,3159879.7165661436,89.37444305419922,98,0
4772,4323614.93809347,3159878.3493455434,91.11817169189453,98,0
4773,4323714.96231165,3159876.982129309,92.931182861328125,100,0
4774,4323814.986512,3159875.614917445,95.98165130615234,100,0
4775,4323915.010694487,3159874.2477099476,95.43334197998047,100,0
4776,4324015.034859082,3159872.880506817,95.61539459228516,100,0
4826,4312710.830769355,3159927.375813663,11.368317604064941,78,27.634096145629883
4827,4312810.856748695,3159926.0081393695,2.768038749694824,56,64.760345458984375
4828,4312910.882713548,3159924.6404694174,2.6172313690185547,47,53.0726203918457
4829,4313010.908663887,3159923.2728038053,1.1467552185058594,55,80.25005340576172
4830,4313110.934599677,3159921.9051425345,0.9191551208496094,55,81.70331573486328
4831,4313210.9605208915,3159920.537485607,0,0,82.82193756103516
4832,4313310.986427497,3159919.1698330184,1.1515979766845703,54,68.53565216064453
4833,4313411.012319465,3159917.802184773,2.613323450088501,54,88.92317199707031
4834,4313511.038196764,3159916.434540873,0,0,99.58485412597656
4835,4313611.064059361,3159915.0669013136,0,0,70.655670166015625
4836,4313711.089907228,3159913.6992661017,0,0,96.1991958618164
4837,4313811.115740335,3159912.3316352335,0,0,93.7239761352539
4838,4313911.141558647,3159910.964008705,0,0,99.98119354248047
4839,4314011.167362139,3159909.596386524,0,0,99.64580535888672
4840,4314111.1931507755,3159908.228768692,1.3890212774276733,50,82.43115234375
4841,4314211.218924527,3159906.861155202,0,0,87.53487396240234
4842,4314311.244683367,3159905.493546058,2.4089057445526123,54,73.583831787109375
4843,4314411.270427258,3159904.1259412626,7.358343124389648,68,54.9826545715332
4844,4314511.2961561745,3159902.7583408146,8.1696014404296875,78,66.826080322265625
4845,4314611.321870084,3159901.3907447136,10.214174270629883,71,59.8488883972168
4846,4314711.347568955,3159900.0231529567,2.1796438694000244,35,47.494728088378906
4847,4314811.373252758,3159898.655565551,12.503742218017578,75,42.0057487487793
4848,4314911.398921464,3159897.2879824936,40.70356369018555,90,0.5538289546966553
4849,4315011.424575036,3159895.9204037855,54.42502975463867,90,5.015766620635986
4850,4315111.45021345,3159894.552829427,11.663415908813477,86,47.403656005859375
4851,4315211.475836673,3159893.18525942,4.140450477600098,67,44.391658782958984
4852,4315311.501444673,3159891.817693762,28.940828323364258,87,0.40805619955062866
4853,4315411.527037422,3159890.4501324533,21.831125259399414,85,59.76593017578125
4854,4315511.552614887,3159889.0825754954,0,0,98.47499084472656
4855,4315611.578177038,3159887.715022893,0,0,99.46407318115234
4856,4315711.603723844,3159886.347474642,0,0,100
4857,4315811.629255275,3159884.979930741,0,0,96.49610137939453
4858,4315911.6547713,3159883.6123911934,0,0,99.99811553955078
4859,4316011.680271889,3159882.244856,0,0,98.49309539794922
4860,4316111.705757009,3159880.8773251614,0,0,99.99999237060547
4861,4316211.731226632,3159879.509798678,0,0,98.01586151123047
4862,4316311.756680727,3159878.142276546,0,0,96.71015930175781
4863,4316411.782119262,3159876.7747587687,0.0819336324930191,23,79.19062805175781
4864,4316511.807542206,3159875.4072453477,15.375653266906738,62,51.62196731567383
4865,4316611.83294953,3159874.039736282,7.638662815093994,64,60.53236770629883
4866,4316711.858341203,3159872.672231576,4.794186115264893,53,71.8359375
4867,4316811.883717192,3159871.3047312233,14.736936569213867,76,36.62013244628906
4868,4316911.909077469,3159869.9372352255,0,0,28.366334915161133
4869,4317011.934422003,3159868.5697435867,0.09426029026508331,33,75.030670166015625
4870,4317111.959750763,3159867.202256306,4.948876857757568,53,77.15675354003906
4871,4317211.985063717,3159865.8347733854,13.997903823852539,65,38.133636474609375
4872,4317312.010360836,3159864.467294822,13.591691970825195,86,12.76559829711914
4873,4317412.035642087,3159863.099820619,59.6628303527832,95,3.224656581878662
4874,4317512.060907443,3159861.7323507755,34.76850509643555,85,0
4875,4317612.086156869,3159860.364885291,0.01364589761942625,56,0.061082806438207626
4876,4317712.111390339,3159858.997424169,0.06900098919868469,37,46.9821891784668
4877,4317812.136607819,3159857.629967405,41.42189025878906,93,32.94289016723633
4878,4317912.16180928,3159856.262515002,89.8493423461914,100,0.0823713019490242
4879,4318012.186994689,3159854.8950669616,25.706626892089844,95,37.83327865600586
4880,4318112.212164016,3159853.5276232827,22.067646026611328,63,35.374114990234375
4881,4318212.237317235,3159852.160183966,25.13445472717285,63,32.58281326293945
4882,4318312.262454307,3159850.792749014,15.802104949951172,59,35.516151428222656
4883,4318412.2875752095,3159849.425318424,28.660043716430664,91,14.739666938781738
4884,4318512.3126799045,3159848.057892196,46.19214630126953,93,21.4073429107666
4885,4318612.337768365,3159846.6904703337,76.62495422363281,91,0.02471454255282879
4886,4318712.362840563,3159845.323052835,50.64535140991211,88,0
4887,4318812.387896464,3159843.955639701,23.895503997802734,77,0
4888,4318912.412936037,3159842.5882309363,18.249155044555664,80,0
4889,4319012.437959253,3159841.2208265355,59.815887451171875,89,0
4890,4319112.462966082,3159839.8534264984,18.93682098388672,81,0
4891,4319212.48795649,3159838.486030828,0.49418529868125916,47,7.360143184661865
4892,4319312.51293045,3159837.118639526,8.739731788635254,60,13.832242965698242
4893,4319412.537887931,3159835.751252591,29.222925186157227,73,3.735273838043213
4894,4319512.562828899,3159834.383870024,31.84224510192871,71,4.884541988372803
4895,4319612.587753326,3159833.0164918257,2.549487590789795,56,0
4896,4319712.612661182,3159831.6491179974,30.671649932861328,87,0
4897,4319812.637552433,3159830.2817485374,37.4331169128418,80,0
4898,4319912.662427053,3159828.914383445,8.847773551940918,80,0
4899,4320012.687285007,3159827.547022724,9.342633247375488,71,0.025537904351949692
4900,4320112.712126264,3159826.1796663725,37.15338134765625,77,3.1863977909088135
4901,4320212.736950799,3159824.8123143925,8.629964828491211,79,6.070178508758545
4902,4320312.761758575,3159823.444966782,0,0,0.09719507396221161
4903,4320412.786549564,3159822.0776235443,0,0,0
4904,4320512.811323738,3159820.710284679,0,0,0
4905,4320612.836081062,3159819.342950184,1.7078800201416016,69,0
4906,4320712.860821505,3159817.975620064,72.706695556640625,98,0
4907,4320812.88554504,3159816.6082943156,51.541378021240234,98,0
4908,4320912.910251635,3159815.240972941,0,0,0
4909,4321012.934941257,3159813.873655945,0,0,0
4910,4321112.959613877,3159812.5063433186,6.602280139923096,72,0
4911,4321212.984269465,3159811.1390350675,11.515582084655762,62,0
4912,4321313.0089079905,3159809.7717311936,12.723504066467285,59,0
4913,4321413.033529422,3159808.4044316914,20.861804962158203,81,0
4914,4321513.058133728,3159807.0371365664,19.61345672607422,87,0
4915,4321613.0827208785,3159805.669845821,75.14966583251953,100,0
4916,4321713.1072908435,3159804.302559452,88.233673095703125,100,0
4917,4321813.13184359,3159802.9352774606,88.39762115478516,100,0
4918,4321913.156379092,3159801.5679998435,96.2389144897461,100,0
4919,4322013.180897314,3159800.2007266073,98.237213134765625,100,0
4920,4322113.205398227,3159798.8334577545,93.8038101196289,100,0
4921,4322213.229881801,3159797.4661932746,97.5069351196289,100,0
4922,4322313.254348005,3159796.0989331715,98.04351806640625,100,0
4923,4322413.278796808,3159794.731677452,97.07633209228516,100,0
4924,4322513.303228179,3159793.3644261113,93.25411224365234,100,0
4925,4322613.327642089,3159791.9971791543,95.6332015991211,100,0
4926,4322713.352038505,3159790.6299365773,90.73313903808594,98,0
4927,4322813.376417397,3159789.2626983793,89.90137481689453,98,0
4928,4322913.400778735,3159787.8954645656,91.89730072021484,98,0
4929,4323013.425122488,3159786.528235135,91.91014862060547,100,0
4930,4323113.449448626,3159785.161010085,89.76280975341797,97,0
4931,4323213.473757116,3159783.79378942,92.30915832519531,100,0
4932,4323313.498047929,3159782.426573138,90.292572021484375,97,0
4933,4323413.522321036,3159781.0593612413,91.40189361572266,99,0
4934,4323513.546576402,3159779.6921537267,93.13917541503906,100,0
4935,4323613.570814001,3159778.324950597,95.486724853515625,100,0
4936,4323713.595033798,3159776.9577518515,93.533905029296875,100,0
4937,4323813.619235768,3159775.5905574923,94.9786148071289,100,0
4938,4323913.643419874,3159774.223367522,96.0689697265625,100,0
4939,4324013.667586088,3159772.856181936,95.4774169921875,100,0
4991,4312709.463331451,3159827.349624098,0,0,0
4992,4312809.489312387,3159825.981965285,1.6688175201416016,59,67.41382598876953
4993,4312909.5152788395,3159824.6143108318,2.2155568599700928,46,71.771484375
4994,4313009.541230775,3159823.2466607373,0.0328507237136364,45,95.12769317626953
4995,4313109.567168166,3159821.8790150005,0.43968886137008667,44,79.76061248779297
4996,4313209.5930909775,3159820.5113736256,0,0,89.36127471923828
4997,4313309.618999183,3159819.143736607,0,0,81.48150634765625
4998,4313409.64489275,3159817.776103952,1.8041273355484009,58,76.50394439697266
4999,4313509.670771647,3159816.4084756584,0,0,89.87433624267578
5000,4313609.696635843,3159815.040851728,0,0,88.36116027832031
5001,4313709.722485311,3159813.6732321605,0,0,92.51606750488281
5002,4313809.748320016,3159812.305616955,0,0,77.5173110961914
5003,4313909.7741399305,3159810.93800611,0,0,86.694580078125
5004,4314009.799945023,3159809.5703996303,0,0,98.21508026123047
5005,4314109.82573526,3159808.202797513,0,0,98.54830169677734
5006,4314209.851510614,3159806.8351997617,0,0,93.81889343261719
5007,4314309.877271052,3159805.4676063745,0,0,98.3404769897461
5008,4314409.903016547,3159804.100017352,1.1450713872909546,68,81.57080841064453
5009,4314509.928747065,3159802.7324326965,0,0,91.79288482666016
5010,4314609.954462576,3159801.364852407,13.942465782165527,74,52.75886535644531
5011,4314709.98016305,3159799.9972764812,6.435659885406494,74,60.1879768371582
5012,4314810.005848456,3159798.629704921,30.82438850402832,88,30.78394317626953
5013,4314910.031518763,3159797.2621377306,71.101348876953125,93,4.665117263793945
5014,4315010.0571739385,3159795.894574908,28.7595272064209,88,34.1318359375
5015,4315110.082813956,3159794.527016455,18.275468826293945,75,46.0633430480957
5016,4315210.108438781,3159793.1594623686,17.472946166992188,71,42.296653747558594
5017,4315310.1340483865,3159791.7919126516,12.376161575317383,86,7.834366798400879
5018,4315410.15964274,3159790.424367303,43.405967712402344,81,20.687759399414062
5019,4315510.185221809,3159789.0568263223,20.08434295654297,81,40.29550552368164
5020,4315610.210785564,3159787.6892897137,3.7996180057525635,70,79.625457763671875
5021,4315710.236333975,3159786.321757476,0,0,98.720367431640625
5022,4315810.261867011,3159784.954229607,0,0,97.94264221191406
5023,4315910.287384641,3159783.5867061107,0,0,99.98265838623047
5024,4316010.312886835,3159782.2191869873,0,0,99.1803207397461
5025,4316110.338373562,3159780.851672236,0.3760070502758026,39,84.752899169921875
5026,4316210.3638447905,3159779.484161857,2.7917816638946533,45,83.254119873046875
5027,4316310.389300492,3159778.11665585,0,0,90.236328125
5028,4316410.414740632,3159776.7491542143,7.832546710968018,60,70.83549499511719
5029,4316510.440165185,3159775.381656955,4.1992268562316895,55,62.725624084472656
5030,4316610.465574115,3159774.0141640715,19.102201461791992,73,42.66233444213867
5031,4316710.490967395,3159772.646675562,26.461532592773438,78,35.495826721191406
5032,4316810.5163449915,3159771.2791914265,0.44895848631858826,46,62.78453826904297
5033,4316910.541706877,3159769.9117116663,9.509052276611328,53,27.814918518066406
5034,4317010.567053017,3159768.5442362796,5.691277980804443,59,33.4337158203125
5035,4317110.592383386,3159767.1767652705,39.32194519042969,88,26.751312255859375
5036,4317210.617697948,3159765.8092986415,22.37077522277832,83,21.518611907958984
5037,4317310.642996676,3159764.4418363874,20.92212677001953,83,39.24504852294922
5038,4317410.668279535,3159763.0743785095,8.481595039367676,81,54.02069091796875
5039,4317510.693546502,3159761.7069250112,10.265069961547852,73,24.818662643432617
5040,4317610.718797538,3159760.339475894,17.31488800048828,74,20.065414428710938
5041,4317710.744032617,3159758.972031154,7.606490612030029,61,51.258323669433594
5042,4317810.769251707,3159757.6045907917,55.97993087768555,99,8.840913772583008
5043,4317910.794454777,3159756.2371548084,73.45166778564453,99,4.015433311462402
5044,4318010.819641797,3159754.8697232055,19.240623474121094,79,38.97110366821289
5045,4318110.844812735,3159753.502295982,26.855363845825195,72,31.77567481994629
5046,4318210.869967562,3159752.1348731397,31.4691104888916,77,29.688720703125
5047,4318310.8951062495,3159750.7674546805,29.736417770385742,74,32.76335906982422
5048,4318410.920228762,3159749.400040602,33.472206115722656,95,28.113361358642578
5049,4318510.945335068,3159748.0326309036,47.65981674194336,100,26.468191146850586
5050,4318610.970425142,3159746.6652255915,83.01451110839844,100,0.20386452972888947
5051,4318710.9954989515,3159745.297824662,75.97261047363281,98,0
5052,4318811.020556465,3159743.930428114,39.08488845825195,98,0
5053,4318911.045597651,3159742.5630359524,32.9814453125,81,0
5054,4319011.0706224805,3159741.1956481733,43.98753356933594,88,0
5055,4319111.095630921,3159739.828264776,71.21388244628906,91,0
5056,4319211.120622944,3159738.4608857664,34.60800552368164,86,0
5057,4319311.145598518,3159737.0935111437,0,0,0.7487649917602539
5058,4319411.170557611,3159735.7261409047,2.7154877185821533,61,24.493623733520508
5059,4319511.195500195,3159734.358775052,16.085670471191406,71,44.323177337646484
5060,4319611.220426236,3159732.9914135854,15.804649353027344,88,51.26082992553711
5061,4319711.245335705,3159731.6240565083,29.716522216796875,81,18.733139038085938
5062,4319811.270228574,3159730.2567038187,25.76481819152832,69,8.249247550964355
5063,4319911.295104806,3159728.8893555137,11.186978340148926,64,9.45556354522705
5064,4320011.319964376,3159727.522011599,6.432158470153809,68,6.666098117828369
5065,4320111.34480725,3159726.1546720746,0,0,0.4382478594779968
5066,4320211.369633399,3159724.7873369385,0,0,0
5067,4320311.394442792,3159723.420006191,0,0,0
5068,4320411.419235399,3159722.0526798335,0,0,0
5069,4320511.444011188,3159720.6853578696,0,0,0
5070,4320611.468770129,3159719.3180402904,39.168758392333984,93,0
5071,4320711.493512191,3159717.9507271047,68.09027862548828,94,0
5072,4320811.518237341,3159716.5834183125,5.565197944641113,87,0
5073,4320911.542945553,3159715.2161139124,0,0,0
5074,4321011.567636794,3159713.848813904,15.059632301330566,61,0
5075,4321111.592311034,3159712.4815182867,0,0,0
5076,4321211.616968241,3159711.1142270626,1.3604356050491333,62,0
5077,4321311.641608383,3159709.7469402356,16.339065551757812,70,0
5078,4321411.666231433,3159708.3796578012,74.16532135009766,100,0
5079,4321511.690837358,3159707.0123797623,87.75724029541016,98,0
5080,4321611.715426128,3159705.6451061172,84.9660873413086,100,0
5081,4321711.739997714,3159704.2778368657,81.726959228515625,100,0
5082,4321811.764552082,3159702.9105720143,92.444244384765625,100,0
5083,4321911.7890892,3159701.543311554,93.81976318359375,100,0
5084,4322011.813609045,3159700.176055493,93.1307373046875,100,0
5085,4322111.8381115785,3159698.8088038336,93.57978820800781,100,0
5086,4322211.862596772,3159697.4415565673,94.98047637939453,100,0
5087,4322311.887064598,3159696.074313695,94.676300048828125,100,0
5088,4322411.911515022,3159694.7070752233,93.3254623413086,100,0
5089,4322511.935948015,3159693.339841152,93.11610412597656,100,0
5090,4322611.960363546,3159691.972611481,93.913116455078125,100,0
5091,4322711.984761584,3159690.6053862083,90.6420669555664,98,0
5092,4322812.009142098,3159689.2381653353,91.573974609375,99,0
5093,4322912.033505061,3159687.870948863,90.55767059326172,98,0
5094,4323012.057850436,3159686.503736789,89.35157012939453,95,0
5095,4323112.082178195,3159685.136529119,88.70377349853516,96,0
5096,4323212.106488311,3159683.76932585,89.48443603515625,97,0
5097,4323312.130780747,3159682.4021269833,91.57291412353516,97,0
5098,4323412.155055476,3159681.0349325202,88.5460433959961,96,0
5099,4323512.179312468,3159679.6677424586,89.82169342041016,97,0
5100,4323612.203551692,3159678.300556801,94.25882720947266,100,0
5101,4323712.227773113,3159676.933375545,92.081207275390625,100,0
5102,4323812.251976707,3159675.566198694,93.2776107788086,100,0
5103,4323912.276162438,3159674.1990262475,95.27112579345703,100,0
5104,4324012.3003302775,3159672.831858208,93.20496368408203,100,0
5105,4324112.324480196,3159671.4646945703,95.2647705078125,100,0
5158,4312708.095910036,3159727.3234357,0,0,13.25084114074707
5159,4312808.121892576,3159725.955792367,0,0,81.30316162109375
5160,4312908.147860632,3159724.58815341,0,0,90.95862579345703
5161,4313008.173814173,3159723.2205188326,0.30663782358169556,35,93.35684967041016
5162,4313108.199753166,3159721.8528886284,0.4728105366230011,43,84.28709411621094
5163,4313208.225677583,3159720.485262804,0,0,95.01039123535156
5164,4313308.251587393,3159719.1176413614,2.3183608055114746,52,81.7857666015625
5165,4313408.2774825655,3159717.750024295,2.1330902576446533,58,77.210418701171875
5166,4313508.303363066,3159716.382411609,0,0,89.87675476074219
5167,4313608.329228871,3159715.014803306,0,0,90.16333770751953
5168,4313708.355079944,3159713.647199382,5.8036956787109375,62,56.09145736694336
5169,4313808.3809162555,3159712.2795998384,4.963860988616943,64,41.91595458984375
5170,4313908.406737776,3159710.9120046794,11.337929725646973,75,45.30470275878906
5171,4314008.432544474,3159709.5444138986,0.0688723474740982,50,79.40593719482422
5172,4314108.45833632,3159708.1768275,0,0,78.9475326538086
5173,4314208.484113279,3159706.809245485,0,0,91.497467041015625
5174,4314308.509875327,3159705.441667856,1.5728565454483032,43,79.48418426513672
5175,4314408.535622428,3159704.0740946075,0.8754202127456665,46,72.691650390625
5176,4314508.561354553,3159702.7065257425,0,0,83.71308898925781
5177,4314608.587071673,3159701.3389612646,0.14429405331611633,64,84.48371124267578
5178,4314708.612773755,3159699.971401168,0.058539725840091705,64,98.29438781738281
5179,4314808.638460768,3159698.603845456,18.4759521484375,84,48.580894470214844
5180,4314908.664132685,3159697.236294131,24.067861557006836,90,38.367919921875
5181,4315008.689789472,3159695.8687471957,26.619869232177734,75,30.03103256225586
5182,4315108.715431099,3159694.5012046453,1.8786267042160034,34,52.99411392211914
5183,4315208.741057533,3159693.133666479,7.540073871612549,53,44.54888916015625
5184,4315308.766668748,3159691.766132703,15.841553688049316,70,0.6432468891143799
5185,4315408.79226471,3159690.398603314,7.998032569885254,68,40.69760513305664
5186,4315508.817845389,3159689.031078311,4.346985340118408,63,37.223480224609375
5187,4315608.843410756,3159687.6635576966,4.6717987060546875,70,47.72581481933594
5188,4315708.868960778,3159686.296041471,0,0,94.1806411743164
5189,4315808.894495425,3159684.9285296365,1.5970425605773926,57,93.421966552734375
5190,4315908.920014667,3159683.5610221927,2.5171549320220947,61,94.11905670166016
5191,4316008.945518472,3159682.1935191373,0,0,98.71473693847656
5192,4316108.971006811,3159680.826020473,0,0,87.399627685546875
5193,4316208.996479653,3159679.4585261983,0,0,92.64606475830078
5194,4316309.021936965,3159678.0910363155,0,0,99.663665771484375
5195,4316409.047378719,3159676.723550825,0,0,90.82390594482422
5196,4316509.072804883,3159675.356069726,1.025787115097046,30,76.8285140991211
5197,4316609.098215427,3159673.988593021,21.180049896240234,73,28.79527473449707
5198,4316709.1236103205,3159672.6211207123,24.059141159057617,76,20.626285552978516
5199,4316809.148989532,3159671.253652793,15.874110221862793,64,35.40041732788086
5200,4316909.17435303,3159669.886189268,21.379283905029297,69,39.13589096069336
5201,4317009.199700786,3159668.518730137,9.330278396606445,63,30.22843360900879
5202,4317109.225032767,3159667.1512754,5.80543851852417,74,57.48300552368164
5203,4317209.250348946,3159665.783825059,0,0,65.0186538696289
5204,4317309.275649287,3159664.4163791123,3.5136189460754395,50,60.0295295715332
5205,4317409.300933763,3159663.0489375624,8.039482116699219,59,52.22385025024414
5206,4317509.326202343,3159661.6815004097,2.7488107681274414,49,66.19392395019531
5207,4317609.351454996,3159660.314067656,3.6710903644561768,49,50.96371078491211
5208,4317709.376691692,3159658.9466393003,32.67722702026367,93,20.830442428588867
5209,4317809.401912397,3159657.579215337,79.02722930908203,93,2.5798020362854004
5210,4317909.427117082,3159656.2117957734,56.98366928100586,88,14.957390785217285
5211,4318009.452305718,3159654.8443806088,30.876386642456055,79,32.42030334472656
5212,4318109.477478276,3159653.4769698433,22.47035026550293,81,41.98960494995117
5213,4318209.50263472,3159652.109563477,23.983102798461914,87,31.45319366455078
5214,4318309.527775022,3159650.74216151,24.490652084350586,85,32.60184097290039
5215,4318409.552899151,3159649.374763941,46.37152862548828,100,18.598390579223633
5216,4318509.578007078,3159648.007370775,91.935211181640625,100,0
5217,4318609.603098771,3159646.6399820126,90.458221435546875,100,0
5218,4318709.628174197,3159645.2725976496,88.418548583984375,100,0
5219,4318809.65323333,3159643.905217687,83.42151641845703,100,0.5886552333831787
5220,4318909.678276134,3159642.5378421275,58.29356384277344,94,0.6005248427391052
5221,4319009.703302583,3159641.1704709698,48.82498550415039,94,0
5222,4319109.728312642,3159639.8031042134,56.10326385498047,86,0
5223,4319209.753306286,3159638.435741866,22.94792938232422,85,0
5224,4319309.77828348,3159637.0683839205,18.195924758911133,74,0
5225,4319409.803244193,3159635.701030376,21.686492919921875,74,0
5226,4319509.828188395,3159634.333681238,7.837809085845947,60,23.109905242919922
5227,4319609.853116057,3159632.966336507,3.6748757362365723,58,41.79184341430664
5228,4319709.878027149,3159631.598996182,30.395538330078125,83,5.368631839752197
5229,4319809.902921636,3159630.2316602604,1.0116641521453857,63,0.911162257194519
5230,4319909.927799491,3159628.8643287444,0,0,0
5231,4320009.9526606845,3159627.4970016363,0,0,0
5232,4320109.977505179,3159626.129678935,0,0,0
5233,4320210.002332951,3159624.7623606427,0.2598220407962799,26,0
5234,4320310.027143966,3159623.3950467575,0,0,0
5235,4320410.051938195,3159622.0277372818,0,0,0
5236,4320510.076715607,3159620.6604322135,9.771681785583496,82,0
5237,4320610.10147617,3159619.293131554,73.783203125,92,0
5238,4320710.126219855,3159617.9258353063,14.239391326904297,82,0
5239,4320810.150946631,3159616.558543469,0.3797406852245331,38,0
5240,4320910.175656467,3159615.191256041,0,0,0
5241,4321010.200349331,3159613.8239730233,0.5996851921081543,53,0
5242,4321110.225025193,3159612.4566944167,0,0,0
5243,4321210.249684025,3159611.0894202203,1.8919638395309448,62,0
5244,4321310.274325794,3159609.722150438,21.977571487426758,88,0
5245,4321410.298950469,3159608.3548850683,64.92681884765625,87,0
5246,4321510.323558019,3159606.987624113,20.431365966796875,87,0
5247,4321610.348148413,3159605.620367571,67.5965805053711,100,0
5248,4321710.372721625,3159604.25311544,93.32132720947266,100,0
5249,4321810.397277618,3159602.8858677247,73.51963806152344,100,0
5250,4321910.421816365,3159601.518624424,94.30387878417969,100,0
5251,4322010.446337835,3159600.1513855383,90.27363586425781,99,0
5252,4322110.470841995,3159598.7841510703,88.59498596191406,97,0
5253,4322210.4953288175,3159597.4169210168,90.6305923461914,98,0
5254,4322310.519798269,3159596.049695377,91.067626953125,100,0
5255,4322410.544250321,3159594.6824741545,93.21843719482422,100,0
5256,4322510.568684942,3159593.315257351,89.97594451904297,100,0
5257,4322610.5931021,3159591.9480449655,91.69868469238281,100,0
5258,4322710.617501766,3159590.5808369983,88.036956787109375,98,0
5259,4322810.641883911,3159589.2136334493,88.780609130859375,99,0
5260,4322910.666248499,3159587.8464343185,90.89141845703125,98,0
5261,4323010.690595505,3159586.4792396035,90.9905014038086,100,0
5262,4323110.714924894,3159585.112049311,89.2580795288086,97,0
5263,4323210.739236637,3159583.7448634384,91.02464294433594,100,0
5264,4323310.763530704,3159582.3776819864,95.26513671875,100,0
5265,4323410.787807065,3159581.0105049564,92.99217224121094,100,0
5266,4323510.812065686,3159579.643332347,92.4629898071289,100,0
5267,4323610.836306539,3159578.2761641582,93.536102294921875,100,0
5268,4323710.860529593,3159576.909000394,94.21967315673828,100,0
5269,4323810.884734816,3159575.54184105,93.3581771850586,100,0
5270,4323910.90892218,3159574.174686129,93.53236389160156,100,0
5271,4324010.933091651,3159572.8075356344,95.23282623291016,100,0
5272,4324110.957243199,3159571.4403895587,93.35918426513672,100,0
5325,4312706.728505108,3159627.297248475,0,0,4.404352188110352
5326,4312806.754489258,3159625.929620621,0,0,78.03087615966797
5327,4312906.780458924,3159624.56199716,0,0,87.15190887451172
5328,4313006.806414074,3159623.194378095,0,0,94.43553161621094
5329,4313106.832354679,3159621.8267634283,0,0,94.7885513305664
5330,4313206.858280708,3159620.4591531563,0,0,94.64473724365234
5331,4313306.884192129,3159619.0915472843,0,0,90.39083099365234
5332,4313406.910088911,3159617.7239458095,4.083216190338135,54,76.33186340332031
5333,4313506.935971026,3159616.356348732,1.49894118309021,41,82.781768798828125
5334,4313606.96183844,3159614.9887560564,0.6898117661476135,47,82.10014343261719
5335,4313706.987691126,3159613.621167776,2.178462505340576,57,48.12144470214844
5336,4313807.01352905,3159612.253583895,0,0,98.3294448852539
5337,4313907.039352183,3159610.8860044177,0,0,99.99126434326172
5338,4314007.065160492,3159609.5184293394,0,0,97.70103454589844
5339,4314107.090953952,3159608.150858658,0,0,91.78141784667969
5340,4314207.116732527,3159606.783292381,0.419704407453537,42,87.752349853515625
5341,4314307.142496186,3159605.4157305057,11.312579154968262,62,56.478111267089844
5342,4314407.1682449,3159604.048173032,1.689353108406067,61,89.09986114501953
5343,4314507.193978641,3159602.6806199616,2.9158852100372314,52,81.12125396728516
5344,4314607.219697375,3159601.313071292,0.39963632822036743,44,95.6304702758789
5345,4314707.245401071,3159599.9455270264,3.418410062789917,58,74.78020477294922
5346,4314807.271089702,3159598.5779871643,25.963884353637695,82,29.99272346496582
5347,4314907.296763232,3159597.210451706,10.043621063232422,62,56.63078308105469
5348,4315007.322421634,3159595.8429206526,14.745487213134766,58,31.945119857788086
5349,4315107.348064874,3159594.475394002,5.683282852172852,50,66.01818084716797
5350,4315207.373692927,3159593.1078717588,4.133327007293701,55,70.05496978759766
5351,4315307.399305757,3159591.740353923,3.569169044494629,70,18.67374038696289
5352,4315407.424903336,3159590.372840491,13.367610931396484,70,28.76937484741211
5353,4315507.450485631,3159589.0053314683,1.1965795755386353,46,47.46246337890625
5354,4315607.476052614,3159587.6378268492,0.38584578037261963,40,46.513004302978516
5355,4315707.501604253,3159586.270326638,0,0,97.84429931640625
5356,4315807.52714052,3159584.902830835,0.15802615880966187,45,97.21573638916016
5357,4315907.552661376,3159583.5353394416,1.653633713722229,61,83.85430908203125
5358,4316007.578166802,3159582.1678524553,0,0,98.2786636352539
5359,4316107.603656758,3159580.800369876,0,0,99.91204071044922
5360,4316207.629131217,3159579.4328917083,2.127316951751709,57,87.666046142578125
5361,4316307.654590149,3159578.065417951,0.32976990938186646,33,83.49925231933594
5362,4316407.680033521,3159576.6979486044,1.7153500318527222,56,82.86138153076172
5363,4316507.705461305,3159575.330483668,4.509859085083008,56,61.6563835144043
5364,4316607.730873468,3159573.9630231448,5.664836406707764,67,63.34389114379883
5365,4316707.756269982,3159572.595567031,6.542435646057129,51,46.35547637939453
5366,4316807.781650811,3159571.228115325,2.2261979579925537,51,55.54222106933594
5367,4316907.807015931,3159569.8606680357,1.6054900884628296,56,29.96957015991211
5368,4317007.832365306,3159568.4932251615,2.6521644592285156,67,59.562744140625
5369,4317107.857698909,3159567.125786697,1.2121915817260742,54,52.495704650878906
5370,4317207.883016706,3159565.7583526447,5.162437915802002,63,50.88363265991211
5371,4317307.90831867,3159564.3909230065,12.09365177154541,71,42.017635345458984
5372,4317407.9336047685,3159563.023497785,14.78335952758789,57,31.19540023803711
5373,4317507.958874969,3159561.656076978,6.000080585479736,65,47.80196762084961
5374,4317607.984129244,3159560.2886605877,27.647464752197266,69,19.087417602539062
5375,4317708.00936756,3159558.921248612,75.248626708984375,93,3.3268494606018066
5376,4317808.034589888,3159557.5538410516,59.15912628173828,89,15.263068199157715
5377,4317908.059796196,3159556.186437908,21.235403060913086,82,42.27543640136719
5378,4318008.084986457,3159554.8190391804,10.161761283874512,65,45.111785888671875
5379,4318108.110160635,3159553.451644872,47.01042175292969,96,23.37425994873047
5380,4318208.135318703,3159552.084254982,33.51609420776367,85,16.511474609375
5381,4318308.1604606295,3159550.7168695084,22.113143920898438,85,38.49202346801758
5382,4318408.185586383,3159549.3494884516,66.48393249511719,100,7.539851188659668
5383,4318508.210695934,3159547.982111817,89.7774887084961,100,0
5384,4318608.235789249,3159546.6147396,92.0416259765625,100,0
5385,4318708.2608663,3159545.247371804,89.499664306640625,99,0
5386,4318808.285927056,3159543.880008427,86.932708740234375,96,0
5387,4318908.310971486,3159542.512649473,79.39734649658203,96,0
5388,4319008.3359995615,3159541.145294938,63.71337127685547,99,0
5389,4319108.361011247,3159539.7779448214,37.4737663269043,87,0
5390,4319208.386006516,3159538.41059913,33.68870162963867,79,0
5391,4319308.410985333,3159537.0432578614,5.662083625793457,83,0
5392,4319408.435947673,3159535.675921015,4.594302654266357,65,0
5393,4319508.460893504,3159534.3085885914,13.529903411865234,74,1.5922907590866089
5394,4319608.485822793,3159532.941260594,2.0985584259033203,45,9.67897891998291
5395,4319708.510735511,3159531.5739370203,0.4134070873260498,49,0.3222614824771881
5396,4319808.535631626,3159530.206617868,8.164820671081543,75,0
5397,4319908.5605111085,3159528.8393031415,0,0,0
5398,4320008.585373927,3159527.471992842,0,0,0
5399,4320108.610220052,3159526.104686965,0,0,0
5400,4320208.635049451,3159524.737385515,0,0,0
5401,4320308.659862095,3159523.370088492,0,0,0
5402,4320408.684657953,3159522.002795894,0.19514070451259613,28,0
5403,4320508.709436993,3159520.6355077242,53.20294952392578,91,0
5404,4320608.734199187,3159519.2682239837,76.91425323486328,92,0
5405,4320708.7589445,3159517.900944672,44.18574523925781,90,0
5406,4320808.7836729055,3159516.53366979,3.039527177810669,69,0
5407,4320908.808384369,3159515.166399333,0,0,0
5408,4321008.833078867,3159513.7991333064,0,0,0
5409,4321108.8577563595,3159512.4318717103,0,0,0
5410,4321208.882416822,3159511.064614544,0,0,0
5411,4321308.90706022,3159509.697361807,44.438472747802734,88,0
5412,4321408.931686526,3159508.3301135,6.97166633605957,86,0
5413,4321508.956295707,3159506.962869627,0,0,0
5414,4321608.980887736,3159505.5956301875,27.483043670654297,96,0
5415,4321709.005462578,3159504.2283951757,86.21446990966797,99,0
5416,4321809.0300202025,3159502.8611645997,69.23212432861328,100,0
5417,4321909.054560582,3159501.4939384563,93.15165710449219,100,0
5418,4322009.079083685,3159500.126716748,87.739837646484375,99,0
5419,4322109.103589479,3159498.7594994702,89.66194915771484,100,0
5420,4322209.128077933,3159497.3922866285,87.360870361328125,98,0
5421,4322309.15254902,3159496.025078221,90.22943115234375,100,0
5422,4322409.177002704,3159494.65787425,89.2546157836914,100,0
5423,4322509.20143896,3159493.2906747153,87.96996307373047,100,0
5424,4322609.225857752,3159491.9234796134,89.75862121582031,100,0
5425,4322709.250259055,3159490.5562889497,91.1209487915039,98,0
5426,4322809.27464283,3159489.189102723,91.80841827392578,100,0
5427,4322909.299009056,3159487.8219209346,90.34827423095703,96,0
5428,4323009.323357696,3159486.454743582,93.2841567993164,98,0
5429,4323109.347688721,3159485.0875706663,90.64405059814453,98,0
5430,4323209.3720021,3159483.7204021914,91.1980972290039,100,0
5431,4323309.396297803,3159482.3532381556,94.16499328613281,100,0
5432,4323409.4205757985,3159480.9860785594,95.45719146728516,100,0
5433,4323509.444836057,3159479.618923399,95.234710693359375,100,0
5434,4323609.469078545,3159478.2517726813,96.77863311767578,100,0
5435,4323709.4933032375,3159476.8846264053,97.6339340209961,100,0
5436,4323809.5175100975,3159475.5174845704,91.787109375,100,0
5437,4323909.541699098,3159474.150347176,90.81097412109375,100,0
5438,4324009.565870207,3159472.7832142226,93.594879150390625,100,0
5439,4324109.590023395,3159471.4160857117,94.3455581665039,100,0
5440,4324209.6141586285,3159470.0489616427,93.43804931640625,100,0
5441,4324309.638275879,3159468.681842018,95.07554626464844,100,0
5493,4312705.361116668,3159527.2710624253,0,0,24.623193740844727
5494,4312805.387102435,3159525.9034500513,0,0,86.97505187988281
5495,4312905.413073716,3159524.535842088,1.7258926630020142,63,75.58195495605469
5496,4313005.439030483,3159523.1682385397,0,0,88.13687896728516
5497,4313105.464972705,3159521.8006394077,0.4596747159957886,46,90.11077880859375
5498,4313205.49090035,3159520.433044691,0,0,99.51676177978516
5499,4313305.51681339,3159519.065454388,0,0,97.98088836669922
5500,4313405.542711789,3159517.697868501,1.5887905359268188,58,66.28914642333984
5501,4313505.568595521,3159516.3302870314,0.849399983882904,46,91.1898193359375
5502,4313605.594464555,3159514.9627099815,0.2195461392402649,44,50.090614318847656
5503,4313705.620318857,3159513.5951373484,8.164237976074219,68,14.739151954650879
5504,4313805.646158399,3159512.227569132,0,0,82.73883819580078
5505,4313905.671983153,3159510.8600053345,0,0,90.77176666259766
5506,4314005.697793082,3159509.4924459546,3.674351453781128,52,61.85251998901367
5507,4314105.723588158,3159508.1248909947,3.630500555038452,46,61.56231689453125
5508,4314205.749368354,3159506.757340454,0,0,91.04981231689453
5509,4314305.775133633,3159505.389794333,0.688430905342102,49,84.31925201416016
5510,4314405.800883968,3159504.0222526337,0,0,96.44544219970703
5511,4314505.826619328,3159502.6547153555,1.9107199907302856,50,80.853118896484375
5512,4314605.852339681,3159501.287182498,7.474410057067871,85,72.525054931640625
5513,4314705.878045,3159499.919654062,27.311893463134766,85,28.187782287597656
5514,4314805.903735249,3159498.5521300477,14.388927459716797,92,42.567955017089844
5515,4314905.929410403,3159497.1846104553,7.162516117095947,92,48.67363739013672
5516,4315005.955070425,3159495.8170952857,13.477082252502441,53,32.02663040161133
5517,4315105.98071529,3159494.449584539,17.926246643066406,59,36.36796188354492
5518,4315206.006344963,3159493.0820782175,13.057202339172363,59,51.3370475769043
5519,4315306.0319594145,3159491.7145763207,18.927209854125977,72,24.22810935974121
5520,4315406.057558616,3159490.3470788463,10.391627311706543,73,17.942134857177734
5521,4315506.083142536,3159488.9795857994,3.085789442062378,43,37.313743591308594
5522,4315606.108711139,3159487.612097178,1.8615225553512573,43,50.02729034423828
5523,4315706.134264403,3159486.2446129816,23.43330955505371,73,47.843685150146484
5524,4315806.159802291,3159484.877133209,7.159491539001465,70,67.196136474609375
5525,4315906.185324775,3159483.5096578645,0,0,92.21241760253906
5526,4316006.210831821,3159482.1421869467,0,0,98.94422912597656
5527,4316106.236323402,3159480.7747204555,0,0,99.3869400024414
5528,4316206.261799485,3159479.4072583937,1.480164885520935,57,84.87800598144531
5529,4316306.287260042,3159478.039800762,0,0,93.33502960205078
5530,4316406.31270504,3159476.672347558,3.647280216217041,56,76.65642547607422
5531,4316506.338134449,3159475.3048987826,9.88780403137207,56,44.373634338378906
5532,4316606.363548236,3159473.937454438,14.644947052001953,67,46.38058853149414
5533,4316706.388946375,3159472.570014522,3.646472692489624,51,63.011009216308594
5534,4316806.414328831,3159471.202579033,5.594088077545166,69,62.008636474609375
5535,4316906.439695578,3159469.8351479787,19.37202262878418,73,29.241111755371094
5536,4317006.465046579,3159468.467721357,6.394804954528809,56,50.373050689697266
5537,4317106.490381809,3159467.100299165,44.455509185791016,82,10.370443344116211
5538,4317206.5157012325,3159465.732881404,28.59191131591797,82,34.842247009277344
5539,4317306.541004825,3159464.365468077,22.853595733642578,80,41.45332336425781
5540,4317406.5662925495,3159462.9980591824,16.245588302612305,75,41.201866149902344
5541,4317506.591564379,3159461.6306547206,23.538314819335938,60,22.11719512939453
5542,4317606.61682028,3159460.263254693,37.43674087524414,89,17.73049545288086
5543,4317706.642060225,3159458.8958590995,74.51073455810547,95,7.1109514236450195
5544,4317806.667284182,3159457.528467941,21.053348541259766,84,35.903175354003906
5545,4317906.692492119,3159456.161081217,15.382536888122559,63,51.54103088378906
5546,4318006.717684008,3159454.7936989274,21.568828582763672,82,47.388404846191406
5547,4318106.742859815,3159453.4263210744,24.07388687133789,90,22.116914749145508
5548,4318206.768019513,3159452.0589476605,19.79535675048828,88,31.610965728759766
5549,4318306.793163069,3159450.691578678,18.267728805541992,80,32.43182373046875
5550,4318406.818290452,3159449.324214134,83.43634796142578,100,3.083559204242192e-5
5551,4318506.843401632,3159447.956854029,82.76082611083984,99,0.2156006097793579
5552,4318606.868496579,3159446.5894983597,89.35206604003906,99,0
5553,4318706.893575261,3159445.2221471295,90.22593688964844,98,0
5554,4318806.918637649,3159443.854800339,91.52186584472656,100,0
5555,4318906.94368371,3159442.4874579874,87.69805145263672,97,0
5556,4319006.968713414,3159441.1201200755,38.682281494140625,92,0
5557,4319106.993726732,3159439.752786601,1.9159395694732666,77,0
5558,4319207.018723632,3159438.3854575665,34.35074996948242,85,0
5559,4319307.043704083,3159437.018132977,70.47142028808594,91,0
5560,4319407.068668055,3159435.6508128284,44.89681625366211,91,0
5561,4319507.09361552,3159434.2834971203,0.41643422842025757,58,0
5562,4319607.118546441,3159432.916185852,0,0,0.13508039712905884
5563,4319707.143460792,3159431.5488790297,0,0,0.02109023742377758
5564,4319807.168358539,3159430.1815766464,1.3304539918899536,70,0
5565,4319907.193239657,3159428.8142787097,1.1955593824386597,59,0.09192568063735962
5566,4320007.218104109,3159427.4469852163,0,0,1.4167132377624512
5567,4320107.242951867,3159426.0796961645,8.022256851196289,58,0.1254923790693283
5568,4320207.267782901,3159424.7124115573,3.8355109691619873,58,0
5569,4320307.29259718,3159423.345131397,0.30687248706817627,63,0
5570,4320407.317394671,3159421.9778556814,55.21440124511719,88,0
5571,4320507.342175348,3159420.6105844113,77.25701141357422,84,0
5572,4320607.366939176,3159419.2433175864,82.546875,94,0
5573,4320707.391686125,3159417.87605521,75.4070816040039,94,0
5574,4320807.416416167,3159416.508797281,0.5240729451179504,69,0
5575,4320907.441129268,3159415.1415437968,6.692400932312012,55,0
5576,4321007.465825399,3159413.774294759,0.7025517225265503,49,0
5577,4321107.49050453,3159412.4070501723,1.2366998195648193,41,0
5578,4321207.51516663,3159411.039810034,13.64334774017334,74,0
5579,4321307.539811665,3159409.6725743436,43.56338882446289,84,0
5580,4321407.564439608,3159408.3053431027,0,0,0
5581,4321507.589050429,3159406.938116314,21.471954345703125,92,0
5582,4321607.613644093,3159405.570893973,82.5789794921875,97,0
5583,4321707.638220573,3159404.2036760817,62.999210357666016,98,0
5584,4321807.662779838,3159402.836462646,89.38676452636719,100,0
5585,4321907.687321856,3159401.4692536597,89.3038330078125,99,0
5586,4322007.711846596,3159400.1020491244,88.508453369140625,96,0
5587,4322107.73635403,3159398.734849042,91.603057861328125,100,0
5588,4322207.760844124,3159397.3676534113,87.758575439453125,100,0
5589,4322307.785316849,3159396.0004622377,88.18727111816406,97,0
5590,4322407.809772176,3159394.6332755145,85.8021469116211,97,0
5591,4322507.834210068,3159393.2660932457,87.87223052978516,97,0
5592,4322607.858630503,3159391.8989154315,87.09667205810547,98,0
5593,4322707.883033443,3159390.5317420703,88.58482360839844,96,0
5594,4322807.907418863,3159389.1645731656,91.102996826171875,97,0
5595,4322907.931786727,3159387.797408719,92.1300277709961,99,0
5596,4323007.956137011,3159386.430248727,91.93659210205078,97,0
5597,4323107.980469676,3159385.063093193,89.892364501953125,99,0
5598,4323208.004784698,3159383.6959421155,92.02040100097656,100,0
5599,4323308.029082043,3159382.3287954936,93.31854248046875,99,0
5600,4323408.05336168,3159380.961653329,93.33613586425781,100,0
5601,4323508.0776235815,3159379.5945156207,92.47789001464844,100,0
5602,4323608.101867712,3159378.2273823745,93.254486083984375,100,0
5603,4323708.126094047,3159376.8602535883,89.12812042236328,100,0
5604,4323808.150302552,3159375.493129261,89.962738037109375,100,0
5605,4323908.1744931955,3159374.126009391,94.72673797607422,100,0
5606,4324008.198665947,3159372.7588939816,90.52592468261719,100,0
5607,4324108.222820778,3159371.3917830344,95.002685546875,100,0
5608,4324208.246957657,3159370.0246765474,96.08824157714844,100,0
5609,4324308.2710765535,3159368.6575745204,96.47991943359375,100,0
5610,4324408.2951774355,3159367.290476958,97.78822326660156,100,0
5662,4312703.993744717,3159427.24487756,3.8357582092285156,54,69.39331817626953
5663,4312804.019732105,3159425.877280663,0,0,92.414031982421875
5664,4312904.04570501,3159424.509688198,7.6981940269470215,63,14.987916946411133
5665,4313004.071663398,3159423.1421001665,0.7328634262084961,50,82.28990936279297
5666,4313104.097607243,3159421.774516569,1.0392645597457886,57,81.20682525634766
5667,4313204.123536512,3159420.4069374055,0,0,91.01287841796875
5668,4313304.149451174,3159419.0393626723,0,0,99.85102844238281
5669,4313404.175351198,3159417.6717923745,4.881673812866211,55,60.27579116821289
5670,4313504.2012365535,3159416.3042265135,0,0,98.509033203125
5671,4313604.227107211,3159414.9366650893,3.7673399448394775,65,50.031829833984375
5672,4313704.252963139,3159413.569108101,0,0,0.0821695625782013
5673,4313804.278804306,3159412.2015555487,0,0,0.3330807387828827
5674,4313904.304630682,3159410.8340074318,0,0,3.672072172164917
5675,4314004.330442239,3159409.4664637526,0,0,66.2314224243164
5676,4314104.356238941,3159408.0989245125,0,0,93.27149963378906
5677,4314204.382020759,3159406.7313897074,0.7994369864463806,41,87.583953857421875
5678,4314304.407787665,3159405.3638593424,0.47966232895851135,48,79.050994873046875
5679,4314404.433539627,3159403.9963334184,0,0,96.8794174194336
5680,4314504.459276614,3159402.6288119294,0,0,92.3492660522461
5681,4314604.484998594,3159401.2612948827,33.29422378540039,90,37.38285446166992
5682,4314704.510705538,3159399.8937822767,61.82958984375,94,1.5975375175476074
5683,4314804.536397416,3159398.5262741107,47.381385803222656,94,10.068750381469727
5684,4314904.562074195,3159397.158770385,8.741239547729492,77,36.5250129699707
5685,4315004.587735846,3159395.7912711003,5.412522792816162,54,32.09745788574219
5686,4315104.613382338,3159394.423776258,30.88610076904297,64,25.58993911743164
5687,4315204.63901364,3159393.0562858563,18.113510131835938,62,32.80922317504883
5688,4315304.66462972,3159391.6887999,21.095121383666992,72,16.237085342407227
5689,4315404.690230549,3159390.3213183857,9.468732833862305,62,9.943145751953125
5690,4315504.715816097,3159388.953841312,3.041769504547119,50,39.1773796081543
5691,4315604.741386333,3159387.586368686,4.317661762237549,64,47.88957977294922
5692,4315704.766941224,3159386.2189005036,8.608538627624512,67,39.955204010009766
5693,4315804.792480742,3159384.851436762,3.747732639312744,70,28.940940856933594
5694,4315904.818004855,3159383.4839774687,0,0,81.26128387451172
5695,4316004.843513533,3159382.1165226223,0,0,100
5696,4316104.869006745,3159380.749072221,0,0,99.99999237060547
5697,4316204.8944844585,3159379.381626264,0,0,98.93821716308594
5698,4316304.919946645,3159378.0141847543,0,0,92.6781234741211
5699,4316404.945393273,3159376.646747694,0,0,76.28336334228516
5700,4316504.970824314,3159375.279315079,2.8889801502227783,37,63.972381591796875
5701,4316604.996239734,3159373.9118869104,5.091834545135498,54,49.541866302490234
5702,4316705.021639505,3159372.544463194,12.482841491699219,69,49.353553771972656
5703,4316805.0470235925,3159371.177043923,3.5790131092071533,51,59.6119499206543
5704,4316905.072391971,3159369.8096291027,12.964875221252441,61,52.51540756225586
5705,4317005.0977446055,3159368.442218733,10.166609764099121,68,59.2528190612793
5706,4317105.123081468,3159367.0748128137,8.261046409606934,68,61.526939392089844
5707,4317205.148402526,3159365.707411345,7.695519924163818,64,64.52294921875
5708,4317305.173707749,3159364.3400143255,27.478923797607422,63,35.48335647583008
5709,4317405.198997108,3159362.9726217566,31.751834869384766,75,34.49213790893555
5710,4317505.224270572,3159361.60523364,37.98628616333008,89,15.229483604431152
5711,4317605.249528107,3159360.237849976,67.9846420288086,89,5.179194450378418
5712,4317705.274769687,3159358.870470766,25.455162048339844,86,38.935272216796875
5713,4317805.299995277,3159357.503096009,21.0590877532959,62,40.750709533691406
5714,4317905.325204851,3159356.135725706,9.0157318115234375,60,54.35463333129883
5715,4318005.350398374,3159354.7683598516,8.862357139587402,75,40.80488204956055
5716,4318105.375575818,3159353.400998453,11.491352081298828,76,1.65625
5717,4318205.40073715,3159352.033641513,3.3190064430236816,69,45.4660758972168
5718,4318305.42588234,3159350.6662890273,19.697874069213867,86,42.34352493286133
5719,4318405.451011361,3159349.2989409952,77.5771484375,100,1.2146397829055786
5720,4318505.476124177,3159347.931597421,50.767181396484375,97,14.448793411254883
5721,4318605.50122076,3159346.5642583,87.3014144897461,97,0
5722,4318705.526301079,3159345.196923636,88.70518493652344,97,0
5723,4318805.551365103,3159343.829593431,91.82060241699219,99,0
5724,4318905.576412803,3159342.4622676815,76.296844482421875,99,0.8094420433044434
5725,4319005.601444145,3159341.094946391,43.12504577636719,95,0
5726,4319105.6264591,3159339.727629559,0,0,0
5727,4319205.651457639,3159338.360317186,28.294313430786133,90,0
5728,4319305.676439729,3159336.9930092734,66.21614837646484,93,0
5729,4319405.70140534,3159335.6257058186,29.4245548248291,91,0
5730,4319505.726354439,3159334.258406823,3.094555139541626,51,0
5731,4319605.751287002,3159332.89111229,5.143072605133057,55,0
5732,4319705.776202992,3159331.523822216,2.761432409286499,55,0
5733,4319805.80110238,3159330.156536604,3.213737964630127,58,0
5734,4319905.8259851355,3159328.789255456,3.229743480682373,73,2.3944783210754395
5735,4320005.850851229,3159327.421978766,1.5306121110916138,42,55.13228225708008
5736,4320105.8757006265,3159326.0547065386,0.22395408153533936,36,12.814027786254883
5737,4320205.9005333,3159324.6874387753,0,0,0
5738,4320305.925349222,3159323.320175478,3.562551498413086,66,0
5739,4320405.950148354,3159321.952916642,55.43857192993164,81,0
5740,4320505.974930671,3159320.585662272,17.007104873657227,77,0
5741,4320605.999696141,3159319.218412365,25.78333854675293,82,0
5742,4320706.024444734,3159317.8511669226,26.37902069091797,84,0
5743,4320806.049176416,3159316.483925947,1.263963222503662,60,0
5744,4320906.073891158,3159315.116689436,30.22979736328125,79,0
5745,4321006.098588932,3159313.7494573896,29.314809799194336,77,0
5746,4321106.123269707,3159312.3822298124,20.670896530151367,73,0
5747,4321206.147933447,3159311.015006702,38.89714050292969,77,0
5748,4321306.172580128,3159309.6477880566,19.422391891479492,77,0
5749,4321406.197209714,3159308.280573881,2.505547285079956,48,0
5750,4321506.221822177,3159306.913364174,43.77606964111328,95,0
5751,4321606.246417486,3159305.5461589363,69.57505798339844,93,0
5752,4321706.270995612,3159304.1789581683,61.52458953857422,96,0
5753,4321806.29555652,3159302.811761869,88.2496337890625,95,0
5754,4321906.320100182,3159301.4445700385,92.84070587158203,100,0
5755,4322006.344626569,3159300.0773826796,92.92425537109375,100,0
5756,4322106.369135647,3159298.7101997896,94.93858337402344,100,0
5757,4322206.393627387,3159297.3430213737,93.21258544921875,100,0
5758,4322306.418101758,3159295.9758474287,90.13157653808594,100,0
5759,4322406.442558729,3159294.608677953,90.930908203125,100,0
5760,4322506.466998271,3159293.2415129533,90.40650939941406,100,0
5761,4322606.49142035,3159291.8743524263,93.10514831542969,100,0
5762,4322706.515824936,3159290.507196371,91.37220001220703,100,0
5763,4322806.5402120035,3159289.1400447893,88.75994873046875,100,0
5764,4322906.564581517,3159287.772897681,94.20275115966797,100,0
5765,4323006.588933445,3159286.405755047,91.912689208984375,99,0
5766,4323106.613267759,3159285.038616892,93.60555267333984,100,0
5767,4323206.637584429,3159283.6714832108,94.1168212890625,100,0
5768,4323306.661883422,3159282.304354004,94.992156982421875,100,0
5769,4323406.686164708,3159280.9372292724,92.6084213256836,100,0
5770,4323506.710428257,3159279.570109017,92.17171478271484,99,0
5771,4323606.73467404,3159278.202993241,88.4144058227539,100,0
5772,4323706.758902023,3159276.8358819424,83.93254852294922,93,0
5773,4323806.783112175,3159275.4687751215,87.69499969482422,94,0
5774,4323906.807304469,3159274.1016727765,89.51014709472656,100,0
5775,4324006.831478871,3159272.7345749107,89.12939453125,95,0
5776,4324106.855635352,3159271.367481529,97.496673583984375,100,0
5777,4324206.879773882,3159270.0003926223,95.01567077636719,100,0
5778,4324306.903894428,3159268.6333081946,93.613250732421875,100,0
5779,4324406.927996962,3159267.266228246,95.48204040527344,100,0
5832,4312702.626389253,3159327.218693885,0.327798992395401,45,88.02887725830078
5833,4312802.652378271,3159325.851112465,0,0,90.231201171875
5834,4312902.678352802,3159324.483535497,0.14913275837898254,38,89.92567443847656
5835,4313002.704312821,3159323.115962982,0.5862026810646057,46,65.57426452636719
5836,4313102.730258295,3159321.748394919,0,0,96.284515380859375
5837,4313202.756189194,3159320.380831307,1.4689610004425049,38,72.85736846923828
5838,4313302.782105483,3159319.013272145,1.2262293100357056,62,74.30924224853516
5839,4313402.808007138,3159317.64571744,7.788341045379639,62,60.35291290283203
5840,4313502.833894125,3159316.2781671872,0,0,99.18123626708984
5841,4313602.859766412,3159314.9106213874,2.299713373184204,69,76.886016845703125
5842,4313702.885623969,3159313.543080043,5.354883193969727,69,44.134132385253906
5843,4313802.911466767,3159312.1755431537,0.9399269819259644,42,24.174890518188477
5844,4313902.937294776,3159310.808010719,5.076639652252197,47,16.468238830566406
5845,4314002.963107962,3159309.4404827403,0.578782320022583,35,65.93473815917969
5846,4314102.988906297,3159308.072959218,0,0,91.25343322753906
5847,4314203.014689747,3159306.705440149,0,0,98.10956573486328
5848,4314303.040458286,3159305.3379255394,0,0,98.02128601074219
5849,4314403.066211878,3159303.9704153896,0,0,99.86036682128906
5850,4314503.091950498,3159302.602909695,11.243054389953613,85,53.70722579956055
5851,4314603.117674111,3159301.2354084575,24.607421875,89,2.8927886486053467
5852,4314703.14338269,3159299.8679116797,33.67283630371094,87,10.536233901977539
5853,4314803.169076201,3159298.500419361,24.679534912109375,79,33.753082275390625
5854,4314903.194754614,3159297.1329315035,20.381149291992188,72,29.061717987060547
5855,4315003.220417897,3159295.7654481027,11.804045677185059,71,34.41604995727539
5856,4315103.246066023,3159294.3979691635,17.27277374267578,63,44.18308639526367
5857,4315203.271698958,3159293.0304946858,15.470952987670898,64,38.01510238647461
5858,4315303.297316675,3159291.6630246663,29.71030616760254,74,25.465267181396484
5859,4315403.322919138,3159290.29555911,15.443406105041504,75,3.740391731262207
5860,4315503.34850632,3159288.928098013,28.570035934448242,78,30.31731414794922
5861,4315603.374078192,3159287.560641382,17.12340545654297,73,25.437524795532227
5862,4315703.399634718,3159286.1931892135,2.0976827144622803,50,26.82942771911621
5863,4315803.425175874,3159284.825741506,0,0,3.9708163738250732
5864,4315903.450701621,3159283.4582982613,3.744032382965088,67,60.60935592651367
5865,4316003.476211934,3159282.090859484,3.439620018005371,57,91.08146667480469
5866,4316103.501706783,3159280.7234251704,0.26006895303726196,40,95.844329833984375
5867,4316203.527186135,3159279.35599532,16.560653686523438,61,40.78720474243164
5868,4316303.552649959,3159277.988569933,3.7144615650177,62,87.67851257324219
5869,4316403.5780982245,3159276.621149013,1.4346379041671753,46,78.09961700439453
5870,4316503.6035309015,3159275.253732561,0.7476947903633118,35,77.2916488647461
5871,4316603.62894796,3159273.8863205723,0.23155729472637177,28,88.79410552978516
5872,4316703.654349367,3159272.518913055,3.8910176753997803,69,66.88092041015625
5873,4316803.679735094,3159271.1515100007,3.032658576965332,56,61.32905197143555
5874,4316903.705105111,3159269.7841114146,12.774784088134766,75,52.12562942504883
5875,4317003.730459385,3159268.416717297,8.257246971130371,62,47.18742370605469
5876,4317103.755797886,3159267.04932765,5.016810417175293,55,43.66311264038086
5877,4317203.781120583,3159265.68194247,4.1860575675964355,45,47.74479293823242
5878,4317303.806427445,3159264.3145617587,11.893770217895508,64,44.71671676635742
5879,4317403.831718444,3159262.947185519,17.172447204589844,71,48.01994705200195
5880,4317503.856993548,3159261.579813747,45.939476013183594,85,16.35926628112793
5881,4317603.882252724,3159260.212446447,35.7177619934082,86,30.60291290283203
5882,4317703.907495943,3159258.845083619,9.423742294311523,57,60.42075729370117
5883,4317803.932723177,3159257.4777252623,29.050384521484375,87,39.79804229736328
5884,4317903.957934388,3159256.110371378,23.843690872192383,83,38.49539566040039
5885,4318003.983129553,3159254.743021963,16.914640426635742,76,21.492233276367188
5886,4318104.00830864,3159253.3756770203,15.728611946105957,86,2.087635040283203
5887,4318204.033471613,3159252.0083365534,28.490285873413086,66,19.45650863647461
5888,4318304.058618448,3159250.6410005623,51.922935485839844,100,12.183980941772461
5889,4318404.083749107,3159249.2736690417,89.8881607055664,99,0
5890,4318504.108863567,3159247.906341996,87.27293395996094,97,0
5891,4318604.133961793,3159246.539019425,87.67632293701172,95,0
5892,4318704.159043755,3159245.171701328,86.6673583984375,92,0
5893,4318804.184109422,3159243.8043877077,88.42667388916016,100,0
5894,4318904.209158765,3159242.43707856,80.1135482788086,98,0
5895,4319004.23419175,3159241.0697738905,27.397266387939453,86,0
5896,4319104.25920835,3159239.702473704,11.872880935668945,82,0
5897,4319204.284208532,3159238.3351779883,23.236005783081055,90,0
5898,4319304.309192267,3159236.9678867506,23.3111572265625,82,0
5899,4319404.334159522,3159235.600599991,19.528669357299805,78,0
5900,4319504.35911027,3159234.2333177114,20.363079071044922,81,0
5901,4319604.384044476,3159232.866039911,37.45966339111328,78,0
5902,4319704.408962109,3159231.4987665876,15.791961669921875,71,0.11871844530105591
5903,4319804.433863144,3159230.131497745,8.506880760192871,63,1.016944408416748
5904,4319904.458747546,3159228.764233384,5.991432189941406,54,15.160967826843262
5905,4320004.483615285,3159227.3969735024,5.044051647186279,50,61.86036682128906
5906,4320104.50846633,3159226.0297181,5.1844868659973145,50,45.491737365722656
5907,4320204.533300652,3159224.6624671808,0,0,3.4357686042785645
5908,4320304.558118218,3159223.295220744,0,0,0
5909,4320404.582918999,3159221.9279787852,26.58253288269043,70,0
5910,4320504.607702963,3159220.5607413137,21.757579803466797,67,0
5911,4320604.63247008,3159219.1935083265,4.203879356384277,73,0
5912,4320704.65722032,3159217.826279819,24.347537994384766,87,0
5913,4320804.681953651,3159216.4590557953,31.69345474243164,75,0
5914,4320904.706670044,3159215.091836258,13.226297378540039,72,0
5915,4321004.7313694665,3159213.724621204,6.977976322174072,73,0
5916,4321104.756051888,3159212.357410636,45.75783157348633,76,0
5917,4321204.780717278,3159210.990204553,31.47420883178711,77,0
5918,4321304.805365607,3159209.6230029566,0.14795567095279694,67,0
5919,4321404.829996845,3159208.255805845,8.507081031799316,55,0
5920,4321504.854610957,3159206.88861322,4.039350509643555,85,0
5921,4321604.879207917,3159205.5214250833,75.3370132446289,100,0
5922,4321704.903787692,3159204.154241435,91.51835632324219,100,0
5923,4321804.928350251,3159202.7870622734,91.41387939453125,100,0
5924,4321904.952895566,3159201.4198876023,96.19922637939453,100,0
5925,4322004.977423602,3159200.0527174175,97.953765869140625,100,0
5926,4322105.00193433,3159198.685551721,98.03983306884766,100,0
5927,4322205.026427723,3159197.3183905175,96.6314697265625,100,0
5928,4322305.050903745,3159195.9512338005,95.45662689208984,100,0
5929,4322405.075362369,3159194.584081576,96.3768539428711,100,0
5930,4322505.099803562,3159193.2169338437,96.88877868652344,100,0
5931,4322605.124227295,3159191.8497906,91.44181823730469,100,0
5932,4322705.148633536,3159190.48265185,92.29341125488281,100,0
5933,4322805.173022254,3159189.115517592,95.38475799560547,100,0
5934,4322905.19739342,3159187.748387824,93.9848861694336,100,0
5935,4323005.221747003,3159186.3812625506,95.67218780517578,100,0
5936,4323105.246082971,3159185.0141417724,94.88116455078125,100,0
5937,4323205.270401293,3159183.647025485,94.2065658569336,100,0
5938,4323305.294701942,3159182.2799136927,93.496337890625,100,0
5939,4323405.318984883,3159180.9128063964,91.36820220947266,100,0
5940,4323505.3432500865,3159179.5457035946,91.63909149169922,100,0
5941,4323605.367497524,3159178.1786052887,91.062347412109375,100,0
5942,4323705.391727162,3159176.811511477,85.41725158691406,98,0
5943,4323805.415938972,3159175.4444221635,84.74857330322266,95,0
5944,4323905.44013292,3159174.0773373446,82.04188537597656,90,0
5945,4324005.464308979,3159172.710257026,88.34778594970703,96,0
5946,4324105.488467117,3159171.343181204,95.65394592285156,100,0
5947,4324205.512607302,3159169.9761098777,93.87672424316406,100,0
5948,4324305.536729507,3159168.6090430506,94.37994384765625,100,0
5949,4324405.560833695,3159167.2419807217,93.94867706298828,100,0
6003,4312701.259050279,3159227.1925114077,0,0,87.14997863769531
6004,4312801.28504093,3159225.824945468,0,0,89.62754821777344
6005,4312901.311017099,3159224.457383995,0,0,91.99732208251953
6006,4313001.33697875,3159223.0898269946,2.7380616664886475,53,67.95801544189453
6007,4313101.36292586,3159221.722274465,0,0,90.527587890625
6008,4313201.388858394,3159220.354726405,7.862139701843262,68,66.86254119873047
6009,4313301.414776318,3159218.987182817,14.234668731689453,80,45.0588493347168
6010,4313401.440679611,3159217.6196437026,15.986978530883789,85,50.21916961669922
6011,4313501.4665682325,3159216.2521090554,5.138822078704834,70,76.91352081298828
6012,4313601.492442156,3159214.8845788804,9.663171768188477,81,75.12959289550781
6013,4313701.518301352,3159213.5170531822,13.611862182617188,78,63.97849655151367
6014,4313801.544145786,3159212.149531955,15.66032886505127,76,45.389915466308594
6015,4313901.569975431,3159210.7820152026,6.116650581359863,73,17.42269515991211
6016,4314001.595790255,3159209.414502925,4.0746870040893555,78,81.5515365600586
6017,4314101.621590228,3159208.04699512,0.36973950266838074,37,91.94364929199219
6018,4314201.647375316,3159206.6794917895,0,0,95.5859146118164
6019,4314301.673145493,3159205.3119929326,0,0,92.68132019042969
6020,4314401.698900725,3159203.9444985557,9.792972564697266,92,79.36962127685547
6021,4314501.724640982,3159202.5770086558,23.725322723388672,92,50.984413146972656
6022,4314601.750366235,3159201.2095232303,28.47633934020996,94,33.894039154052734
6023,4314701.776076451,3159199.8420422794,28.580413818359375,89,39.18586730957031
6024,4314801.801771601,3159198.474565808,8.962236404418945,76,68.042816162109375
6025,4314901.827451654,3159197.107093816,17.005352020263672,70,43.51594924926758
6026,4315001.8531165775,3159195.7396262987,12.339439392089844,68,51.8971061706543
6027,4315101.878766344,3159194.372163262,4.865828514099121,50,44.14252471923828
6028,4315201.904400921,3159193.004704707,25.16802978515625,74,31.841196060180664
6029,4315301.930020276,3159191.6372506265,40.16517639160156,79,16.90993309020996
6030,4315401.955624383,3159190.2698010257,20.465038299560547,81,0.7593348622322083
6031,4315501.9812132055,3159188.902355908,23.615543365478516,79,35.37982940673828
6032,4315602.006786717,3159187.5349152726,13.47104263305664,79,32.62523651123047
6033,4315702.032344886,3159186.1674791183,18.09918975830078,79,10.479340553283691
6034,4315802.057887683,3159184.8000474405,2.778057336807251,53,25.197166442871094
6035,4315902.0834150715,3159183.4326202455,3.056123971939087,67,70.97876739501953
6036,4316002.10892703,3159182.065197536,10.79539680480957,76,72.1544418334961
6037,4316102.1344235195,3159180.69777931,0,0,98.91692352294922
6038,4316202.159904514,3159179.3303655675,4.137594223022461,53,76.96111297607422
6039,4316302.1853699805,3159177.9629563047,0.469672292470932,47,92.77845764160156
6040,4316402.210819892,3159176.5955515285,3.3773131370544434,47,79.39427185058594
6041,4316502.2362542115,3159175.2281512367,4.833868980407715,66,72.94666290283203
6042,4316602.261672914,3159173.8607554287,10.031357765197754,64,59.21466064453125
6043,4316702.287075967,3159172.493364108,12.76455307006836,66,59.6866569519043
6044,4316802.312463337,3159171.1259772712,5.976515293121338,73,63.498294830322266
6045,4316902.337834997,3159169.758594921,28.03971290588379,93,36.26176071166992
6046,4317002.363190917,3159168.3912170567,28.52329444885254,71,33.101844787597656
6047,4317102.388531062,3159167.0238436796,10.244397163391113,68,53.095909118652344
6048,4317202.413855405,3159165.6564747905,27.232337951660156,68,35.545745849609375
6049,4317302.439163916,3159164.2891103863,13.22049331665039,62,43.675682067871094
6050,4317402.464456558,3159162.921750474,18.681550979614258,70,41.71137237548828
6051,4317502.489733308,3159161.554395047,6.975534439086914,74,47.22207260131836
6052,4317602.5149941305,3159160.1870441115,19.86079216003418,60,40.68307113647461
6053,4317702.540238997,3159158.8196976664,18.439674377441406,67,39.762718200683594
6054,4317802.565467875,3159157.452355709,61.27415466308594,100,12.74643325805664
6055,4317902.590680737,3159156.085018242,48.11106491088867,100,20.38176727294922
6056,4318002.615877549,3159154.7176852687,5.431476593017578,65,56.79772186279297
6057,4318102.641058281,3159153.350356783,33.02796173095703,84,11.090704917907715
6058,4318202.666222903,3159151.9830327877,21.454578399658203,71,35.22528076171875
6059,4318302.691371384,3159150.6157132876,42.809993743896484,88,14.20089054107666
6060,4318402.716503696,3159149.248398278,85.75447845458984,97,0
6061,4318502.741619804,3159147.8810877614,90.06964874267578,98,0
6062,4318602.766719677,3159146.5137817394,87.94331359863281,95,0
6063,4318702.791803289,3159145.1464802097,83.76561737060547,92,0
6064,4318802.816870606,3159143.779183172,83.17158508300781,95,0
6065,4318902.841921598,3159142.411890629,35.59162521362305,88,0
6066,4319002.866956233,3159141.0446025836,0,0,0
6067,4319102.891974485,3159139.6773190354,3.899735689163208,55,0
6068,4319202.916976315,3159138.3100399803,5.902154922485352,62,0
6069,4319302.941961701,3159136.94276542,0.7988950610160828,74,0
6070,4319402.966930606,3159135.575495356,13.738648414611816,80,0
6071,4319502.991883004,3159134.2082297914,37.2695426940918,82,0
6072,4319603.016818862,3159132.840968722,28.895055770874023,72,1.0809040069580078
6073,4319703.041738149,3159131.473712152,18.884063720703125,81,0.8774523138999939
6074,4319803.066640835,3159130.1064600805,14.621691703796387,67,22.60831642150879
6075,4319903.091526888,3159128.7392125027,4.991764068603516,64,65.98097229003906
6076,4320003.116396281,3159127.3719694274,0.9770575165748596,45,71.11744689941406
6077,4320103.141248978,3159126.0047308514,11.990762710571289,52,46.947086334228516
6078,4320203.166084952,3159124.637496775,0.3086830973625183,49,0.9756924510002136
6079,4320303.190904171,3159123.2702671997,0,0,0
6080,4320403.2157066045,3159121.903042123,0.2260846644639969,47,0
6081,4320503.240492224,3159120.535821549,16.3277587890625,59,0
6082,4320603.2652609935,3159119.1686054748,20.33203125,85,0.6195764541625977
6083,4320703.290012887,3159117.801393906,81.0860366821289,89,0
6084,4320803.314747876,3159116.4341868367,16.360977172851562,74,0
6085,4320903.33946592,3159115.0669842716,0,0,0
6086,4321003.364166998,3159113.6997862095,0,0,0
6087,4321103.388851075,3159112.3325926503,0.20833270251750946,49,0
6088,4321203.4135181215,3159110.965403596,0,0,0
6089,4321303.4381681075,3159109.5982190445,0,0,0
6090,4321403.462800996,3159108.231038997,6.754072189331055,57,0
6091,4321503.487416767,3159106.863863454,46.40169143676758,93,0
6092,4321603.512015382,3159105.4966924177,89.2315673828125,99,0
6093,4321703.536596814,3159104.1295258887,93.76708221435547,100,0
6094,4321803.56116103,3159102.7623638664,86.2279052734375,100,0
6095,4321903.585708,3159101.395206352,96.23051452636719,100,0
6096,4322003.610237695,3159100.0280533433,96.36219787597656,100,0
6097,4322103.634750083,3159098.6609048406,95.161712646484375,100,0
6098,4322203.659245132,3159097.2937608478,97.36980438232422,100,0
6099,4322303.683722813,3159095.926621363,98.678802490234375,100,0
6100,4322403.708183094,3159094.5594863887,97.793121337890625,100,0
6101,4322503.732625946,3159093.192355921,99.336700439453125,100,0
6102,4322603.757051337,3159091.8252299633,97.86189270019531,100,0
6103,4322703.781459237,3159090.4581085183,96.93965911865234,100,0
6104,4322803.8058496155,3159089.0909915823,94.3945541381836,100,0
6105,4322903.830222441,3159087.723879157,90.40708923339844,100,0
6106,4323003.854577683,3159086.3567712433,94.68840789794922,100,0
6107,4323103.87891531,3159084.989667842,93.79969787597656,100,0
6108,4323203.903235295,3159083.622568951,87.82132720947266,97,0
6109,4323303.927537602,3159082.2554745753,90.25458526611328,99,0
6110,4323403.951822205,3159080.8883847105,92.2711410522461,100,0
6111,4323503.976089071,3159079.5212993603,91.16875457763672,100,0
6112,4323604.000338167,3159078.154218524,92.2428970336914,100,0
6113,4323704.024569469,3159076.787142205,90.92549896240234,100,0
6114,4323804.048782939,3159075.420070397,91.68537139892578,100,0
6115,4323904.07297855,3159074.0530031035,90.959625244140625,100,0
6116,4324004.09715627,3159072.6859403257,92.40550231933594,100,0
6117,4324104.121316071,3159071.3188820654,91.10746765136719,100,0
6118,4324204.14545792,3159069.9518283224,92.43309020996094,98,0
6119,4324304.169581787,3159068.584779095,90.51487731933594,100,0
6120,4324404.193687639,3159067.217734385,96.53752899169922,100,0
6174,4312699.891727792,3159127.1663301317,3.5666420459747314,53,79.39042663574219
6175,4312799.917720084,3159125.7987796725,0,0,86.14835357666016
6176,4312899.943697893,3159124.4312336966,0,0,91.91444396972656
6177,4312999.969661187,3159123.063692212,4.612228870391846,73,57.812042236328125
6178,4313099.995609938,3159121.696155216,22.88001823425293,78,23.062450408935547
6179,4313200.021544113,3159120.3286227067,30.559261322021484,90,6.372292518615723
6180,4313300.047463682,3159118.9610946905,14.876212120056152,68,14.394072532653809
6181,4313400.073368613,3159117.593571162,0.028668208047747612,46,83.396881103515625
6182,4313500.099258877,3159116.226052123,0,0,89.5986328125
6183,4313600.125134446,3159114.8585375785,0,0,100.00000762939453
6184,4313700.150995281,3159113.4910275238,0,0,99.8460464477539
6185,4313800.1768413605,3159112.123521959,2.7574422359466553,74,90.09870910644531
6186,4313900.20267265,3159110.756020887,11.616192817687988,77,66.094512939453125
6187,4314000.228489117,3159109.3885243093,21.225812911987305,78,48.953433990478516
6188,4314100.254290733,3159108.0210322225,31.93511199951172,95,44.67402267456055
6189,4314200.280077465,3159106.653544628,13.661080360412598,89,73.21903228759766
6190,4314300.305849286,3159105.286061527,1.1600772142410278,75,93.61209869384766
6191,4314400.331606163,3159103.918582925,24.043981552124023,91,55.49723815917969
6192,4314500.357348067,3159102.5511088176,8.99256420135498,91,76.220855712890625
6193,4314600.3830749625,3159101.1836392027,10.506172180175781,81,66.21549987792969
6194,4314700.408786826,3159099.816174081,10.500700950622559,75,60.05961608886719
6195,4314800.43448362,3159098.448713456,11.522419929504395,63,62.53556823730469
6196,4314900.460165318,3159097.081257329,6.068138599395752,57,49.35038375854492
6197,4315000.485831889,3159095.7138056974,5.835903167724609,57,55.68601989746094
6198,4315100.511483302,3159094.346358563,5.839367866516113,53,55.6358757019043
6199,4315200.537119524,3159092.9789159275,23.854467391967773,70,30.08988380432129
6200,4315300.562740528,3159091.611477788,29.14041519165039,75,28.787471771240234
6201,4315400.58834628,3159090.244044147,37.32912826538086,85,1.5368129014968872
6202,4315500.613936752,3159088.8766150065,13.073994636535645,74,61.42831802368164
6203,4315600.639511911,3159087.509190365,1.0575202703475952,72,93.2663803100586
6204,4315700.665071728,3159086.1417702227,21.025924682617188,81,34.2145881652832
6205,4315800.69061617,3159084.774354577,1.628851294517517,48,83.93021392822266
6206,4315900.716145211,3159083.406943433,0,0,99.8287353515625
6207,4316000.741658814,3159082.039536792,9.60341739654541,76,67.94876861572266
6208,4316100.767156956,3159080.672134652,0,0,99.07951354980469
6209,4316200.792639598,3159079.3047370138,0.0789726972579956,36,93.4688491821289
6210,4316300.818106714,3159077.9373438777,1.3100581169128418,42,91.08544921875
6211,4316400.843558273,3159076.5699552433,14.262408256530762,63,54.18927001953125
6212,4316500.868994245,3159075.2025711117,10.849563598632812,71,69.25621795654297
6213,4316600.894414596,3159073.835191485,8.610093116760254,65,52.3770637512207
6214,4316700.919819299,3159072.46781636,13.258590698242188,65,43.872314453125
6215,4316800.945208321,3159071.1004457385,3.747335910797119,54,69.20336151123047
6216,4316900.970581634,3159069.7330796244,11.735967636108398,63,55.06401062011719
6217,4317000.995939203,3159068.365718013,14.114587783813477,62,46.421077728271484
6218,4317101.021281,3159066.9983609067,4.487314224243164,54,60.972164154052734
6219,4317201.046606994,3159065.63100831,9.07909870147705,63,54.66728973388672
6220,4317301.071917156,3159064.2636602144,11.266714096069336,63,50.50179672241211
6221,4317401.09721145,3159062.8963166266,11.803117752075195,83,48.112586975097656
6222,4317501.122489852,3159061.5289775482,9.007732391357422,76,52.808040618896484
6223,4317601.147752329,3159060.1616429742,27.462465286254883,70,30.188486099243164
6224,4317701.172998846,3159058.79431291,15.13127326965332,63,54.283416748046875
6225,4317801.198229379,3159057.426987354,13.919795036315918,77,48.0203971862793
6226,4317901.223443893,3159056.0596663062,15.906174659729004,68,39.8925666809082
6227,4318001.248642359,3159054.6923497706,12.341976165771484,66,51.228118896484375
6228,4318101.273824744,3159053.3250377392,21.62613296508789,73,25.30939483642578
6229,4318201.298991021,3159051.957730219,22.301334381103516,73,33.79484558105469
6230,4318301.324141158,3159050.590427211,45.436256408691406,94,20.250463485717773
6231,4318401.3492751205,3159049.223128713,87.20003509521484,97,0
6232,4318501.374392883,3159047.855834726,89.65684509277344,97,0
6233,4318601.399494414,3159046.488545251,90.23120880126953,100,0
6234,4318701.42457968,3159045.1212602886,89.83903503417969,100,0
6235,4318801.449648652,3159043.7539798385,82.22393035888672,95,0
6236,4318901.474701299,3159042.386703901,47.908748626708984,90,0
6237,4319001.4997375915,3159041.019432476,17.351627349853516,74,0
6238,4319101.524757499,3159039.6521655656,0,0,0
6239,4319201.549760986,3159038.284903169,1.883596658706665,60,0
6240,4319301.574748029,3159036.9176452877,0.11145568639039993,37,0
6241,4319401.599718591,3159035.550391917,1.42124605178833,50,0
6242,4319501.624672647,3159034.1831430662,43.94002151489258,84,0
6243,4319601.649610162,3159032.815898732,38.756439208984375,88,0.5334429740905762
6244,4319701.674531108,3159031.44865891,46.22085952758789,87,16.90190315246582
6245,4319801.699435449,3159030.081423607,9.821810722351074,74,35.63221740722656
6246,4319901.724323163,3159028.7141928207,12.723464965820312,63,54.336368560791016
6247,4320001.749194211,3159027.3469665507,12.32081413269043,53,48.34188461303711
6248,4320101.774048568,3159025.979744799,17.661691665649414,61,43.30559158325195
6249,4320201.798886202,3159024.612527568,4.066548824310303,58,0.30643948912620544
6250,4320301.82370708,3159023.2453148533,0,0,0
6251,4320401.848511173,3159021.8781066574,0,0,0
6252,4320501.87329845,3159020.5109029827,28.668148040771484,87,0
6253,4320601.8980688825,3159019.1437038244,72.02912902832031,87,0
6254,4320701.922822437,3159017.77650919,67.12213134765625,89,0
6255,4320801.947559082,3159016.4093190744,2.2220840454101562,65,0
6256,4320901.972278791,3159015.0421334803,0,0,0
6257,4321001.996981528,3159013.6749524106,0,0,0
6258,4321102.021667268,3159012.3077758597,0,0,0
6259,4321202.046335974,3159010.9406038313,0,0,0
6260,4321302.07098762,3159009.573436325,11.238739967346191,86,0
6261,4321402.095622175,3159008.206273344,59.614444732666016,100,0
6262,4321502.120239607,3159006.8391148862,61.05519104003906,99,0
6263,4321602.144839884,3159005.4719609516,88.023406982421875,94,0
6264,4321702.16942298,3159004.1048115403,87.98799133300781,97,0
6265,4321802.193988857,3159002.7376666563,87.36019134521484,100,0
6266,4321902.218537494,3159001.3705262993,92.62010192871094,100,0
6267,4322002.24306885,3159000.0033904663,94.63370513916016,100,0
6268,4322102.2675829,3158998.6362591567,96.8287582397461,100,0
6269,4322202.2920796145,3158997.269132375,96.2744140625,100,0
6270,4322302.316558959,3158995.9020101186,96.6073989868164,100,0
6271,4322402.341020905,3158994.534892392,98.33514404296875,100,0
6272,4322502.365465421,3158993.1677791937,99.58418273925781,100,0
6273,4322602.38989248,3158991.8006705237,98.362274169921875,100,0
6274,4322702.414302043,3158990.4335663794,98.73124694824219,100,0
6275,4322802.438694087,3158989.0664667673,96.75212860107422,100,0
6276,4322902.463068577,3158987.6993716843,94.14339447021484,100,0
6277,4323002.487425486,3158986.332281131,94.928802490234375,100,0
6278,4323102.511764782,3158984.9651951073,94.22942352294922,100,0
6279,4323202.536086429,3158983.598113612,89.3705062866211,98,0
6280,4323302.560390406,3158982.2310366505,88.9158935546875,94,0
6281,4323402.584676673,3158980.86396422,91.116363525390625,99,0
6282,4323502.608945206,3158979.4968963214,93.32264709472656,99,0
6283,4323602.633195972,3158978.129832955,93.16053771972656,100,0
6284,4323702.65742894,3158976.7627741243,91.097015380859375,100,0
6285,4323802.6816440765,3158975.395719823,92.65735626220703,100,0
6286,4323902.705841357,3158974.0286700544,94.560760498046875,100,0
6287,4324002.730020746,3158972.6616248204,94.3303451538086,100,0
6288,4324102.754182216,3158971.294584122,93.46015167236328,99,0
6289,4324202.778325733,3158969.92754796,92.5253677368164,98,0
6290,4324302.80245127,3158968.5605163313,93.02154541015625,100,0
6291,4324402.826558791,3158967.193489238,92.0822525024414,100,0
6292,4324502.850648271,3158965.8264666833,96.92295837402344,100,0
6346,4312698.524421796,3159027.1401500655,10.769830703735352,69,37.031314849853516
6347,4312798.550415735,3159025.772615083,8.46731185913086,69,37.30946731567383
6348,4312898.576395188,3159024.4050846063,22.745882034301758,90,19.21273422241211
6349,4312998.602360132,3159023.0375586366,18.90452766418457,87,4.23687219619751
6350,4313098.628310529,3159021.6700371737,1.2199747562408447,85,0.09594658762216568
6351,4313198.654246351,3159020.3025202183,46.100990295410156,100,0
6352,4313298.680167567,3159018.9350077687,9.508251190185547,74,4.361300468444824
6353,4313398.7060741475,3159017.5674998295,1.591662049293518,61,82.78233337402344
6354,4313498.7319660615,3159016.199996401,8.404333114624023,61,63.47332000732422
6355,4313598.7578432765,3159014.8324974813,7.5440897941589355,67,64.29161834716797
6356,4313698.783705764,3159013.4650030704,3.6579065322875977,53,89.01954650878906
6357,4313798.809553492,3159012.0975131723,0,0,88.92582702636719
6358,4313898.83538643,3159010.7300277823,0,0,93.94585418701172
6359,4313998.861204547,3159009.3625469003,2.7636220455169678,56,88.94694519042969
6360,4314098.887007812,3159007.9950705324,21.411876678466797,90,57.860206604003906
6361,4314198.912796196,3159006.627598674,14.989117622375488,83,56.78472137451172
6362,4314298.938569666,3159005.2601313307,4.18493127822876,75,72.893310546875
6363,4314398.964328196,3159003.892668502,1.2374322414398193,71,93.63842010498047
6364,4314498.9900717465,3159002.5252101845,18.196950912475586,84,36.75326156616211
6365,4314599.015800298,3159001.15775638,6.38314151763916,73,68.73210144042969
6366,4314699.041513809,3158999.7903070864,6.134206771850586,70,71.702728271484375
6367,4314799.0672122575,3158998.422862309,12.858153343200684,64,63.97444534301758
6368,4314899.092895608,3158997.0554220495,11.211488723754883,59,41.64114761352539
6369,4314999.118563831,3158995.6879863013,8.793758392333984,57,56.78289794921875
6370,4315099.144216896,3158994.320555071,8.857806205749512,57,51.947086334228516
6371,4315199.169854772,3158992.9531283556,2.9858648777008057,57,73.54449462890625
6372,4315299.195477426,3158991.585706156,5.372917175292969,61,53.11031723022461
6373,4315399.221084834,3158990.218288475,22.701980590820312,77,18.979049682617188
6374,4315499.246676959,3158988.850875311,22.64291000366211,80,31.100271224975586
6375,4315599.27225377,3158987.4834666625,17.188812255859375,82,61.81466293334961
6376,4315699.297815243,3158986.1160625317,0,0,86.81446838378906
6377,4315799.323361339,3158984.7486629207,0.7782063484191895,44,76.4102783203125
6378,4315899.348892033,3158983.3812678275,0,0,82.47955322265625
6379,4315999.374407293,3158982.0138772526,0.5696020126342773,57,70.928436279296875
6380,4316099.399907086,3158980.6464911997,0.48965802788734436,49,94.29498291015625
6381,4316199.425391385,3158979.279109668,16.594846725463867,77,55.139793395996094
6382,4316299.450860158,3158977.911732656,18.213335037231445,80,55.8365592956543
6383,4316399.476313373,3158976.544360164,2.857957124710083,68,83.16920471191406
6384,4316499.501751,3158975.1769921915,0,0,91.964874267578125
6385,4316599.527173007,3158973.809628743,8.801705360412598,66,59.24702835083008
6386,4316699.552579367,3158972.442269818,5.516845226287842,66,58.46723556518555
6387,4316799.577970047,3158971.074915414,13.130420684814453,59,54.235084533691406
6388,4316899.603345013,3158969.7075655325,7.418004035949707,65,52.9665641784668
6389,4316999.628704241,3158968.3402201743,6.231888294219971,71,69.73079681396484
6390,4317099.654047696,3158966.9728793395,1.105108618736267,51,70.50605010986328
6391,4317199.679375349,3158965.60554303,7.565646171569824,55,69.900115966796875
6392,4317299.704687165,3158964.238211244,4.917168617248535,69,61.015872955322266
6393,4317399.729983122,3158962.8708839845,39.8459358215332,84,19.71917152404785
6394,4317499.755263181,3158961.5035612527,13.485074043273926,83,40.652259826660156
6395,4317599.780527314,3158960.136243043,26.824668884277344,70,38.14687728881836
6396,4317699.805775492,3158958.7689293595,31.998977661132812,70,29.576616287231445
6397,4317799.831007684,3158957.4016202046,18.07052993774414,68,39.291404724121094
6398,4317899.856223858,3158956.034315575,17.25956153869629,62,38.494224548339844
6399,4317999.881423983,3158954.6670154743,17.523666381835938,55,38.52821731567383
6400,4318099.906608028,3158953.299719901,26.209077835083008,72,35.192955017089844
6401,4318199.931775967,3158951.932428857,25.68667984008789,76,33.698516845703125
6402,4318299.956927761,3158950.5651423396,38.47410202026367,92,23.394742965698242
6403,4318399.982063387,3158949.1978603527,83.66724395751953,96,0
6404,4318500.00718281,3158947.8305828953,87.73921203613281,95,0
6405,4318600.032286,3158946.463309969,91.05516815185547,100,0
6406,4318700.0573729295,3158945.096041573,89.62445068359375,98,0
6407,4318800.082443563,3158943.7287777085,45.15102767944336,98,0
6408,4318900.107497873,3158942.361518374,6.6941328048706055,75,0
6409,4319000.132535826,3158940.994263571,54.06646728515625,91,0
6410,4319100.157557395,3158939.627013302,31.680885314941406,86,0
6411,4319200.182562549,3158938.2597675635,0,0,0
6412,4319300.207551252,3158936.8925263556,6.132153511047363,74,0
6413,4319400.232523478,3158935.525289682,25.962495803833008,86,0
6414,4319500.257479197,3158934.1580575462,48.51528549194336,81,0
6415,4319600.282418375,3158932.790829944,46.626220703125,88,10.244241714477539
6416,4319700.307340983,3158931.4236068735,52.72819519042969,94,13.590763092041016
6417,4319800.332246993,3158930.056388338,17.467443466186523,72,22.435636520385742
6418,4319900.357136368,3158928.689174342,2.646876335144043,44,61.394229888916016
6419,4320000.382009083,3158927.321964878,24.428604125976562,69,38.141143798828125
6420,4320100.406865103,3158925.9547599517,20.006214141845703,69,50.00343322753906
6421,4320200.431704403,3158924.587559563,29.236970901489258,69,1.9556829929351807
6422,4320300.456526945,3158923.2203637077,9.083185195922852,68,0
6423,4320400.481332706,3158921.8531723917,0,0,0
6424,4320500.506121649,3158920.4859856167,12.303711891174316,85,1.4158470630645752
6425,4320600.530893747,3158919.1188033773,70.4954605102539,90,0.3029773533344269
6426,4320700.555648966,3158917.751625678,21.36635971069336,83,0
6427,4320800.58038728,3158916.3844525153,1.2567778825759888,62,0
6428,4320900.605108653,3158915.0172838927,0,0,0
6429,4321000.629813059,3158913.6501198118,0.28223374485969543,43,0
6430,4321100.654500464,3158912.282960271,0,0,0
6431,4321200.679170841,3158910.9158052676,21.966815948486328,86,0
6432,4321300.703824154,3158909.548654808,76.26445770263672,95,0
6433,4321400.728460377,3158908.181508893,78.51544189453125,98,0
6434,4321500.753079476,3158906.8143675188,81.88549041748047,99,0
6435,4321600.777681424,3158905.4472306864,86.4269790649414,93,0
6436,4321700.802266187,3158904.080098395,85.32160186767578,92,0
6437,4321800.826833735,3158902.7129706475,82.7416763305664,91,0
6438,4321900.851384038,3158901.345847447,85.20475769042969,95,0
6439,4322000.875917066,3158899.978728787,87.77899932861328,95,0
6440,4322100.900432786,3158898.611614673,90.48838806152344,98,0
6441,4322200.92493117,3158897.2445051027,92.1654052734375,100,0
6442,4322300.949412184,3158895.877400078,95.654205322265625,100,0
6443,4322400.973875803,3158894.5102996016,96.26042938232422,100,0
6444,4322500.9983219905,3158893.1432036697,93.92218780517578,100,0
6445,4322601.022750716,3158891.7761122826,90.09264373779297,100,0
6446,4322701.047161953,3158890.4090254433,91.06319427490234,100,0
6447,4322801.0715556685,3158889.0419431524,96.61625671386719,100,0
6448,4322901.095931829,3158887.6748654107,97.72833251953125,100,0
6449,4323001.120290412,3158886.3077922165,95.84444427490234,100,0
6450,4323101.144631378,3158884.94072357,93.50761413574219,100,0
6451,4323201.168954699,3158883.573659472,94.560028076171875,100,0
6452,4323301.193260349,3158882.2065999233,93.60578155517578,100,0
6453,4323401.217548291,3158880.8395449263,89.78270721435547,98,0
6454,4323501.241818495,3158879.472494481,91.79100799560547,98,0
6455,4323601.266070934,3158878.1054485845,91.4878921508789,98,0
6456,4323701.290305575,3158876.738407239,89.95124816894531,96,0
6457,4323801.314522388,3158875.371370445,92.56256103515625,100,0
6458,4323901.338721341,3158874.004338206,94.570068359375,100,0
6459,4324001.3629024085,3158872.6373105156,96.19898986816406,100,0
6460,4324101.387065549,3158871.270287378,95.24639892578125,100,0
6461,4324201.411210743,3158869.9032687964,94.672698974609375,100,0
6462,4324301.435337953,3158868.5362547664,91.94435119628906,100,0
6463,4324401.459447152,3158867.169245292,89.170745849609375,99,0
6464,4324501.483538307,3158865.8022403712,90.79136657714844,100,0
6518,4312697.157132286,3158927.1139712124,0,0,22.056922912597656
6519,4312797.183127877,3158925.746451708,0,0,24.41530418395996
6520,4312897.209108987,3158924.37893673,0,0,0
6521,4312997.235075582,3158923.011426275,1.692549467086792,63,0.6531885862350464
6522,4313097.261027634,3158921.6439203443,14.071969032287598,83,4.7301411628723145
6523,4313197.2869651085,3158920.2764189425,74.92400360107422,97,0
6524,4313297.31288798,3158918.908922065,44.78093719482422,81,5.187860012054443
6525,4313397.338796216,3158917.541429715,11.83918571472168,79,29.981895446777344
6526,4313497.364689782,3158916.1739418944,20.571962356567383,74,32.93855285644531
6527,4313597.390568654,3158914.8064586,32.67323684692383,90,17.596099853515625
6528,4313697.416432795,3158913.438979833,13.685665130615234,90,58.904457092285156
6529,4313797.442282178,3158912.0715055955,0,0,88.19004821777344
6530,4313897.468116772,3158910.7040358875,0,0,87.37786865234375
6531,4313997.493936545,3158909.336570705,0,0,90.348052978515625
6532,4314097.519741466,3158907.9691100563,0,0,80.915863037109375
6533,4314197.545531507,3158906.6016539354,1.5524227619171143,66,85.95985412597656
6534,4314297.571306635,3158905.2342023477,0,0,97.71839904785156
6535,4314397.597066818,3158903.8667552914,0.4178991913795471,59,93.74993896484375
6536,4314497.62281203,3158902.4993127654,4.596928596496582,70,17.90355682373047
6537,4314597.6485422375,3158901.13187477,20.190265655517578,81,2.4447498321533203
6538,4314697.674257408,3158899.7644413067,30.55593490600586,84,29.459918975830078
6539,4314797.699957512,3158898.397012378,17.435693740844727,68,33.78711700439453
6540,4314897.725642521,3158897.0295879827,17.39103889465332,68,32.80693817138672
6541,4314997.751312402,3158895.6621681205,4.698553085327148,57,63.083396911621094
6542,4315097.776967127,3158894.294752791,10.150327682495117,52,50.20245361328125
6543,4315197.802606661,3158892.927341996,2.104238510131836,48,75.76844024658203
6544,4315297.828230975,3158891.559935736,26.69354820251465,82,27.173368453979492
6545,4315397.853840041,3158890.192534013,28.749784469604492,86,23.395235061645508
6546,4315497.879433824,3158888.825136824,33.5698127746582,86,20.927440643310547
6547,4315597.905012299,3158887.4577441704,16.220258712768555,81,50.028221130371094
6548,4315697.930575429,3158886.0903560543,27.56827163696289,86,43.859100341796875
6549,4315797.956123188,3158884.7229724736,0,0,83.65679931640625
6550,4315897.981655541,3158883.3555934317,0,0,82.55692291259766
6551,4315998.0071724625,3158881.9882189278,7.944449424743652,63,44.826961517333984
6552,4316098.032673918,3158880.620848961,0,0,91.19075012207031
6553,4316198.058159877,3158879.253483534,32.59888458251953,84,36.813819885253906
6554,4316298.083630311,3158877.8861226453,41.360225677490234,80,15.83884334564209
6555,4316398.109085188,3158876.518766295,25.756532669067383,75,44.693687438964844
6556,4316498.134524476,3158875.151414484,7.415062427520752,65,67.66148376464844
6557,4316598.159948147,3158873.784067215,8.796517372131348,71,72.21063995361328
6558,4316698.18535617,3158872.4167244867,22.495656967163086,67,35.84123992919922
6559,4316798.210748511,3158871.0493862974,4.835602283477783,54,55.791847229003906
6560,4316898.236125141,3158869.6820526524,14.703533172607422,80,38.753902435302734
6561,4316998.261486033,3158868.3147235485,3.813901662826538,60,72.26158905029297
6562,4317098.286831152,3158866.9473989853,7.126988887786865,60,64.28448486328125
6563,4317198.312160467,3158865.5800789637,11.861939430236816,79,43.36125946044922
6564,4317298.33747395,3158864.2127634855,43.0615234375,83,9.081931114196777
6565,4317398.36277157,3158862.8454525536,35.12726593017578,72,22.729997634887695
6566,4317498.388053293,3158861.478146166,19.559001922607422,72,37.132102966308594
6567,4317598.413319092,3158860.1108443225,16.826786041259766,62,39.49399948120117
6568,4317698.438568936,3158858.7435470195,34.2077751159668,66,27.542226791381836
6569,4317798.463802792,3158857.3762542624,31.03197479248047,66,28.430278778076172
6570,4317898.489020629,3158856.008966054,24.817712783813477,72,24.670413970947266
6571,4317998.514222423,3158854.641682392,17.130910873413086,67,37.61246871948242
6572,4318098.539408134,3158853.2744032745,28.62066078186035,74,29.42160987854004
6573,4318198.564577737,3158851.9071287042,38.362030029296875,79,24.076383590698242
6574,4318298.5897312,3158850.5398586798,26.17133903503418,88,31.796876907348633
6575,4318398.614868492,3158849.1725932043,51.248291015625,96,19.2390079498291
6576,4318498.639989583,3158847.8053322765,77.869140625,95,2.9888949394226074
6577,4318598.665094442,3158846.438075898,93.24855041503906,100,0
6578,4318698.690183036,3158845.0708240694,89.1571044921875,96,0
6579,4318798.715255339,3158843.703576787,83.73436737060547,95,0
6580,4318898.740311314,3158842.336334056,80.2494888305664,92,0
6581,4318998.76535094,3158840.969095874,81.50868225097656,88,0
6582,4319098.790374176,3158839.6018622434,78.24873352050781,91,0
6583,4319198.815380996,3158838.2346331635,18.23423194885254,82,0
6584,4319298.84037137,3158836.867408634,26.73029327392578,88,0
6585,4319398.865345267,3158835.5001886575,83.55277252197266,93,0
6586,4319498.8903026525,3158834.132973236,56.17245864868164,97,1.1236248016357422
6587,4319598.915243502,3158832.765762366,13.235340118408203,69,37.87946319580078
6588,4319698.94016778,3158831.3985560457,8.989595413208008,79,49.36934280395508
6589,4319798.965075459,3158830.0313542797,6.502472400665283,72,50.15816879272461
6590,4319898.989966507,3158828.6641570698,17.37864112854004,73,37.982357025146484
6591,4319999.01484089,3158827.2969644135,19.719858169555664,68,41.89684295654297
6592,4320099.039698584,3158825.9297763114,12.971235275268555,68,56.89754104614258
6593,4320199.064539553,3158824.562592765,26.670225143432617,68,17.09501075744629
6594,4320299.08936377,3158823.1954137716,11.21407413482666,68,0
6595,4320399.1141711995,3158821.8282393347,24.148284912109375,74,2.17850923538208
6596,4320499.138961815,3158820.4610694568,67.185333251953125,96,0.7107669711112976
6597,4320599.163735584,3158819.093904137,65.88324737548828,94,0.16030120849609375
6598,4320699.18849248,3158817.7267433717,12.497217178344727,74,0
6599,4320799.213232462,3158816.3595871637,5.79470682144165,60,0
6600,4320899.237955512,3158814.992435515,8.674432754516602,57,0
6601,4320999.262661589,3158813.6252884245,8.667315483093262,51,0
6602,4321099.287350669,3158812.2581458883,0.6192671060562134,48,0
6603,4321199.312022716,3158810.891007915,11.105560302734375,89,0
6604,4321299.336677707,3158809.523874504,63.989383697509766,94,0
6605,4321399.361315602,3158808.156745651,44.20970916748047,100,0
6606,4321499.385936377,3158806.789621357,79.59556579589844,99,0
6607,4321599.41054,3158805.422501625,86.8519515991211,96,0
6608,4321699.435126436,3158804.0553864543,85.70349884033203,95,0
6609,4321799.4596956605,3158802.6882758457,87.774383544921875,96,0
6610,4321899.484247639,3158801.3211698006,89.5337142944336,97,0
6611,4321999.508782342,3158799.954068316,92.29334259033203,98,0
6612,4322099.5332997395,3158798.5869713947,93.2136001586914,100,0
6613,4322199.557799798,3158797.219879037,92.548004150390625,100,0
6614,4322299.582282491,3158795.8527912446,93.4512710571289,100,0
6615,4322399.606747784,3158794.485708017,93.43891906738281,100,0
6616,4322499.631195649,3158793.11862935,91.64009857177734,100,0
6617,4322599.655626053,3158791.751555248,90.53035736083984,100,0
6618,4322699.680038966,3158790.384485714,85.516510009765625,97,0
6619,4322799.704434359,3158789.017420746,87.70658874511719,100,0
6620,4322899.728812201,3158787.650360344,94.83831787109375,100,0
6621,4322999.753172459,3158786.2833045083,97.04108428955078,100,0
6622,4323099.777515103,3158784.9162532385,92.61634063720703,100,0
6623,4323199.801840106,3158783.5492065395,93.41828155517578,100,0
6624,4323299.8261474315,3158782.182164405,95.02002716064453,100,0
6625,4323399.850437054,3158780.8151268414,92.67156219482422,100,0
6626,4323499.874708938,3158779.448093846,92.61775207519531,99,0
6627,4323599.898963058,3158778.08106542,92.91270446777344,99,0
6628,4323699.923199379,3158776.714041562,90.3760757446289,96,0
6629,4323799.947417872,3158775.347022276,91.67786407470703,98,0
6630,4323899.971618506,3158773.9800075633,90.8355941772461,100,0
6631,4323999.99580125,3158772.6129974155,94.87483215332031,100,0
6632,4324100.019966076,3158771.245991838,97.08393096923828,100,0
6633,4324200.044112949,3158769.878990838,93.64289093017578,100,0
6634,4324300.068241841,3158768.5119944075,90.958648681640625,98,0
6635,4324400.092352721,3158767.145002549,90.01380920410156,97,0
6636,4324500.116445558,3158765.7780152652,88.5442123413086,99,0
6691,4312695.789859265,3158827.087793579,1.0592491626739502,37,23.082468032836914
6692,4312795.815856517,3158825.7202895554,0,0,1.9488474130630493
6693,4312895.841839284,3158824.352790074,0,0,0
6694,4312995.867807538,3158822.9852951327,4.525632381439209,63,0
6695,4313095.89376125,3158821.617804737,16.034482955932617,82,0
6696,4313195.919700387,3158820.2503188876,38.14909744262695,91,0
6697,4313295.94562492,3158818.8828375824,33.79998779296875,86,21.22384262084961
6698,4313395.971534814,3158817.5153608196,8.359670639038086,69,51.82716369628906
6699,4313495.997430043,3158816.147888606,14.317551612854004,74,25.16131019592285
6700,4313596.023310574,3158814.7804209366,14.080408096313477,80,41.1953010559082
6701,4313696.049176376,3158813.412957814,2.7724900245666504,71,77.42933654785156
6702,4313796.075027422,3158812.045499239,3.570575475692749,52,82.37129211425781
6703,4313896.100863677,3158810.678045212,0,0,98.80152130126953
6704,4313996.126685113,3158809.3105957313,1.4489786624908447,50,88.58374786376953
6705,4314096.152491697,3158807.943150801,0,0,72.05297088623047
6706,4314196.178283399,3158806.575710418,4.99296760559082,69,19.157920837402344
6707,4314296.204060191,3158805.208274585,0,0,83.7633056640625
6708,4314396.229822037,3158803.8408433013,5.17244815826416,70,56.253379821777344
6709,4314496.255568912,3158802.473416567,6.136852264404297,76,0.06185067445039749
6710,4314596.28130078,3158801.105994381,18.002912521362305,84,1.3339980840682983
6711,4314696.307017617,3158799.7385767475,7.968992233276367,79,58.80746841430664
6712,4314796.332719386,3158798.3711636653,10.693331718444824,74,47.4438362121582
6713,4314896.3584060585,3158797.003755135,18.600893020629883,63,39.995323181152344
6714,4314996.384077605,3158795.636351158,1.146622896194458,45,65.3494873046875
6715,4315096.409733993,3158794.26895173,11.114937782287598,57,57.027122497558594
6716,4315196.435375191,3158792.9015568565,6.817144870758057,50,61.731170654296875
6717,4315296.461001173,3158791.534166536,5.310796737670898,75,59.565067291259766
6718,4315396.486611904,3158790.166780769,43.57955551147461,87,16.388437271118164
6719,4315496.512207354,3158788.799399556,44.109195709228516,87,17.749528884887695
6720,4315596.537787492,3158787.432022898,4.70314884185791,54,68.27653503417969
6721,4315696.56335229,3158786.064650796,10.495789527893066,66,66.32954406738281
6722,4315796.5889017135,3158784.6972832456,10.57686710357666,65,52.249671936035156
6723,4315896.614435736,3158783.3299202533,9.266600608825684,69,75.2481689453125
6724,4315996.639954325,3158781.9625618183,0.40607425570487976,65,58.236751556396484
6725,4316096.665457446,3158780.5952079394,0,0,79.60816192626953
6726,4316196.690945075,3158779.2278586184,1.3890303373336792,53,70.62712860107422
6727,4316296.716417176,3158777.8605138524,0,0,82.080902099609375
6728,4316396.741873719,3158776.4931736444,0,0,85.640380859375
6729,4316496.767314677,3158775.125837994,0,0,79.56813049316406
6730,4316596.792740017,3158773.7585069034,2.8329966068267822,60,71.81673431396484
6731,4316696.818149705,3158772.391180372,30.016321182250977,76,20.444307327270508
6732,4316796.843543717,3158771.0238583996,17.755847930908203,71,40.880619049072266
6733,4316896.868922018,3158769.656540989,21.68205451965332,80,41.175987243652344
6734,4316996.894284578,3158768.289228138,4.8662872314453125,56,68.92382049560547
6735,4317096.919631367,3158766.9219198455,22.442310333251953,72,44.46931457519531
6736,4317196.944962352,3158765.554616116,22.221426010131836,79,35.92091369628906
6737,4317296.970277506,3158764.1873169458,39.50514221191406,85,24.228498458862305
6738,4317396.995576794,3158762.8200223385,16.967947006225586,72,46.7628059387207
6739,4317497.0208601905,3158761.4527322943,16.324357986450195,72,37.93231964111328
6740,4317597.046127659,3158760.0854468117,15.268327713012695,69,35.250465393066406
6741,4317697.071379173,3158758.7181658945,21.670156478881836,63,36.659568786621094
6742,4317797.096614702,3158757.3508895393,30.003541946411133,72,31.60407829284668
6743,4317897.121834215,3158755.983617751,33.350093841552734,77,27.79609489440918
6744,4317997.147037677,3158754.6163505255,21.691091537475586,75,29.0809326171875
6745,4318097.172225062,3158753.2490878627,32.24200439453125,80,24.05120086669922
6746,4318197.197396336,3158751.8818297666,34.7913818359375,86,19.616992950439453
6747,4318297.222551472,3158750.514576235,32.95083236694336,90,23.677560806274414
6748,4318397.247690436,3158749.1473272718,22.48287010192871,92,39.32753372192383
6749,4318497.272813201,3158747.7800828726,79.497528076171875,94,2.2473649978637695
6750,4318597.2979197325,3158746.4128430397,90.56101989746094,100,0
6751,4318697.323010002,3158745.0456077782,90.0205307006836,99,0
6752,4318797.348083978,3158743.6783770816,90.42150115966797,100,0
6753,4318897.373141629,3158742.3111509513,84.89105987548828,93,0
6754,4318997.398182926,3158740.9439293914,85.33519744873047,98,0
6755,4319097.423207838,3158739.576712401,85.69478607177734,94,0
6756,4319197.448216334,3158738.209499983,75.12618255615234,91,0
6757,4319297.473208383,3158736.842292132,83.30614471435547,97,0
6758,4319397.4981839545,3158735.4750888506,86.79064178466797,97,0
6759,4319497.523143019,3158734.1078901403,83.03083801269531,97,0.031470201909542084
6760,4319597.548085542,3158732.7406960013,50.513153076171875,84,11.144882202148438
6761,4319697.573011498,3158731.3735064333,18.531253814697266,79,36.856807708740234
6762,4319797.597920853,3158730.0063214367,16.98479461669922,65,35.685543060302734
6763,4319897.622813576,3158728.6391410115,16.185625076293945,59,36.60031509399414
6764,4319997.647689638,3158727.2719651614,27.878477096557617,73,33.317657470703125
6765,4320097.672549007,3158725.9047938865,1.7488147020339966,59,78.094024658203125
6766,4320197.697391654,3158724.537627182,4.293668270111084,48,60.50522994995117
6767,4320297.722217548,3158723.1704650526,10.232901573181152,51,24.853525161743164
6768,4320397.747026657,3158721.803307494,15.255928993225098,67,24.21636390686035
6769,4320497.771818951,3158720.436154514,15.583044052124023,79,16.493759155273438
6770,4320597.796594399,3158719.0690061105,21.8024959564209,77,22.78152084350586
6771,4320697.821352969,3158717.7018622803,29.043912887573242,72,7.3013834953308105
6772,4320797.846094634,3158716.334723024,49.17049789428711,80,0
6773,4320897.870819361,3158714.967588348,40.846439361572266,79,0
6774,4320997.895527119,3158713.600458249,2.4543604850769043,72,0
6775,4321097.920217878,3158712.2333327234,3.474440336227417,78,0
6776,4321197.944891608,3158710.8662117766,62.225833892822266,90,0
6777,4321297.969548275,3158709.4990954087,74.76481628417969,91,0
6778,4321397.994187851,3158708.1319836196,77.847137451171875,100,0
6779,4321498.018810309,3158706.764876408,85.13646697998047,97,0
6780,4321598.043415611,3158705.397773776,89.71819305419922,100,0
6781,4321698.068003729,3158704.0306757274,91.32730865478516,100,0
6782,4321798.092574635,3158702.6635822565,94.07926177978516,100,0
6783,4321898.117128295,3158701.296493367,91.74314880371094,100,0
6784,4321998.14166468,3158699.9294090597,91.317718505859375,99,0
6785,4322098.1661837585,3158698.562329331,93.11563873291016,100,0
6786,4322198.1906855,3158697.1952541843,96.2093276977539,100,0
6787,4322298.215169875,3158695.828183623,96.74143981933594,100,0
6788,4322398.2396368515,3158694.461117643,93.3376235961914,99,0
6789,4322498.264086398,3158693.0940562445,96.09373474121094,100,0
6790,4322598.288518488,3158691.7269994286,89.84941101074219,100,0
6791,4322698.3129330855,3158690.3599471967,86.361114501953125,94,0
6792,4322798.3373301625,3158688.9928995487,85.20723724365234,94,0
6793,4322898.361709687,3158687.6258564885,89.68147277832031,100,0
6794,4322998.386071629,3158686.258818012,97.1707534790039,100,0
6795,4323098.4104159605,3158684.8917841213,91.85738372802734,100,0
6796,4323198.434742645,3158683.5247548176,89.92547607421875,99,0
6797,4323298.4590516575,3158682.1577300993,94.10424041748047,100,0
6798,4323398.483342965,3158680.7907099673,93.59272003173828,100,0
6799,4323498.507616536,3158679.4236944243,93.70757293701172,99,0
6800,4323598.53187234,3158678.0566834672,92.61827087402344,100,0
6801,4323698.556110347,3158676.689677097,91.82696533203125,99,0
6802,4323798.580330526,3158675.3226753175,89.98340606689453,96,0
6803,4323898.604532848,3158673.955678129,91.84485626220703,100,0
6804,4323998.628717279,3158672.588685527,93.147979736328125,100,0
6805,4324098.65288379,3158671.2216975144,95.24366760253906,100,0
6806,4324198.677032352,3158669.854714091,91.38581085205078,100,0
6807,4324298.7011629315,3158668.4877352603,91.43827819824219,100,0
6808,4324398.725275499,3158667.120761021,89.99586486816406,99,0
6809,4324498.749370025,3158665.753791372,90.38250732421875,99,0
6865,4312694.422602735,3158727.061617175,9.189085960388184,62,16.624004364013672
6866,4312794.44860165,3158725.6941286284,8.713826179504395,80,0.6402788162231445
6867,4312894.474586084,3158724.3266446423,0,0,0
6868,4312994.500556003,3158722.959165216,0.06739015877246857,56,0
6869,4313094.526511381,3158721.591690355,37.346656799316406,100,0
6870,4313194.552452184,3158720.2242200584,34.65930938720703,100,0
6871,4313294.578378382,3158718.856754323,7.544503688812256,66,11.409337997436523
6872,4313394.604289943,3158717.4892931515,5.319797515869141,54,51.084747314453125
6873,4313494.63018684,3158716.121836542,25.205110549926758,77,27.784912109375
6874,4313594.656069038,3158714.754384498,2.3940529823303223,69,51.703243255615234
6875,4313694.68193651,3158713.3869370203,21.27256965637207,68,30.066879272460938
6876,4313794.707789223,3158712.019494109,33.0023307800293,81,7.716372489929199
6877,4313894.733627145,3158710.6520557646,13.941519737243652,74,37.89313888549805
6878,4313994.759450248,3158709.284621983,3.0640153884887695,59,47.77549362182617
6879,4314094.785258501,3158707.9171927692,2.933018684387207,60,14.154125213623047
6880,4314194.811051873,3158706.549768125,0.3497536778450012,35,37.01406478881836
6881,4314294.836830332,3158705.182348046,0.5795919895172119,58,2.8944101333618164
6882,4314394.862593848,3158703.8149325345,0,0,0.11145178228616714
6883,4314494.888342393,3158702.447521591,24.712797164916992,76,18.894380569458008
6884,4314594.914075933,3158701.080115217,7.845585346221924,82,62.99856185913086
6885,4314694.939794436,3158699.712713414,12.790773391723633,79,21.43614387512207
6886,4314794.9654978765,3158698.345316178,13.268196105957031,74,29.827260971069336
6887,4314894.99118622,3158696.977923512,4.168189525604248,54,60.93223571777344
6888,4314995.0168594355,3158695.6105354168,10.66553783416748,57,57.618980407714844
6889,4315095.042517495,3158694.2431518924,8.643972396850586,54,53.58168411254883
6890,4315195.068160366,3158692.8757729395,10.006329536437988,58,58.54342269897461
6891,4315295.093788018,3158691.508398559,7.949217319488525,66,66.87388610839844
6892,4315395.119400421,3158690.1410287498,56.494422912597656,86,3.7870428562164307
6893,4315495.144997543,3158688.7736635148,49.372867584228516,85,8.055075645446777
6894,4315595.170579355,3158687.4063028526,18.726783752441406,90,41.947879791259766
6895,4315695.196145824,3158686.038946763,6.561550140380859,67,75.35823822021484
6896,4315795.221696921,3158684.671595245,10.796673774719238,83,71.85294342041016
6897,4315895.247232616,3158683.304248302,32.45891571044922,88,34.93492889404297
6898,4315995.272752876,3158681.936905933,0.0689629465341568,65,89.8853988647461
6899,4316095.298257673,3158680.5695681395,0.003355778055265546,59,78.98737335205078
6900,4316195.323746973,3158679.2022349234,3.3828251361846924,59,70.2596664428711
6901,4316295.349220749,3158677.834906284,0,0,80.82249450683594
6902,4316395.374678969,3158676.467582219,0,0,84.600128173828125
6903,4316495.4001216,3158675.100262728,4.746707916259766,63,68.92659759521484
6904,4316595.425548613,3158673.732947818,11.887312889099121,69,39.8837776184082
6905,4316695.45095998,3158672.365637484,41.313560485839844,85,30.854801177978516
6906,4316795.476355665,3158670.9983317256,25.71190071105957,83,20.790437698364258
6907,4316895.501735641,3158669.63103055,14.635457038879395,71,48.789127349853516
6908,4316995.527099877,3158668.263733952,10.61407470703125,53,49.512020111083984
6909,4317095.552448341,3158666.896441932,21.54286766052246,74,38.14204025268555
6910,4317195.577781003,3158665.5291544907,17.997465133666992,70,41.15351867675781
6911,4317295.603097833,3158664.1618716284,28.214826583862305,74,21.45984649658203
6912,4317395.6283987975,3158662.7945933477,18.141305923461914,66,49.281673431396484
6913,4317495.653683871,3158661.427319649,11.310418128967285,72,48.692073822021484
6914,4317595.678953018,3158660.060050528,19.39988136291504,82,30.534744262695312
6915,4317695.704206211,3158658.6927859937,20.778596878051758,54,32.31066131591797
6916,4317795.729443414,3158657.3255260424,34.010772705078125,75,20.463937759399414
6917,4317895.754664605,3158655.9582706713,26.268701553344727,67,33.06272506713867
6918,4317995.7798697455,3158654.59101988,18.556718826293945,59,30.993274688720703
6919,4318095.805058809,3158653.223773674,25.453889846801758,80,35.35455322265625
6920,4318195.8302317625,3158651.856532052,30.577829360961914,94,26.584970474243164
6921,4318295.855388576,3158650.4892950105,32.3643798828125,94,32.28370666503906
6922,4318395.880529221,3158649.122062558,60.11431884765625,94,1.8392599821090698
6923,4318495.905653664,3158647.7548346897,90.305755615234375,100,0
6924,4318595.9307618765,3158646.3876114055,88.48485565185547,98,0
6925,4318695.955853826,3158645.02039271,89.28490447998047,100,0
6926,4318795.98092948,3158643.653178599,87.06876373291016,98,0
6927,4318896.005988813,3158642.285969071,77.96241760253906,96,0
6928,4318996.031031792,3158640.9187641325,82.62922668457031,98,0
6929,4319096.0560583845,3158639.551563784,81.45890808105469,91,0
6930,4319196.08106856,3158638.184368023,82.50947570800781,90,0
6931,4319296.10606229,3158636.81717685,84.06044006347656,97,0
6932,4319396.131039544,3158635.449990263,84.04840850830078,97,0
6933,4319496.156000289,3158634.0828082655,85.45733642578125,100,0
6934,4319596.180944496,3158632.715630859,72.44193267822266,94,0
6935,4319696.205872133,3158631.348458043,38.538421630859375,82,8.63290023803711
6936,4319796.230783171,3158629.9812898156,13.236205101013184,67,35.738426208496094
6937,4319896.255677577,3158628.6141261803,4.032846927642822,48,59.171539306640625
6938,4319996.280555323,3158627.246967134,11.070145606994629,50,48.01866912841797
6939,4320096.305416376,3158625.8798126797,23.007596969604492,77,22.855342864990234
6940,4320196.330260706,3158624.5126628177,24.064075469970703,79,30.561063766479492
6941,4320296.355088284,3158623.1455175527,10.753006935119629,56,50.52604675292969
6942,4320396.379899076,3158621.778376876,5.979076862335205,62,22.840532302856445
6943,4320496.404693054,3158620.411240792,8.202471733093262,68,0
6944,4320596.429470187,3158619.044109301,9.493172645568848,77,0.998144805431366
6945,4320696.454230444,3158617.6769824065,17.588024139404297,78,15.607177734375
6946,4320796.478973793,3158616.309860107,16.44475746154785,81,0
6947,4320896.503700204,3158614.9427424013,1.6495754718780518,73,0
6948,4320996.528409649,3158613.5756292925,4.738702774047852,82,0
6949,4321096.553102093,3158612.2085207785,57.11177062988281,83,0
6950,4321196.577777508,3158610.8414168567,69.07270812988281,87,0
6951,4321296.602435862,3158609.474317533,19.07350730895996,87,4.137181758880615
6952,4321396.627077127,3158608.1072228095,31.925390243530273,93,0
6953,4321496.651701269,3158606.740132681,88.127288818359375,100,0
6954,4321596.676308259,3158605.37304715,88.943084716796875,100,0
6955,4321696.700898065,3158604.0059662205,89.72731018066406,100,0
6956,4321796.725470658,3158602.638889888,88.92632293701172,100,0
6957,4321896.750026007,3158601.271818154,90.935455322265625,99,0
6958,4321996.774564079,3158599.9047510214,90.36592864990234,100,0
6959,4322096.799084846,3158598.5376884863,88.71086883544922,96,0
6960,4322196.823588277,3158597.170630552,90.2503433227539,100,0
6961,4322296.84807434,3158595.8035772177,97.286285400390625,100,0
6962,4322396.872543005,3158594.436528486,98.59075927734375,100,0
6963,4322496.896994243,3158593.069484356,98.09918975830078,100,0
6964,4322596.92142802,3158591.7024448253,97.56536865234375,100,0
6965,4322696.945844308,3158590.3354098974,92.81490325927734,100,0
6966,4322796.970243075,3158588.9683795744,91.37792205810547,98,0
6967,4322896.99462429,3158587.6013538535,89.4416275024414,98,0
6968,4322997.018987925,3158586.234332737,94.166290283203125,100,0
6969,4323097.043333944,3158584.867316223,95.26844787597656,100,0
6970,4323197.067662322,3158583.5003043143,90.80925750732422,100,0
6971,4323297.0919730235,3158582.1332970117,93.9723129272461,100,0
6972,4323397.116266023,3158580.766294313,94.175811767578125,100,0
6973,4323497.140541286,3158579.3992962195,95.00211334228516,100,0
6974,4323597.164798781,3158578.0323027307,94.364898681640625,100,0
6975,4323697.189038481,3158576.6653138516,92.692230224609375,100,0
6976,4323797.213260354,3158575.298329581,94.48088073730469,100,0
6977,4323897.237464367,3158573.9313499127,95.01932525634766,100,0
6978,4323997.261650491,3158572.564374855,93.842498779296875,100,0
6979,4324097.285818697,3158571.197404406,93.66345977783203,100,0
6980,4324197.30996895,3158569.8304385627,91.2733383178711,100,0
6981,4324297.334101226,3158568.463477331,94.56495666503906,100,0
6982,4324397.358215488,3158567.096520709,92.65372467041016,100,0
6983,4324497.382311706,3158565.729568693,91.75467681884766,98,0
6984,4324597.406389852,3158564.3626212883,91.47599792480469,100,0
7040,4312693.055362692,3158627.035442004,0,0,5.190907955169678
7041,4312793.081363278,3158625.6679689353,0,0,0.19120800495147705
7042,4312893.107349384,3158624.3005004483,0,0,0
7043,4312993.133320978,3158622.9330365355,0,0,0
7044,4313093.159278025,3158621.5655772067,42.651031494140625,100,0
7045,4313193.1852205,3158620.1981224623,33.00032424926758,95,0
7046,4313293.211148374,3158618.8306722976,0.012736288830637932,27,13.209528923034668
7047,4313393.237061608,3158617.4632267174,6.245114803314209,49,52.86717987060547
7048,4313493.262960175,3158616.0957857165,12.479110717773438,78,47.40120315551758
7049,4313593.288844048,3158614.728349296,6.025253772735596,70,61.60258102416992
7050,4313693.314713192,3158613.3609174606,6.214049339294434,61,63.25993728637695
7051,4313793.340567579,3158611.993490211,17.340059280395508,67,39.51213073730469
7052,4313893.366407175,3158610.626067548,23.74211883544922,63,34.720787048339844
7053,4313993.392231953,3158609.2586494666,13.217903137207031,62,45.97575759887695
7054,4314093.418041881,3158607.8912359695,6.707180023193359,62,51.31801223754883
7055,4314193.443836927,3158606.523827062,0.11497599631547928,37,50.77370071411133
7056,4314293.469617062,3158605.156422738,1.1708569526672363,50,21.2177791595459
7057,4314393.495382254,3158603.7890229993,0.9908555150032043,58,42.9029655456543
7058,4314493.521132474,3158602.4216278484,22.3194522857666,78,13.79936408996582
7059,4314593.546867691,3158601.0542372847,4.729004383087158,59,69.73371887207031
7060,4314693.57258787,3158599.6868513096,5.630332946777344,61,20.502758026123047
7061,4314793.598292986,3158598.3194699227,13.882102012634277,67,45.787567138671875
7062,4314893.623983005,3158596.952093121,2.0325212478637695,55,68.4931869506836
7063,4314993.6496578995,3158595.58472091,8.641448974609375,55,56.32711410522461
7064,4315093.675317636,3158594.2173532876,5.2194294929504395,52,59.0257453918457
7065,4315193.700962184,3158592.8499902566,6.2039384841918945,60,61.63107681274414
7066,4315293.7265915135,3158591.4826318147,7.36628532409668,67,79.7874984741211
7067,4315393.7522055935,3158590.1152779623,53.396358489990234,86,12.770352363586426
7068,4315493.777804395,3158588.747928705,55.9337043762207,94,0.003606061451137066
7069,4315593.803387884,3158587.380584038,25.835979461669922,90,31.906232833862305
7070,4315693.828956032,3158586.0132439593,1.019286870956421,53,76.03008270263672
7071,4315793.854508808,3158584.6459084745,10.001120567321777,83,64.40145111083984
7072,4315893.880046181,3158583.2785775815,9.596638679504395,67,67.801422119140625
7073,4315993.905568121,3158581.9112512805,0,0,94.67169189453125
7074,4316093.931074597,3158580.5439295727,4.74850606918335,66,77.61687469482422
7075,4316193.9565655785,3158579.176612461,5.70265531539917,66,56.90352249145508
7076,4316293.982041035,3158577.8092999468,1.4365019798278809,59,70.30644226074219
7077,4316394.0075009335,3158576.441992023,0.5577614903450012,57,82.19771575927734
7078,4316494.0329452455,3158575.074688692,13.891194343566895,78,53.537864685058594
7079,4316594.05837394,3158573.7073899605,23.508729934692383,82,46.06540298461914
7080,4316694.083786987,3158572.3400958255,38.2042121887207,88,24.18071937561035
7081,4316794.109184354,3158570.972806283,62.320709228515625,94,9.443045616149902
7082,4316894.134566013,3158569.6055213395,17.544307708740234,91,53.74270248413086
7083,4316994.15993193,3158568.2382409945,11.446578979492188,54,47.303077697753906
7084,4317094.185282075,3158566.8709652456,35.484493255615234,68,25.239229202270508
7085,4317194.210616419,3158565.503694094,26.036130905151367,73,34.82762908935547
7086,4317294.235934933,3158564.1364275403,30.236602783203125,73,31.7819881439209
7087,4317394.261237581,3158562.769165588,20.06941795349121,66,45.211368560791016
7088,4317494.286524336,3158561.4019082347,15.681670188903809,72,39.1693115234375
7089,4317594.311795168,3158560.034655478,29.422945022583008,76,34.43829345703125
7090,4317694.337050042,3158558.6674073227,31.78844451904297,73,31.978153228759766
7091,4317794.362288933,3158557.3001637706,37.92458724975586,74,27.550607681274414
7092,4317894.387511804,3158555.932924816,27.23309898376465,63,31.04964828491211
7093,4317994.4127186295,3158554.5656904643,27.263750076293945,76,26.022157669067383
7094,4318094.437909378,3158553.1984607154,22.70017433166504,72,26.66618537902832
7095,4318194.463084017,3158551.8312355657,49.060821533203125,95,20.121089935302734
7096,4318294.488242515,3158550.4640150177,58.607025146484375,97,19.424942016601562
7097,4318394.513384846,3158549.0967990737,85.22102355957031,95,0.21413472294807434
7098,4318494.5385109745,3158547.7295877356,70.90367126464844,98,0
7099,4318594.563620871,3158546.362381001,34.847171783447266,90,6.245688438415527
7100,4318694.588714507,3158544.9951788704,87.016754150390625,96,0
7101,4318794.6137918485,3158543.6279813442,52.22160720825195,93,0
7102,4318894.638852866,3158542.260788422,18.95718765258789,86,0
7103,4318994.663897533,3158540.893600104,83.42027282714844,90,0
7104,4319094.688925813,3158539.5264163925,81.47023010253906,89,0
7105,4319194.7139376765,3158538.1592372907,81.44913482666016,91,0
7106,4319294.738933093,3158536.7920627934,59.870784759521484,97,0
7107,4319394.763912036,3158535.4248929,59.175472259521484,97,0
7108,4319494.788874468,3158534.0577276177,83.446197509765625,94,0
7109,4319594.813820362,3158532.6905669444,85.34532928466797,94,0
7110,4319694.838749688,3158531.323410879,66.98912048339844,91,0
7111,4319794.863662415,3158529.956259423,19.18865966796875,88,0
7112,4319894.888558511,3158528.589112574,7.631465435028076,51,18.82857894897461
7113,4319994.913437946,3158527.221970332,2.658177375793457,44,67.7768325805664
7114,4320094.938300687,3158525.8548327037,5.839845180511475,53,54.63521957397461
7115,4320194.96314671,3158524.4876996856,8.30667495727539,57,23.14844512939453
7116,4320294.987975976,3158523.1205712785,14.595053672790527,71,6.297926425933838
7117,4320395.012788458,3158521.7534474814,2.5650157928466797,47,0.7519587278366089
7118,4320495.037584127,3158520.386328296,0,0,0
7119,4320595.062362951,3158519.019213721,0,0,6.2015509605407715
7120,4320695.087124898,3158517.6521037617,31.16727066040039,92,37.68240737915039
7121,4320795.11186994,3158516.2849984164,20.421667098999023,92,0
7122,4320895.136598043,3158514.917897682,0,0,0
7123,4320995.161309178,3158513.5508015626,0,0,0
7124,4321095.186003314,3158512.1837100573,44.05514907836914,84,0
7125,4321195.210680422,3158510.8166231657,77.0130844116211,91,0
7126,4321295.23534047,3158509.4495408875,31.106109619140625,91,0
7127,4321395.259983425,3158508.0824632286,40.14069366455078,90,0
7128,4321495.284609262,3158506.7153901844,84.05925750732422,94,0
7129,4321595.309217944,3158505.3483217536,87.76969909667969,98,0
7130,4321695.333809443,3158503.9812579416,86.32295989990234,96,0
7131,4321795.358383731,3158502.614198747,86.39998626708984,95,0
7132,4321895.382940773,3158501.2471441687,84.589630126953125,96,0
7133,4321995.40748054,3158499.880094207,83.77330017089844,95,0
7134,4322095.432003002,3158498.5130488668,90.09516906738281,99,0
7135,4322195.456508127,3158497.146008144,92.61961364746094,100,0
7136,4322295.480995884,3158495.77897204,97.19331359863281,100,0
7137,4322395.505466247,3158494.411940557,96.138458251953125,100,0
7138,4322495.529919177,3158493.0449136905,95.07894134521484,100,0
7139,4322595.554354651,3158491.6778914467,91.42765045166016,100,0
7140,4322695.578772636,3158490.3108738256,94.61914825439453,100,0
7141,4322795.603173097,3158488.9438608233,95.170562744140625,100,0
7142,4322895.62755601,3158487.5768524446,92.8179931640625,99,0
7143,4322995.651921339,3158486.2098486866,92.427734375,99,0
7144,4323095.676269057,3158484.8428495512,94.378204345703125,100,0
7145,4323195.700599132,3158483.475855038,96.3511734008789,100,0
7146,4323295.724911533,3158482.108865149,97.7209243774414,100,0
7147,4323395.749206227,3158480.741879884,97.32359313964844,100,0
7148,4323495.773483189,3158479.3748992425,96.17444610595703,100,0
7149,4323595.797742383,3158478.007923223,93.6596908569336,100,0
7150,4323695.821983783,3158476.6409518314,96.00536346435547,100,0
7151,4323795.846207352,3158475.273985065,93.72786712646484,100,0
7152,4323895.870413065,3158473.907022922,95.25553131103516,100,0
7153,4323995.894600888,3158472.5400654073,94.35460662841797,100,0
7154,4324095.918770793,3158471.1731125196,95.229461669921875,100,0
7155,4324195.942922748,3158469.80616426,93.60106658935547,100,0
7156,4324295.967056722,3158468.4392206254,91.72330474853516,100,0
7157,4324395.991172683,3158467.0722816177,91.9931640625,100,0
7158,4324496.015270603,3158465.70534724,92.498992919921875,99,0
7159,4324596.039350452,3158464.338417491,94.56732177734375,100,0
7160,4324696.063412194,3158462.9714923715,91.7510986328125,100,0
7216,4312691.688139137,3158527.0092680724,0,0,0.759443998336792
7217,4312791.714141403,3158525.6418104805,0,0,0
7218,4312891.740129185,3158524.27435749,0,0,0
7219,4312991.766102456,3158522.906909094,0,0,0
7220,4313091.7920611845,3158521.5394652975,4.022556781768799,76,0
7221,4313191.818005337,3158520.1720261066,5.432286262512207,85,0
7222,4313291.843934888,3158518.8045915104,2.5706632137298584,54,2.66127610206604
7223,4313391.869849801,3158517.4371615155,31.391225814819336,79,15.297425270080566
7224,4313491.8957500495,3158516.0697361263,39.38039016723633,85,20.590694427490234
7225,4313591.9216356,3158514.7023153338,37.58006286621094,80,21.831445693969727
7226,4313691.947506426,3158513.334899143,30.677303314208984,79,5.6026105880737305
7227,4313791.973362492,3158511.967487554,16.89741325378418,78,56.410404205322266
7228,4313891.99920377,3158510.6000805716,9.824828147888184,55,49.29104995727539
7229,4313992.025030227,3158509.23267819,9.875580787658691,60,66.52843475341797
7230,4314092.050841835,3158507.86528041,3.130307912826538,54,65.17716217041016
7231,4314192.076638564,3158506.497887238,7.4180707931518555,51,54.67023849487305
7232,4314292.102420379,3158505.1304986696,9.184744834899902,73,34.84000778198242
7233,4314392.128187252,3158503.7631147057,37.03142166137695,88,12.189924240112305
7234,4314492.153939154,3158502.395735346,49.77958297729492,81,6.410942077636719
7235,4314592.179676052,3158501.0283605917,9.811239242553711,77,74.92877197265625
7236,4314692.205397917,3158499.660990444,2.428293466567993,47,22.470264434814453
7237,4314792.231104714,3158498.2936249026,0.9796658754348755,57,46.76557159423828
7238,4314892.256796416,3158496.926263969,14.232881546020508,58,33.748077392578125
7239,4314992.282472992,3158495.5589076434,17.493274688720703,62,43.81354904174805
7240,4315092.308134412,3158494.1915559224,9.089252471923828,57,58.3503532409668
7241,4315192.333780644,3158492.824208809,1.1791731119155884,44,88.121368408203125
7242,4315292.359411656,3158491.4568663086,0,0,98.87103271484375
7243,4315392.385027423,3158490.089528416,22.7835693359375,76,40.384674072265625
7244,4315492.410627906,3158488.7221951317,51.114620208740234,81,5.509549617767334
7245,4315592.436213081,3158487.3548664567,6.400345802307129,72,90.89601135253906
7246,4315692.461782913,3158485.9875423918,0,0,96.2887191772461
7247,4315792.487337375,3158484.62022294,0.7294898629188538,37,75.04664611816406
7248,4315892.512876433,3158483.2529080953,0,0,95.02100372314453
7249,4315992.53840006,3158481.8855978623,0,0,93.8887939453125
7250,4316092.56390822,3158480.518292242,16.973453521728516,86,68.513397216796875
7251,4316192.589400888,3158479.150991235,11.801886558532715,83,68.89436340332031
7252,4316292.61487803,3158477.783694842,23.05933380126953,71,41.248477935791016
7253,4316392.640339616,3158476.4164030617,1.6034528017044067,57,82.54853057861328
7254,4316492.6657856135,3158475.049115893,3.963379383087158,59,79.682373046875
7255,4316592.691215996,3158473.681833339,15.386666297912598,70,52.79539108276367
7256,4316692.71663073,3158472.314555401,16.06848907470703,75,50.09919738769531
7257,4316792.742029784,3158470.947282077,40.58124923706055,92,27.729867935180664
7258,4316892.76741313,3158469.5800133664,6.185696125030518,61,61.65370178222656
7259,4316992.7927807355,3158468.2127492717,6.938541412353516,61,55.772064208984375
7260,4317092.81813257,3158466.845489795,24.309118270874023,66,42.60575866699219
7261,4317192.843468604,3158465.478234933,23.410846710205078,72,36.68360900878906
7262,4317292.868788804,3158464.110984689,8.707907676696777,51,62.33078384399414
7263,4317392.894093141,3158462.743739063,23.018651962280273,76,39.37038040161133
7264,4317492.919381587,3158461.3764980542,23.485092163085938,72,36.54509735107422
7265,4317592.944654105,3158460.00926166,27.05875587463379,71,33.914859771728516
7266,4317692.969910671,3158458.6420298875,40.050270080566406,89,26.249055862426758
7267,4317792.995151252,3158457.274802734,29.711402893066406,75,26.56174087524414
7268,4317893.020375813,3158455.907580197,23.223514556884766,74,32.95359802246094
7269,4317993.04558433,3158454.540362282,19.43227767944336,68,39.90126419067383
7270,4318093.070776767,3158453.173148988,26.725461959838867,73,24.930400848388672
7271,4318193.095953098,3158451.805940314,47.09470748901367,94,14.481539726257324
7272,4318293.121113288,3158450.4387362595,70.91828155517578,100,1.3093284368515015
7273,4318393.146257308,3158449.0715368274,91.125152587890625,99,0
7274,4318493.171385131,3158447.704342015,88.43571472167969,100,0
7275,4318593.196496719,3158446.3371518287,70.54374694824219,94,0
7276,4318693.221592046,3158444.969966266,86.54933166503906,95,0
7277,4318793.2466710815,3158443.6027853223,76.3294448852539,96,0
7278,4318893.2717337925,3158442.2356090033,20.59025001525879,88,0
7279,4318993.29678015,3158440.868437309,48.674007415771484,86,0
7280,4319093.3218101235,3158439.501270237,22.384010314941406,84,0
7281,4319193.346823682,3158438.1341077904,62.20417022705078,88,0
7282,4319293.371820793,3158436.7669499693,19.14580535888672,84,0
7283,4319393.396801425,3158435.399796773,3.0062429904937744,70,0
7284,4319493.421765555,3158434.0326482053,15.078505516052246,87,0
7285,4319593.446713145,3158432.6655042656,70.79576873779297,92,0
7286,4319693.471644166,3158431.2983649513,83.93327331542969,93,0
7287,4319793.496558586,3158429.93123026,55.23867416381836,94,0
7288,4319893.521456376,3158428.5641001966,10.125904083251953,83,12.033018112182617
7289,4319993.546337507,3158427.196974761,5.591508388519287,51,33.091068267822266
7290,4320093.571201946,3158425.829853958,7.764267444610596,55,7.399832725524902
7291,4320193.596049661,3158424.462737785,0.24617347121238708,41,0
7292,4320293.620880624,3158423.095626237,0.3197810649871826,32,2.6082141399383545
7293,4320393.645694805,3158421.728519319,0.7174810767173767,60,0
7294,4320493.670492169,3158420.361417032,4.153027534484863,67,0
7295,4320593.69527269,3158418.9943193765,0,0,0
7296,4320693.720036334,3158417.6272263536,10.878385543823242,69,10.042524337768555
7297,4320793.744783074,3158416.26013796,0,0,0
7298,4320893.769512874,3158414.893054195,0,0,0
7299,4320993.794225708,3158413.5259750667,0,0,0
7300,4321093.818921542,3158412.15890057,38.418277740478516,94,0
7301,4321193.843600348,3158410.7918307073,81.33704376220703,92,0
7302,4321293.8682620935,3158409.4247654746,40.92868423461914,89,0
7303,4321393.892906751,3158408.0577048776,44.49607849121094,93,0
7304,4321493.917534283,3158406.6906489176,78.58586883544922,88,0
7305,4321593.942144665,3158405.323597587,83.2208023071289,99,0
7306,4321693.9667378655,3158403.9565508943,85.35041809082031,97,0
7307,4321793.991313851,3158402.5895088357,84.9947738647461,94,0
7308,4321894.015872594,3158401.222471414,86.73944091796875,97,0
7309,4321994.040414062,3158399.855438627,79.812408447265625,89,0
7310,4322094.064938225,3158398.488410478,89.17610931396484,100,0
7311,4322194.089445051,3158397.121386968,91.77545166015625,100,0
7312,4322294.113934509,3158395.754368095,95.33452606201172,100,0
7313,4322394.138406571,3158394.3873538594,96.88835144042969,100,0
7314,4322494.162861206,3158393.02034426,92.99749755859375,100,0
7315,4322594.187298382,3158391.653339302,91.43846893310547,99,0
7316,4322694.211718066,3158390.286338984,93.67388153076172,100,0
7317,4322794.236120232,3158388.9193433053,94.6771011352539,100,0
7318,4322894.260504847,3158387.552352264,94.15096282958984,100,0
7319,4322994.28487188,3158386.185365864,92.89911651611328,99,0
7320,4323094.3092213,3158384.818384107,92.74523162841797,99,0
7321,4323194.333553078,3158383.4514069897,93.19291687011719,99,0
7322,4323294.357867182,3158382.0844345153,96.26956939697266,100,0
7323,4323394.382163582,3158380.717466682,98.36348724365234,100,0
7324,4323494.406442247,3158379.350503494,98.65031433105469,100,0
7325,4323594.4307031445,3158377.983544947,97.12979888916016,100,0
7326,4323694.454946248,3158376.61659104,98.13545227050781,100,0
7327,4323794.479171524,3158375.249641778,97.10797119140625,100,0
7328,4323894.503378942,3158373.8826971613,95.92670440673828,100,0
7329,4323994.52756847,3158372.51575719,93.5104751586914,100,0
7330,4324094.551740081,3158371.1488218633,93.56764221191406,99,0
7331,4324194.575893741,3158369.781891183,91.22877502441406,99,0
7332,4324294.600029421,3158368.4149651467,77.0466537475586,100,0
7333,4324394.624147088,3158367.0480437563,92.83335876464844,100,0
7334,4324494.648246716,3158365.681127017,92.1639404296875,99,0
7335,4324594.672328268,3158364.314214924,92.744903564453125,100,0
7336,4324694.696391719,3158362.947307476,92.45098876953125,100,0
7392,4312690.3209320735,3158426.9830953865,0,0,10.414562225341797
7393,4312790.346936023,3158425.615653273,0,0,0.02832648530602455
7394,4312890.372925489,3158424.248215776,0,0,0
7395,4312990.398900444,3158422.880782897,0,0,0
7396,4313090.4248608565,3158421.5133546344,4.653508186340332,65,3.113708734512329
7397,4313190.450806695,3158420.1459309915,1.604474663734436,59,1.888105869293213
7398,4313290.476737927,3158418.7785119666,0,0,1.156000018119812
7399,4313390.502654527,3158417.41109756,8.113739967346191,79,8.519020080566406
7400,4313490.528556462,3158416.0436877776,33.33200454711914,76,1.2283772230148315
7401,4313590.5544437,3158414.6762826145,48.85431671142578,84,13.46709156036377
7402,4313690.580316209,3158413.3088820674,10.115036964416504,76,53.177452087402344
7403,4313790.606173961,3158411.9414861393,7.069240570068359,53,60.97107696533203
7404,4313890.632016925,3158410.574094837,6.369462966918945,59,66.216888427734375
7405,4313990.65784507,3158409.2067081546,10.693958282470703,59,56.40346908569336
7406,4314090.683658366,3158407.8393260958,6.6728596687316895,50,51.487064361572266
7407,4314190.70945678,3158406.471948659,11.761774063110352,62,32.75146484375
7408,4314290.735240284,3158405.104575843,6.311550617218018,57,25.749958038330078
7409,4314390.761008845,3158403.737207654,19.035232543945312,87,0
7410,4314490.786762435,3158402.3698440874,57.38277816772461,87,3.915933847427368
7411,4314590.812501022,3158401.002485144,9.06993293762207,84,60.937259674072266
7412,4314690.838224571,3158399.6351308245,14.74297046661377,63,46.342430114746094
7413,4314790.86393306,3158398.267781128,17.15083122253418,75,33.301612854003906
7414,4314890.889626451,3158396.900436059,14.351391792297363,77,47.74042892456055
7415,4314990.915304718,3158395.533095618,14.625680923461914,63,38.319664001464844
7416,4315090.940967826,3158394.1657597977,8.86834716796875,61,59.20527267456055
7417,4315190.966615747,3158392.7984286053,1.9726264476776123,59,74.92138671875
7418,4315290.992248451,3158391.4311020444,10.330644607543945,59,65.36073303222656
7419,4315391.017865905,3158390.0637801094,36.49334716796875,85,23.01034164428711
7420,4315491.04346808,3158388.6964627993,15.429713249206543,81,34.79948425292969
7421,4315591.0690549435,3158387.3291501207,2.4881691932678223,70,88.21849060058594
7422,4315691.0946264705,3158385.9618420703,0,0,91.38092041015625
7423,4315791.12018262,3158384.594538649,0,0,82.76830291748047
7424,4315891.145723371,3158383.2272398546,2.2567269802093506,57,79.62687683105469
7425,4315991.171248689,3158381.8599456893,25.248497009277344,83,41.23550033569336
7426,4316091.196758542,3158380.492656154,43.56533432006836,86,25.926910400390625
7427,4316191.222252902,3158379.125371252,14.058145523071289,76,67.96681213378906
7428,4316291.247731737,3158377.758090983,1.3549877405166626,47,82.6856689453125
7429,4316391.273195014,3158376.3908153446,0.10629305243492126,30,95.64569854736328
7430,4316491.298642707,3158375.023544337,0.015104047954082489,40,98.05695343017578
7431,4316591.324074781,3158373.6562779616,1.984104037284851,40,81.46431732177734
7432,4316691.349491209,3158372.289016219,6.518588542938232,65,80.4750747680664
7433,4316791.374891958,3158370.921759111,17.238649368286133,79,44.72093963623047
7434,4316891.400276995,3158369.554506635,14.445805549621582,79,41.82099914550781
7435,4316991.425646296,3158368.187258795,10.178712844848633,73,48.441368103027344
7436,4317091.450999825,3158366.8200155892,23.69182586669922,86,32.620216369628906
7437,4317191.476337552,3158365.452777013,17.454004287719727,74,40.76081085205078
7438,4317291.501659447,3158364.085543077,17.800273895263672,85,45.074913024902344
7439,4317391.526965482,3158362.7183137774,33.08708190917969,75,26.46754264831543
7440,4317491.552255619,3158361.351089111,40.28325271606445,78,24.73179817199707
7441,4317591.577529835,3158359.9838690828,17.563825607299805,64,41.26836395263672
7442,4317691.602788098,3158358.616653692,28.60918426513672,81,31.008861541748047
7443,4317791.628030372,3158357.2494429382,22.838645935058594,87,31.824098587036133
7444,4317891.653256631,3158355.882236822,55.29929733276367,100,10.04999828338623
7445,4317991.678466843,3158354.515035344,57.971946716308594,93,9.361289978027344
7446,4318091.703660982,3158353.147838504,45.34235382080078,96,17.17452049255371
7447,4318191.728839006,3158351.7806463046,57.193721771240234,100,10.150073051452637
7448,4318291.754000895,3158350.4134587417,69.40677642822266,100,0.28638043999671936
7449,4318391.779146614,3158349.046275822,89.580169677734375,98,0
7450,4318491.804276132,3158347.6790975393,90.34556579589844,100,0
7451,4318591.82938942,3158346.311923898,53.637691497802734,94,0
7452,4318691.854486445,3158344.944754901,87.31504821777344,95,0
7453,4318791.879567178,3158343.5775905424,87.95003509521484,96,0
7454,4318891.90463159,3158342.2104308256,67.61261749267578,91,0
7455,4318991.929679646,3158340.8432757533,33.358482360839844,74,0
7456,4319091.954711319,3158339.4761253227,7.111454010009766,68,0
7457,4319191.979726575,3158338.1089795325,58.457916259765625,91,0
7458,4319292.004725386,3158336.7418383877,45.73902893066406,88,0
7459,4319392.029707721,3158335.374701888,6.7556023597717285,66,0
7460,4319492.05467355,3158334.007570034,4.827086448669434,66,0
7461,4319592.0796228405,3158332.640442825,70.81011199951172,88,0
7462,4319692.10455556,3158331.273320259,84.288238525390625,94,0
7463,4319792.129471682,3158329.9062023372,33.89922332763672,94,0
7464,4319892.154371175,3158328.5390890623,61.25397872924805,100,2.7794623374938965
7465,4319992.179254006,3158327.1719804346,4.853747367858887,65,1.1903387308120728
7466,4320092.204120147,3158325.8048764546,0,0,0
7467,4320192.228969566,3158324.4377771206,2.3904225826263428,54,1.5114580392837524
7468,4320292.253802231,3158323.070682435,0,0,1.8362494707107544
7469,4320392.278618111,3158321.703592398,20.72711753845215,74,0
7470,4320492.303417182,3158320.3365070103,39.65045166015625,80,0
7471,4320592.328199404,3158318.96942627,0,0,0
7472,4320692.352964752,3158317.6023501805,22.785236358642578,77,0
7473,4320792.377713193,3158316.235278741,9.988448143005371,72,0
7474,4320892.4024447,3158314.8682119497,1.9535514116287231,62,0
7475,4320992.427159236,3158313.5011498076,0.3356034755706787,46,0
7476,4321092.451856775,3158312.1340923207,22.447786331176758,84,0
7477,4321192.476537286,3158310.7670394867,81.475616455078125,91,0
7478,4321292.5012007365,3158309.3999912986,53.775062561035156,99,0
7479,4321392.525847097,3158308.032947763,46.652225494384766,94,0
7480,4321492.550476337,3158306.665908883,87.28025817871094,99,0
7481,4321592.575088424,3158305.2988746567,86.70018005371094,96,0
7482,4321692.599683331,3158303.9318450848,87.64698791503906,100,0
7483,4321792.624261023,3158302.5648201616,86.013031005859375,100,0
7484,4321892.648821472,3158301.1977998964,88.33428192138672,97,0
7485,4321992.673364644,3158299.8307842854,82.11927795410156,89,0
7486,4322092.6978905145,3158298.4637733307,89.246978759765625,97,0
7487,4322192.722399048,3158297.09676703,92.1922378540039,100,0
7488,4322292.746890214,3158295.7297653863,92.0145492553711,98,0
7489,4322392.771363984,3158294.3627683986,91.65309143066406,100,0
7490,4322492.795820326,3158292.995776069,95.96863555908203,100,0
7491,4322592.820259209,3158291.6287883963,94.68898010253906,100,0
7492,4322692.844680604,3158290.26180538,94.54180908203125,100,0
7493,4322792.8690844765,3158288.894827023,93.6731948852539,100,0
7494,4322892.8934708,3158287.5278533236,89.84595489501953,97,0
7495,4322992.917839542,3158286.160884282,92.1403579711914,100,0
7496,4323092.942190673,3158284.793919901,92.90125274658203,100,0
7497,4323192.966524159,3158283.4269601787,87.84654235839844,100,0
7498,4323292.990839972,3158282.0600051186,88.327178955078125,100,0
7499,4323393.015138082,3158280.6930547203,93.66033935546875,100,0
7500,4323493.039418458,3158279.326108981,96.84681701660156,100,0
7501,4323593.063681068,3158277.959167902,96.93933868408203,100,0
7502,4323693.087925879,3158276.5922314855,97.46997833251953,100,0
7503,4323793.112152868,3158275.22529973,96.69779205322266,100,0
7504,4323893.136361996,3158273.8583726366,97.05421447753906,100,0
7505,4323993.160553237,3158272.4914502087,95.09776306152344,100,0
7506,4324093.184726558,3158271.124532445,94.72096252441406,100,0
7507,4324193.208881931,3158269.757619344,92.19951629638672,100,0
7508,4324293.233019323,3158268.390710906,93.74889373779297,100,0
7509,4324393.257138704,3158267.0238071345,93.64532470703125,100,0
7510,4324493.281240043,3158265.656908029,92.966949462890625,100,0
7511,4324593.30532331,3158264.290013588,84.27372741699219,100,0.8099405169487
7512,4324693.329388473,3158262.9231238132,74.58131408691406,100,3.4800474643707275
7568,4312688.953741498,3158326.95692395,4.472334861755371,75,26.7674617767334
7569,4312788.979747136,3158325.589497316,3.539722442626953,59,2.9544477462768555
7570,4312889.005738294,3158324.222075317,0,0,0
7571,4312989.03171494,3158322.854657953,0,0,0
7572,4313089.057677042,3158321.487245222,0,0,19.753952026367188
7573,4313189.083624571,3158320.1198371304,0.9525853395462036,49,19.01691246032715
7574,4313289.109557495,3158318.7524336767,1.8387000560760498,51,49.82380294799805
7575,4313389.135475787,3158317.3850348606,0.459675133228302,25,80.752655029296875
7576,4313489.161379414,3158316.0176406824,18.79376220703125,73,44.622779846191406
7577,4313589.187268342,3158314.6502511436,20.017961502075195,59,38.54262924194336
7578,4313689.213142544,3158313.28286624,3.0601344108581543,47,70.50359344482422
7579,4313789.239001988,3158311.915485976,1.03926682472229,37,81.50749206542969
7580,4313889.264846646,3158310.5481103538,2.741781234741211,59,73.85719299316406
7581,4313989.290676483,3158309.180739374,3.7093000411987305,56,49.25536346435547
7582,4314089.316491473,3158307.813373033,4.8519392013549805,52,43.358253479003906
7583,4314189.34229158,3158306.44601133,4.240490436553955,45,49.77953338623047
7584,4314289.368076776,3158305.0786542674,14.676787376403809,64,16.528221130371094
7585,4314389.393847032,3158303.711301852,32.008262634277344,85,13.588915824890137
7586,4314489.419602315,3158302.343954078,6.959978103637695,85,78.78047943115234
7587,4314589.445342596,3158300.976610943,3.2336783409118652,69,44.68449783325195
7588,4314689.471067842,3158299.609272452,0.400477796792984,50,74.75237274169922
7589,4314789.496778024,3158298.241938605,4.25181770324707,75,82.81111907958984
7590,4314889.52247311,3158296.8746094005,22.25588035583496,86,48.7961311340332
7591,4314989.548153072,3158295.5072848406,5.939456939697266,75,77.32603454589844
7592,4315089.573817876,3158294.139964924,16.16741180419922,78,57.00764846801758
7593,4315189.5994674945,3158292.772649652,0.0020122972782701254,34,92.8872299194336
7594,4315289.625101893,3158291.40533903,0.6221352219581604,48,78.5800552368164
7595,4315389.650721042,3158290.0380330514,17.2510929107666,80,36.92202377319336
7596,4315489.676324917,3158288.670731718,13.828405380249023,71,59.41096878051758
7597,4315589.701913478,3158287.303435033,9.963422775268555,70,62.56295394897461
7598,4315689.727486698,3158285.936142997,1.4070534706115723,47,75.65367126464844
7599,4315789.7530445475,3158284.5688556056,1.3036588430404663,66,82.62398529052734
7600,4315889.778586996,3158283.201572861,3.225269317626953,66,66.95396423339844
7601,4315989.80411401,3158281.834294765,25.69191551208496,75,40.57331085205078
7602,4316089.829625562,3158280.4670213177,5.281571865081787,70,64.33808898925781
7603,4316189.855121619,3158279.099752522,10.073594093322754,61,71.04966735839844
7604,4316289.880602153,3158277.7324883756,2.168367862701416,61,85.7092514038086
7605,4316389.90606713,3158276.3652288765,0.6448209881782532,53,91.70812225341797
7606,4316489.931516521,3158274.9979740297,0.03235657513141632,44,91.85274505615234
7607,4316589.956950296,3158273.6307238326,2.545246124267578,46,85.3111801147461
7608,4316689.982368422,3158272.263478288,1.028314232826233,51,89.861328125
7609,4316790.00777087,3158270.896237394,2.2866454124450684,56,71.86834716796875
7610,4316890.03315761,3158269.529001154,29.4374942779541,81,40.08421325683594
7611,4316990.05852861,3158268.1617695657,8.14346694946289,73,56.72074508666992
7612,4317090.083883839,3158266.794542629,51.58427429199219,86,10.16163158416748
7613,4317190.109223267,3158265.4273203425,21.50819206237793,81,44.7906608581543
7614,4317290.134546865,3158264.060102713,19.982078552246094,77,34.0292854309082
7615,4317390.159854597,3158262.6928897393,29.262483596801758,77,35.350406646728516
7616,4317490.185146439,3158261.325681419,24.05228042602539,67,29.785818099975586
7617,4317590.210422358,3158259.9584777546,9.298705101013184,66,52.18825912475586
7618,4317690.23568232,3158258.5912787435,56.593448638916016,94,11.431411743164062
7619,4317790.260926298,3158257.22408439,50.361087799072266,91,1.5226987600326538
7620,4317890.286154261,3158255.8568946943,32.58672332763672,84,0.9206858277320862
7621,4317990.311366176,3158254.489709653,61.034584045410156,100,0
7622,4318090.336562013,3158253.1225292687,80.33707427978516,100,0
7623,4318190.361741743,3158251.755353541,86.65248107910156,100,0
7624,4318290.386905336,3158250.388182472,88.64674377441406,100,0
7625,4318390.412052759,3158249.0210160613,81.52613830566406,98,0
7626,4318490.437183979,3158247.653854309,85.48065948486328,100,0
7627,4318590.462298972,3158246.2866972145,89.484527587890625,97,0
7628,4318690.4873977015,3158244.919544781,87.69358825683594,95,0
7629,4318790.512480141,3158243.5523970085,82.922149658203125,96,0
7630,4318890.537546256,3158242.1852538954,70.25495910644531,90,0
7631,4318990.562596017,3158240.818115445,29.998119354248047,68,0
7632,4319090.587629396,3158239.4509816547,0,0,0
7633,4319190.612646359,3158238.0838525235,49.06755447387695,90,0
7634,4319290.637646876,3158236.7167280535,81.76763153076172,96,0
7635,4319390.662630916,3158235.3496082495,65.2768783569336,96,0
7636,4319490.687598452,3158233.982493107,54.973838806152344,91,0
7637,4319590.712549448,3158232.6153826276,86.182220458984375,98,0
7638,4319690.737483876,3158231.248276813,86.67485809326172,93,0
7639,4319790.762401706,3158229.881175661,50.634803771972656,95,0
7640,4319890.787302904,3158228.514079175,61.35587692260742,93,0
7641,4319990.812187444,3158227.146987354,21.342763900756836,69,0
7642,4320090.837055294,3158225.779900199,4.582449436187744,59,0
7643,4320190.8619064195,3158224.412817707,2.0465383529663086,54,0
7644,4320290.886740793,3158223.0457398817,6.727272987365723,79,0
7645,4320390.911558384,3158221.678666725,48.27021026611328,86,0
7646,4320490.9363591615,3158220.3115982325,36.16569137573242,75,0
7647,4320590.961143094,3158218.944534407,0,0,0
7648,4320690.985910151,3158217.5774752516,13.237651824951172,63,0
7649,4320791.010660304,3158216.2104207673,2.7462544441223145,56,0
7650,4320891.0353935175,3158214.843370947,0,0,0
7651,4320991.060109765,3158213.4763257965,0,0,0
7652,4321091.084809016,3158212.1092853164,1.7115832567214966,66,0
7653,4321191.1094912365,3158210.7422495065,78.3819351196289,95,0
7654,4321291.134156398,3158209.3752183653,85.87677001953125,100,0
7655,4321391.158804469,3158208.0081918966,64.69056701660156,93,0
7656,4321491.18343542,3158206.6411700984,69.241851806640625,93,0
7657,4321591.208049221,3158205.2741529727,62.9186897277832,96,0
7658,4321691.232645838,3158203.907140519,87.593963623046875,100,0
7659,4321791.257225242,3158202.5401327335,85.42382049560547,95,0
7660,4321891.281787403,3158201.1731296233,86.68730926513672,96,0
7661,4321991.306332291,3158199.8061311883,61.98884963989258,89,0
7662,4322091.330859872,3158198.439137425,89.24845123291016,98,0
7663,4322191.355370117,3158197.072148337,91.59796905517578,98,0
7664,4322291.379862998,3158195.7051639226,90.16517639160156,98,0
7665,4322391.404338483,3158194.338184184,90.6600570678711,100,0
7666,4322491.428796539,3158192.97120912,93.3819351196289,100,0
7667,4322591.453237136,3158191.6042387304,95.77486419677734,100,0
7668,4322691.4776602425,3158190.2372730193,95.3042221069336,100,0
7669,4322791.502065832,3158188.8703119834,92.57435607910156,98,0
7670,4322891.52645387,3158187.503355625,90.85343170166016,100,0
7671,4322991.550824327,3158186.1364039457,93.49671173095703,100,0
7672,4323091.575177172,3158184.7694569402,93.34039306640625,100,0
7673,4323191.599512376,3158183.402514612,89.409881591796875,100,0
7674,4323291.623829906,3158182.035576966,88.32867431640625,98,0
7675,4323391.648129733,3158180.668643999,92.1517562866211,99,0
7676,4323491.672411822,3158179.3017157107,91.948394775390625,99,0
7677,4323591.69667615,3158177.9347920995,93.32228088378906,100,0
7678,4323691.72092268,3158176.567873173,92.93305969238281,100,0
7679,4323791.745151383,3158175.2009589253,92.02495574951172,99,0
7680,4323891.769362229,3158173.8340493576,91.71326446533203,100,0
7681,4323991.793555188,3158172.467144473,97.2790756225586,100,0
7682,4324091.8177302275,3158171.100244271,97.51264953613281,100,0
7683,4324191.8418873185,3158169.733348751,95.35881805419922,100,0
7684,4324291.866026428,3158168.366457912,94.0893783569336,100,0
7685,4324391.890147528,3158166.9995717565,94.00465393066406,100,0
7686,4324491.914250587,3158165.632690284,92.70359802246094,100,0
7687,4324591.938335571,3158164.2658134955,91.47309112548828,100,0.010362171567976475
7688,4324691.9624024555,3158162.898941391,84.6091079711914,100,0.07671979814767838
7744,4312687.586567411,3158226.930753773,3.851764678955078,74,16.561203002929688
7745,4312787.612574747,3158225.563342616,12.522086143493652,66,4.334118366241455
7746,4312887.6385675995,3158224.1959361155,0,0,0.11193884164094925
7747,4312987.664545941,3158222.8285342655,0,0,1.896327257156372
7748,4313087.690509741,3158221.46113707,4.158149719238281,53,10.909883499145508
7749,4313187.716458968,3158220.0937445303,1.6858223676681519,47,20.578828811645508
7750,4313287.7423935905,3158218.7263566437,0,0,79.9815902709961
7751,4313387.768313578,3158217.358973416,3.6574151515960693,49,64.65135955810547
7752,4313487.7942189025,3158215.9915948464,0.6900599598884583,67,47.24412536621094
7753,4313587.820109529,3158214.6242209314,6.182723045349121,69,63.363094329833984
7754,4313687.845985429,3158213.256851674,8.540818214416504,59,59.899017333984375
7755,4313787.8718465725,3158211.8894870738,10.056384086608887,56,55.08679962158203
7756,4313887.89769293,3158210.5221271333,0.9775274395942688,51,89.7431869506836
7757,4313987.923524466,3158209.1547718495,2.755272626876831,58,47.7940559387207
7758,4314087.949341153,3158207.7874212256,14.917756080627441,68,32.75972366333008
7759,4314187.9751429595,3158206.4200752587,10.167791366577148,68,44.6892204284668
7760,4314288.000929858,3158205.052733952,19.149045944213867,69,35.67364501953125
7761,4314388.0267018145,3158203.6853973074,0.48118799924850464,60,64.80609893798828
7762,4314488.052458796,3158202.3180653243,0,0,94.73356628417969
7763,4314588.078200776,3158200.950737999,0,0,99.94075012207031
7764,4314688.103927723,3158199.5834153364,0.4888972043991089,50,84.4718017578125
7765,4314788.129639608,3158198.2160973353,9.531684875488281,80,66.7426528930664
7766,4314888.155336395,3158196.8487839955,27.107555389404297,81,31.6879825592041
7767,4314988.181018057,3158195.481475322,10.76380443572998,73,52.014320373535156
7768,4315088.206684563,3158194.1141713075,23.06502342224121,82,42.77945327758789
7769,4315188.232335882,3158192.7468719566,13.145861625671387,84,57.46358871459961
7770,4315288.257971985,3158191.3795772702,2.3976762294769287,56,74.00066375732422
7771,4315388.283592838,3158190.01228725,22.94403839111328,74,7.024794101715088
7772,4315488.309198413,3158188.6450018953,0.5931084752082825,49,91.6550521850586
7773,4315588.334788676,3158187.277721201,0,0,94.62067413330078
7774,4315688.360363603,3158185.9104451756,3.9691853523254395,57,86.07611846923828
7775,4315788.385923154,3158184.543173816,10.572606086730957,66,64.24292755126953
7776,4315888.411467305,3158183.1759071206,0,0,93.91390228271484
7777,4315988.436996025,3158181.8086450933,31.80746841430664,83,34.75352478027344
7778,4316088.462509279,3158180.441387733,5.228449821472168,55,77.46846008300781
7779,4316188.488007042,3158179.0741350446,1.1517127752304077,49,79.84001159667969
7780,4316288.513489281,3158177.7068870226,1.9210373163223267,59,89.50853729248047
7781,4316388.538955962,3158176.3396436623,0.031216872856020927,53,98.58210754394531
7782,4316488.564407059,3158174.9724049764,0,0,99.523681640625
7783,4316588.589842537,3158173.605170959,0.309091717004776,20,97.60355377197266
7784,4316688.6152623715,3158172.2379416106,7.1787190437316895,58,71.52161407470703
7785,4316788.640666524,3158170.870716933,5.010422229766846,57,70.210479736328125
7786,4316888.666054971,3158169.5034969263,6.092280387878418,60,71.052001953125
7787,4316988.691427677,3158168.1362815886,4.6077961921691895,60,70.87377166748047
7788,4317088.716784613,3158166.769070923,15.940014839172363,67,47.56916809082031
7789,4317188.74212575,3158165.4018649287,19.988039016723633,70,41.17204284667969
7790,4317288.767451053,3158164.0346636046,24.724071502685547,78,37.90949630737305
7791,4317388.792760494,3158162.6674669576,21.54930877685547,78,36.66708755493164
7792,4317488.818054044,3158161.3002749826,31.134950637817383,82,22.215349197387695
7793,4317588.8433316685,3158159.9330876786,62.04117965698242,93,8.840051651000977
7794,4317688.86859334,3158158.5659050513,63.796810150146484,93,1.9002078771591187
7795,4317788.893839028,3158157.198727099,48.350852966308594,93,0.009187518619000912
7796,4317888.919068697,3158155.8315538187,61.021541595458984,93,0.3530297875404358
7797,4317988.944282322,3158154.464385214,72.5252456665039,100,0.5095739960670471
7798,4318088.969479868,3158153.097221286,81.942535400390625,100,0
7799,4318188.994661308,3158151.730062032,89.50659942626953,100,0
7800,4318289.01982661,3158150.362907455,89.6328353881836,99,0
7801,4318389.044975741,3158148.995757554,87.86735534667969,100,0
7802,4318489.070108675,3158147.62861233,84.953826904296875,100,0
7803,4318589.095225376,3158146.2614717837,84.65348052978516,100,0
7804,4318689.120325818,3158144.8943359153,84.97949981689453,95,0
7805,4318789.145409967,3158143.527204726,81.960205078125,92,0
7806,4318889.170477792,3158142.1600782173,72.70176696777344,82,0
7807,4318989.195529267,3158140.7929563876,53.16315460205078,83,0
7808,4319089.220564355,3158139.425839236,4.009073257446289,74,0
7809,4319189.24558303,3158138.0587267624,60.07722091674805,92,0
7810,4319289.270585261,3158136.6916189715,78.13706970214844,96,0
7811,4319389.295571013,3158135.3245158647,85.8584976196289,94,0
7812,4319489.3205402605,3158133.9574174364,84.36479949951172,93,0
7813,4319589.345492972,3158132.590323687,85.38574981689453,98,0
7814,4319689.370429112,3158131.2232346223,84.2524642944336,93,0
7815,4319789.395348655,3158129.856150239,55.53948974609375,97,0
7816,4319889.420251568,3158128.4890705384,5.569231033325195,82,0
7817,4319989.445137821,3158127.1219955245,43.14188766479492,88,0
7818,4320089.470007384,3158125.7549251933,37.341400146484375,88,0
7819,4320189.494860226,3158124.3878595424,0.6937842965126038,72,0
7820,4320289.519696314,3158123.0207985803,56.140018463134766,85,0
7821,4320389.544515619,3158121.653742302,33.31849670410156,83,0
7822,4320489.569318111,3158120.2866907082,10.601388931274414,83,0
7823,4320589.594103759,3158118.9196437984,0.3482181131839752,37,0
7824,4320689.618872533,3158117.5526015772,10.699837684631348,83,0
7825,4320789.643624399,3158116.185564045,7.337589740753174,86,0
7826,4320889.668359331,3158114.8185311966,13.47722053527832,80,0
7827,4320989.693077295,3158113.451503035,9.686017036437988,86,0
7828,4321089.717778261,3158112.0844795643,43.88521194458008,97,0
7829,4321189.7424622,3158110.71746078,86.67292022705078,100,0
7830,4321289.7671290785,3158109.3504466834,89.69569396972656,100,0
7831,4321389.791778867,3158107.983437282,77.282470703125,100,0
7832,4321489.816411536,3158106.616432566,11.630367279052734,100,0
7833,4321589.841027052,3158105.249432538,10.936487197875977,78,0
7834,4321689.865625389,3158103.8824372026,81.24357604980469,90,0
7835,4321789.890206511,3158102.515446557,84.531829833984375,95,0
7836,4321889.914770392,3158101.1484606015,85.15901947021484,96,0
7837,4321989.939316997,3158099.781479339,83.05663299560547,95,0
7838,4322089.963846299,3158098.414502769,89.66149139404297,99,0
7839,4322189.988358265,3158097.0475308914,92.671844482421875,98,0
7840,4322290.012852864,3158095.6805637106,90.62688446044922,99,0
7841,4322390.037330068,3158094.31360122,92.12578582763672,100,0
7842,4322490.061789842,3158092.9466434196,92.6417465209961,100,0
7843,4322590.086232159,3158091.5796903158,94.58467102050781,100,0
7844,4322690.11065699,3158090.2127419077,96.54987335205078,100,0
7845,4322790.135064299,3158088.845798194,94.92699432373047,100,0
7846,4322890.159454058,3158087.4788591755,94.55329132080078,100,0
7847,4322990.183826237,3158086.1119248555,93.915496826171875,100,0
7848,4323090.208180803,3158084.744995228,94.49755096435547,100,0
7849,4323190.232517729,3158083.378070295,93.15411376953125,100,0
7850,4323290.2568369815,3158082.0111500625,92.28218078613281,98,0
7851,4323390.281138529,3158080.6442345274,90.1661605834961,96,0
7852,4323490.305422343,3158079.27732369,90.5426254272461,97,0
7853,4323590.329688391,3158077.9104175484,89.81349182128906,96,0
7854,4323690.353936644,3158076.5435161106,90.38732147216797,99,0
7855,4323790.378167071,3158075.1766193695,91.44322967529297,99,0
7856,4323890.402379642,3158073.809727326,87.970428466796875,96,0
7857,4323990.426574323,3158072.4428399857,90.927734375,100,0
7858,4324090.450751089,3158071.075957344,94.73704528808594,100,0
7859,4324190.474909903,3158069.709079403,94.51338958740234,100,0
7860,4324290.499050737,3158068.342206164,95.05608367919922,100,0
7861,4324390.523173562,3158066.9753376245,94.55986022949219,100,0
7862,4324490.547278344,3158065.608473787,93.092559814453125,100,0
7863,4324590.571365057,3158064.241614654,90.86284637451172,98,0
7919,4312686.219409815,3158126.904584861,3.19730544090271,58,28.898143768310547
7920,4312786.245418851,3158125.5371891786,4.856308937072754,70,48.94331359863281
7921,4312886.271413407,3158124.169798173,30.24851417541504,93,19.524547576904297
7922,4312986.297393453,3158122.8024118417,3.6575562953948975,92,6.23576545715332
7923,4313086.323358955,3158121.4350301786,6.749334812164307,83,7.541086673736572
7924,4313186.349309883,3158120.067653191,28.669328689575195,100,14.462431907653809
7925,4313286.37524621,3158118.700280874,12.694485664367676,72,43.73738098144531
7926,4313386.401167903,3158117.332913234,10.199398040771484,66,59.97121810913086
7927,4313486.42707493,3158115.965550271,37.325653076171875,83,27.67938232421875
7928,4313586.452967259,3158114.598191984,12.819872856140137,78,57.936737060546875
7929,4313686.478844866,3158113.230838371,0,0,95.270660400390625
7930,4313786.504707715,3158111.8634894327,2.987147569656372,58,81.53697204589844
7931,4313886.530555775,3158110.496145171,7.476930618286133,57,66.9654312133789
7932,4313986.556389017,3158109.128805584,17.259912490844727,75,48.47420883178711
7933,4314086.582207409,3158107.761470678,31.480112075805664,76,33.66401672363281
7934,4314186.6080109235,3158106.3941404503,4.063281536102295,64,54.03260040283203
7935,4314286.633799525,3158105.026814899,23.60101318359375,61,35.20067596435547
7936,4314386.659573187,3158103.6594940256,0.24753521382808685,42,84.79769134521484
7937,4314486.685331876,3158102.2921778304,0.8596482276916504,67,90.40045166015625
7938,4314586.711075563,3158100.9248663154,17.33237075805664,90,62.2053108215332
7939,4314686.736804218,3158099.5575594837,49.246307373046875,91,22.09710121154785
7940,4314786.762517808,3158098.1902573304,71.93680572509766,91,0.0279465913772583
7941,4314886.788216303,3158096.822959853,59.55197525024414,91,14.747958183288574
7942,4314986.8138996735,3158095.4556670627,17.22180938720703,75,47.32155990600586
7943,4315086.839567888,3158094.0883789537,23.86312484741211,78,40.395111083984375
7944,4315186.865220915,3158092.721095523,4.07442569732666,68,50.56294631958008
7945,4315286.890858725,3158091.353816775,35.667518615722656,77,0.39103206992149353
7946,4315386.916481288,3158089.9865427096,27.21558380126953,91,1.0345677137374878
7947,4315486.942088571,3158088.619273331,5.347330570220947,67,61.116859436035156
7948,4315586.967680544,3158087.252008633,1.024240493774414,61,82.44310760498047
7949,4315686.993257178,3158085.884748617,12.476043701171875,77,69.4853286743164
7950,4315787.01881844,3158084.517493289,2.715867519378662,67,87.211883544921875
7951,4315887.044364303,3158083.150242646,1.2683091163635254,68,94.6637191772461
7952,4315987.069894731,3158081.7829966852,25.089229583740234,83,40.674503326416016
7953,4316087.095409698,3158080.4157554097,7.848287105560303,66,74.67662048339844
7954,4316187.120909169,3158079.0485188253,2.348360776901245,43,80.37577056884766
7955,4316287.146393118,3158077.681286928,0,0,89.1509017944336
7956,4316387.171861512,3158076.3140597115,0.11891236156225204,42,91.33365631103516
7957,4316487.197314319,3158074.946837183,0.06415654718875885,42,97.95494842529297
7958,4316587.222751511,3158073.5796193457,0,0,98.567230224609375
7959,4316687.248173054,3158072.212406195,3.4554531574249268,51,87.912078857421875
7960,4316787.273578922,3158070.8451977298,0.17217476665973663,16,91.84235382080078
7961,4316887.29896908,3158069.477993956,2.7625317573547363,64,79.82859802246094
7962,4316987.324343498,3158068.1107948725,47.57820510864258,89,10.326187133789062
7963,4317087.349702148,3158066.743600479,41.40358352661133,83,27.30275535583496
7964,4317187.375044996,3158065.3764107744,12.066824913024902,70,53.58100891113281
7965,4317287.4003720125,3158064.0092257597,23.74997329711914,67,36.911773681640625
7966,4317387.425683171,3158062.642045437,26.71568489074707,60,35.87659454345703
7967,4317487.450978431,3158061.2748698043,14.706040382385254,82,42.081172943115234
7968,4317587.476257772,3158059.9076988655,20.026220321655273,88,36.29775619506836
7969,4317687.501521157,3158058.540532622,30.331989288330078,72,23.138147354125977
7970,4317787.526768557,3158057.1733710677,38.18998718261719,97,14.487455368041992
7971,4317887.551999943,3158055.8062142027,33.57655334472656,88,12.810833930969238
7972,4317987.577215282,3158054.4390620347,29.630741119384766,94,14.665225982666016
7973,4318087.6024145465,3158053.071914563,78.25214385986328,96,0
7974,4318187.6275977,3158051.704771784,83.1407241821289,97,0
7975,4318287.652764719,3158050.3376336973,85.49141693115234,97,0
7976,4318387.677915567,3158048.9705003058,89.0197525024414,97,0
7977,4318487.703050216,3158047.6033716123,85.85124969482422,97,0
7978,4318587.728168635,3158046.236247614,84.93602752685547,97,0
7979,4318687.753270791,3158044.8691283106,85.11774444580078,92,0
7980,4318787.778356658,3158043.5020137043,84.45709228515625,94,0
7981,4318887.803426201,3158042.1349037983,82.50518798828125,94,0
7982,4318987.828479392,3158040.7677985895,79.12297821044922,94,0
7983,4319087.853516201,3158039.4006980765,71.76239776611328,83,0
7984,4319187.878536592,3158038.033602263,77.99748992919922,99,0
7985,4319287.9035405405,3158036.6665111487,84.9287109375,99,0
7986,4319387.928528013,3158035.2994247354,85.98651885986328,92,0
7987,4319487.953498978,3158033.9323430206,84.33543395996094,94,0
7988,4319587.978453407,3158032.5652660034,66.19427490234375,93,0
7989,4319688.003391268,3158031.198193688,80.37830352783203,94,0
7990,4319788.02831253,3158029.831126073,21.4517765045166,94,0
7991,4319888.053217164,3158028.4640631583,10.367932319641113,79,0
7992,4319988.078105137,3158027.0970049496,67.05043029785156,94,0
7993,4320088.102976419,3158025.729951444,85.65337371826172,94,0
7994,4320188.127830981,3158024.362902636,66.621917724609375,100,0
7995,4320288.152668791,3158022.9958585324,84.39892578125,100,0
7996,4320388.177489817,3158021.628819133,86.46142578125,94,0
7997,4320488.202294032,3158020.2617844376,46.6306266784668,95,0
7998,4320588.2270814,3158018.894754448,21.097623825073242,95,0
7999,4320688.251851896,3158017.5277291606,79.63411712646484,96,0
8000,4320788.276605485,3158016.1607085797,87.3545913696289,96,0
8001,4320888.301342138,3158014.793692703,89.47454071044922,100,0
8002,4320988.326061825,3158013.426681532,89.67723083496094,100,0
8003,4321088.350764515,3158012.05967507,91.87886810302734,100,0
8004,4321188.375450175,3158010.6926733134,91.6430435180664,100,0
8005,4321288.400118777,3158009.325676264,91.45509338378906,100,0
8006,4321388.42477029,3158007.958683923,89.3836898803711,100,0
8007,4321488.449404681,3158006.5916962856,46.642852783203125,98,0
8008,4321588.474021923,3158005.224713359,0.9144126176834106,51,0
8009,4321688.4986219825,3158003.8577351435,25.029708862304688,86,0
8010,4321788.523204831,3158002.490761637,12.301640510559082,82,0
8011,4321888.547770434,3158001.1237928392,41.083194732666016,90,0
8012,4321988.572318766,3157999.7568287496,83.09334564208984,92,0
8013,4322088.596849793,3157998.3898693724,84.6987533569336,99,0
8014,4322188.621363483,3157997.022914706,89.68608856201172,99,0
8015,4322288.64585981,3157995.655964752,92.91182708740234,99,0
8016,4322388.670338738,3157994.28901951,94.169342041015625,100,0
8017,4322488.69480024,3157992.9220789787,93.71588134765625,100,0
8018,4322588.719244285,3157991.55514316,95.230743408203125,100,0
8019,4322688.743670839,3157990.188212053,97.074462890625,100,0
8020,4322788.768079876,3157988.821285659,96.19608306884766,100,0
8021,4322888.792471362,3157987.4543639827,94.54154968261719,100,0
8022,4322988.81684527,3157986.087447021,92.54998016357422,100,0
8023,4323088.841201562,3157984.7205347707,92.906402587890625,100,0
8024,4323188.865540217,3157983.3536272338,93.3788833618164,100,0
8025,4323288.889861196,3157981.9867244144,93.79423522949219,100,0
8026,4323388.914164473,3157980.6198263117,90.21714782714844,99,0
8027,4323488.938450016,3157979.2529329252,90.14557647705078,100,0
8028,4323588.962717794,3157977.886044254,89.609283447265625,97,0
8029,4323688.986967777,3157976.519160303,86.237548828125,94,0
8030,4323789.0111999335,3157975.1522810697,87.27159118652344,97,0
8031,4323889.035414233,3157973.7854065495,89.2099380493164,98,0
8032,4323989.059610645,3157972.41853675,91.8671646118164,98,0
8033,4324089.08378914,3157971.051671669,93.696868896484375,100,0
8034,4324189.107949684,3157969.684811307,94.8100357055664,100,0
8035,4324289.13209225,3157968.317955669,95.03953552246094,100,0
8036,4324389.156216804,3157966.9511047476,94.04290008544922,100,0
8037,4324489.18032332,3157965.584258545,92.22624206542969,100,0
8038,4324589.204411761,3157964.2174170655,90.60675811767578,100,0
8093,4312684.852268707,3158026.878417219,10.969714164733887,66,12.008829116821289
8094,4312784.878279453,3158025.511037016,7.674290180206299,66,32.04252243041992
8095,4312884.904275718,3158024.143661505,48.78676986694336,100,10.157026290893555
8096,4312984.930257471,3158022.7762906863,46.25966262817383,96,2.5432677268981934
8097,4313084.956224683,3158021.408924555,53.89195251464844,90,3.6347296237945557
8098,4313184.982177322,3158020.04156312,7.271612644195557,100,26.143030166625977
8099,4313285.008115357,3158018.674206377,0.13303619623184204,38,54.64068603515625
8100,4313385.034038759,3158017.306854324,0.23504707217216492,42,84.36307525634766
8101,4313485.059947496,3158015.9395069648,13.896347045898438,68,54.370426177978516
8102,4313585.085841538,3158014.5721643027,7.584279537200928,57,44.223201751708984
8103,4313685.111720853,3158013.2048263336,5.538458347320557,58,50.937686920166016
8104,4313785.137585412,3158011.837493055,1.2191399335861206,50,56.15373992919922
8105,4313885.1634351835,3158010.4701644755,0,0,93.516632080078125
8106,4313985.189270138,3158009.1028405884,4.343914031982422,56,71.70935821533203
8107,4314085.215090242,3158007.7355214003,3.6152970790863037,48,58.96520233154297
8108,4314185.240895467,3158006.368206908,2.670245885848999,39,65.80091094970703
8109,4314285.266685782,3158005.0008971095,5.644731044769287,56,68.26087951660156
8110,4314385.292461155,3158003.6335920133,1.9405629634857178,64,83.55435943603516
8111,4314485.318221559,3158002.2662916095,41.549434661865234,87,19.2875919342041
8112,4314585.343966958,3158000.898995901,75.794921875,90,0.26416558027267456
8113,4314685.369697326,3157999.5317048985,63.72645568847656,91,0
8114,4314785.395412629,3157998.164418592,67.10869598388672,83,0
8115,4314885.421112837,3157996.797136981,71.50334930419922,91,0
8116,4314985.446797922,3157995.4298600713,14.90408706665039,82,56.53492736816406
8117,4315085.47246785,3157994.0625878656,35.286163330078125,93,13.912524223327637
8118,4315185.4981225915,3157992.6953203576,25.842967987060547,87,27.299592971801758
8119,4315285.523762115,3157991.3280575457,29.089618682861328,78,5.277834415435791
8120,4315385.549386393,3157989.960799437,47.95703887939453,91,5.336836338043213
8121,4315485.574995391,3157988.5935460343,18.17543601989746,69,26.325319290161133
8122,4315585.600589081,3157987.226297332,3.6131036281585693,63,85.28080749511719
8123,4315685.626167429,3157985.8590533296,7.344366073608398,61,64.12391662597656
8124,4315785.65173041,3157984.491814033,11.880461692810059,84,58.4958381652832
8125,4315885.677277986,3157983.1245794394,35.74653625488281,84,38.96982192993164
8126,4315985.702810131,3157981.7573495465,18.181127548217773,83,58.931270599365234
8127,4316085.728326813,3157980.390124355,0,0,98.78741455078125
8128,4316185.753828004,3157979.022903874,1.518939733505249,47,86.82740020751953
8129,4316285.779313668,3157977.6556881,0,0,99.9300537109375
8130,4316385.804783779,3157976.2884770264,0.15358717739582062,42,88.709869384765625
8131,4316485.830238304,3157974.9212706573,0.08305125683546066,42,96.69117736816406
8132,4316585.855677214,3157973.554068998,0,0,99.93004608154297
8133,4316685.881100476,3157972.186872044,0,0,91.63213348388672
8134,4316785.906508061,3157970.819679795,1.0192904472351074,36,87.37382507324219
8135,4316885.931899937,3157969.4524922534,32.22783279418945,90,35.04411697387695
8136,4316985.957276074,3157968.085309423,55.698143005371094,100,3.863898754119873
8137,4317085.982636443,3157966.718131301,32.73991394042969,85,29.794239044189453
8138,4317186.00798101,3157965.350957886,15.993816375732422,71,53.18048858642578
8139,4317286.0333097475,3157963.983789181,14.532243728637695,54,51.18186950683594
8140,4317386.058622623,3157962.616625183,4.392733573913574,51,53.09697723388672
8141,4317486.083919605,3157961.249465896,12.029911041259766,60,49.877864837646484
8142,4317586.109200665,3157959.88231132,15.340429306030273,63,37.02602767944336
8143,4317686.134465771,3157958.515161454,38.77643966674805,74,22.128128051757812
8144,4317786.1597148925,3157957.1480162977,26.19900894165039,88,21.809513092041016
8145,4317886.184947998,3157955.780875853,36.523109436035156,88,11.430871963500977
8146,4317986.21016506,3157954.4137401227,55.030052185058594,96,7.5989508628845215
8147,4318086.235366045,3157953.0466091046,87.59265899658203,99,0
8148,4318186.260550922,3157951.679482798,85.51297760009766,98,0
8149,4318286.28571966,3157950.3123612045,85.170654296875,99,0
8150,4318386.31087223,3157948.9452443244,87.2845687866211,99,0
8151,4318486.336008604,3157947.5781321605,85.29337310791016,92,0
8152,4318586.361128742,3157946.2110247095,85.81976318359375,93,0
8153,4318686.386232626,3157944.843921974,84.67704010009766,93,0
8154,4318786.411320213,3157943.476823951,85.87727355957031,93,0
8155,4318886.436391482,3157942.1097306465,84.968109130859375,91,0
8156,4318986.461446396,3157940.742642059,83.28240966796875,92,0
8157,4319086.486484928,3157939.375558184,83.53667449951172,93,0
8158,4319186.511507044,3157938.0084790285,83.751129150390625,99,0
8159,4319286.536512718,3157936.641404593,86.24382019042969,99,0
8160,4319386.561501914,3157935.2743348717,84.59855651855469,93,0
8161,4319486.586474604,3157933.9072698685,82.15445709228516,93,0
8162,4319586.611430759,3157932.5402095844,19.426532745361328,93,0
8163,4319686.636370344,3157931.173154019,56.866249084472656,91,0
8164,4319786.6612933325,3157929.806103174,84.9817123413086,94,0
8165,4319886.686199691,3157928.4390570465,76.67668914794922,89,0
8166,4319986.711089391,3157927.0720156436,82.72535705566406,92,0
8167,4320086.735962401,3157925.704978962,81.08308410644531,92,0
8168,4320186.760818687,3157924.3379469956,83.266357421875,92,0
8169,4320286.785658226,3157922.97091975,88.63787078857422,99,0
8170,4320386.810480978,3157921.6038972302,92.02679443359375,100,0
8171,4320486.83528692,3157920.236879433,89.85189056396484,100,0
8172,4320586.860076018,3157918.8698663586,87.65478515625,100,0
8173,4320686.88484824,3157917.5028580055,90.3428726196289,100,0
8174,4320786.909603558,3157916.135854376,88.00299072265625,100,0
8175,4320886.934341939,3157914.7688554744,95.1068115234375,100,0
8176,4320986.959063355,3157913.4018612937,95.47853088378906,100,0
8177,4321086.983767772,3157912.034871838,92.60161590576172,100,0
8178,4321187.008455164,3157910.667887108,90.84819030761719,100,0
8179,4321287.033125496,3157909.300907104,86.12212371826172,100,0
8180,4321387.057778737,3157907.9339318257,91.84998321533203,100,0
8181,4321487.082414859,3157906.5669612694,76.98906707763672,99,0
8182,4321587.10703383,3157905.199995445,26.11989402770996,98,0
8183,4321687.13163562,3157903.8330343487,6.866805553436279,74,0
8184,4321787.156220199,3157902.46607798,11.29680061340332,84,0
8185,4321887.180787534,3157901.099126337,31.7822208404541,96,0
8186,4321987.205337597,3157899.732179422,88.583221435546875,100,0
8187,4322087.229870355,3157898.365237238,86.77937316894531,97,0
8188,4322187.254385778,3157896.998299783,90.21089172363281,99,0
8189,4322287.278883834,3157895.6313670585,94.27400207519531,100,0
8190,4322387.303364497,3157894.264439063,94.1494140625,100,0
8191,4322487.32782773,3157892.8975157975,94.54203033447266,100,0
8192,4322587.352273507,3157891.5305972635,94.781494140625,100,0
8193,4322687.3767017955,3157890.163683461,93.96354675292969,100,0
8194,4322787.401112566,3157888.796774389,91.08341217041016,98,0
8195,4322887.425505785,3157887.4298700527,92.69903564453125,98,0
8196,4322987.449881426,3157886.0629704474,92.12348937988281,100,0
8197,4323087.474239454,3157884.696075574,91.53063201904297,98,0
8198,4323187.49857984,3157883.329185435,92.78302001953125,98,0
8199,4323287.522902554,3157881.962300028,92.83601379394531,99,0
8200,4323387.547207565,3157880.5954193575,91.932647705078125,100,0
8201,4323487.571494844,3157879.228543422,91.3947525024414,100,0
8202,4323587.595764357,3157877.8616722217,87.4790267944336,97,0
8203,4323687.620016076,3157876.4948057574,88.366302490234375,100,0
8204,4323787.644249966,3157875.1279440266,89.6136703491211,99,0
8205,4323887.668466002,3157873.761087035,90.837310791015625,100,0
8206,4323987.692664151,3157872.394234779,90.91841888427734,98,0
8207,4324087.716844381,3157871.0273872577,92.60588836669922,100,0
8208,4324187.741006664,3157869.6605444765,95.690673828125,100,0
8209,4324287.765150966,3157868.293706435,95.44490814208984,100,0
8210,4324387.789277257,3157866.926873132,95.77263641357422,100,0
8211,4324487.813385509,3157865.560044564,89.95021057128906,100,0
8212,4324587.837475689,3157864.1932207374,87.90576171875,100,0
8267,4312683.48514409,3157926.852250854,0.6639735698699951,50,10.091415405273438
8268,4312783.511156551,3157925.4848861285,1.587053656578064,50,7.368283748626709
8269,4312883.537154529,3157924.117526112,6.684799671173096,82,11.352945327758789
8270,4312983.563137997,3157922.750170808,24.34877586364746,82,10.295324325561523
8271,4313083.589106924,3157921.3828202114,19.7672061920166,75,20.29775619506836
8272,4313183.615061279,3157920.0154743264,7.254209995269775,62,34.9630126953125
8273,4313283.64100103,3157918.6481331545,6.401550769805908,57,63.69286346435547
8274,4313383.666926147,3157917.2807966913,12.420222282409668,69,54.79740524291992
8275,4313483.692836601,3157915.913464939,11.262585639953613,65,44.47637939453125
8276,4313583.718732359,3157914.546137899,8.773031234741211,71,50.83375930786133
8277,4313683.744613392,3157913.178815573,16.005367279052734,75,36.4860725402832
8278,4313783.770479668,3157911.8114979584,3.759676933288574,55,76.32322692871094
8279,4313883.796331157,3157910.444185059,10.536725044250488,56,59.18421173095703
8280,4313983.822167827,3157909.076876872,6.192224979400635,64,56.83399963378906
8281,4314083.8479896495,3157907.7095733997,0.23119902610778809,28,81.303436279296875
8282,4314183.873796592,3157906.342274643,0,0,89.8529281616211
8283,4314283.899588627,3157904.9749806,3.1078121662139893,45,66.77776336669922
8284,4314383.925365718,3157903.6076912745,21.831298828125,89,41.60927200317383
8285,4314483.951127837,3157902.240406664,68.6885757446289,89,0.15857715904712677
8286,4314583.976874958,3157900.873126767,73.03853607177734,90,0
8287,4314684.002607046,3157899.505851589,78.63196563720703,99,0
8288,4314784.028324068,3157898.138581128,69.57149505615234,95,0
8289,4314884.054025996,3157896.7713153823,63.40244674682617,87,0
8290,4314984.0797128,3157895.4040543567,67.359649658203125,87,0.7187578678131104
8291,4315084.1053844495,3157894.0367980506,68.65022277832031,89,0
8292,4315184.131040911,3157892.669546461,65.33589172363281,89,4.7206807136535645
8293,4315284.156682155,3157891.3022995894,16.2430477142334,86,25.301118850708008
8294,4315384.182308153,3157889.93505744,9.55170726776123,74,38.05268859863281
8295,4315484.207918876,3157888.567820012,8.061283111572266,59,19.4905948638916
8296,4315584.233514284,3157887.2005873034,8.857850074768066,61,62.796051025390625
8297,4315684.259094356,3157885.833359317,10.248270034790039,62,61.77521514892578
8298,4315784.284659056,3157884.466136049,10.066993713378906,63,71.06840515136719
8299,4315884.310208355,3157883.0989175024,18.077592849731445,73,52.06846618652344
8300,4315984.335742222,3157881.731703678,26.845550537109375,80,37.16147994995117
8301,4316084.361260628,3157880.3644945766,12.396349906921387,82,69.61231231689453
8302,4316184.38676354,3157878.9972902006,5.140264511108398,52,78.68535614013672
8303,4316284.41225093,3157877.630090545,5.463598728179932,63,79.55369567871094
8304,4316384.437722762,3157876.262895615,0,0,96.2428970336914
8305,4316484.463179014,3157874.8957054066,0,0,96.1932601928711
8306,4316584.488619644,3157873.5285199215,0,0,97.3421630859375
8307,4316684.514044631,3157872.1613391656,0,0,94.231048583984375
8308,4316784.539453941,3157870.794163135,16.711030960083008,83,51.33406448364258
8309,4316884.564847542,3157869.4269918273,51.86280059814453,85,8.61994743347168
8310,4316984.590225405,3157868.059825246,59.86771774291992,91,7.791010856628418
8311,4317084.615587497,3157866.6926633953,26.290775299072266,81,34.07304382324219
8312,4317184.64093379,3157865.3255062713,5.9813079833984375,59,66.72537994384766
8313,4317284.666264254,3157863.958353872,14.704435348510742,60,54.8281135559082
8314,4317384.691578853,3157862.5912061995,18.722412109375,60,40.11377716064453
8315,4317484.716877564,3157861.2240632595,10.417414665222168,60,52.4319953918457
8316,4317584.742160351,3157859.8569250437,12.176918029785156,63,45.372047424316406
8317,4317684.767427182,3157858.4897915563,24.973915100097656,71,32.90380859375
8318,4317784.79267803,3157857.1226628,28.325714111328125,74,29.043773651123047
8319,4317884.8179128645,3157855.755538777,32.7032585144043,83,26.662860870361328
8320,4317984.843131653,3157854.3884194847,78.82880401611328,95,2.4719736576080322
8321,4318084.868334364,3157853.02130492,88.46549987792969,100,0
8322,4318184.89352097,3157851.654195087,88.042755126953125,98,0
8323,4318284.918691437,3157850.2870899844,88.86932373046875,99,0
8324,4318384.943845737,3157848.9199896166,88.577392578125,97,0
8325,4318484.968983836,3157847.552893981,86.39068603515625,95,0
8326,4318584.994105707,3157846.1858030763,84.637481689453125,92,0
8327,4318685.0192113165,3157844.818716905,85.948150634765625,95,0
8328,4318785.044300634,3157843.4516354683,81.92859649658203,91,0
8329,4318885.069373634,3157842.0845587663,85.31341552734375,93,0
8330,4318985.094430277,3157840.7174867974,86.67938995361328,94,0
8331,4319085.119470537,3157839.350419563,84.8315658569336,93,0
8332,4319185.144494385,3157837.9833570663,83.27629852294922,90,0
8333,4319285.169501788,3157836.616299306,84.73792266845703,92,0
8334,4319385.194492716,3157835.2492462783,38.77805709838867,89,0
8335,4319485.219467139,3157833.882197988,8.5209503173828125,83,0
8336,4319585.244425024,3157832.5151544358,2.428723096847534,71,0
8337,4319685.269366343,3157831.1481156214,46.227848052978516,97,0
8338,4319785.294291061,3157829.7810815456,87.12749481201172,97,0
8339,4319885.319199152,3157828.4140522075,83.22125244140625,92,0
8340,4319985.344090586,3157827.047027607,85.05352020263672,93,0
8341,4320085.368965325,3157825.680007747,84.19979095458984,96,0
8342,4320185.393823348,3157824.3129926254,86.16487884521484,98,0
8343,4320285.4186646165,3157822.945982241,91.958251953125,100,0
8344,4320385.443489105,3157821.578976601,93.5114517211914,100,0
8345,4320485.468296778,3157820.2119757016,94.84685516357422,100,0
8346,4320585.493087609,3157818.8449795395,91.77862548828125,100,0
8347,4320685.517861566,3157817.4779881225,90.90068817138672,100,0
8348,4320785.54261862,3157816.1110014464,91.63703155517578,99,0
8349,4320885.567358735,3157814.744019515,93.48828125,100,0
8350,4320985.592081886,3157813.3770423234,95.6112289428711,100,0
8351,4321085.616788039,3157812.010069874,89.7799072265625,99,0
8352,4321185.641477163,3157810.643102171,89.21866607666016,99,0
8353,4321285.666149232,3157809.2761392123,88.01445770263672,99,0
8354,4321385.69080421,3157807.909180997,90.957366943359375,100,0
8355,4321485.715442068,3157806.5422275257,78.52425384521484,99,0
8356,4321585.740062775,3157805.1752788024,87.0173568725586,97,0
8357,4321685.764666303,3157803.8083348237,66.54534149169922,94,0
8358,4321785.789252617,3157802.441395589,82.82844543457031,95,0
8359,4321885.813821689,3157801.074461103,87.47587585449219,95,0
8360,4321985.838373489,3157799.7075313637,83.9444580078125,96,0
8361,4322085.862907985,3157798.3406063723,86.80188751220703,100,0
8362,4322185.887425145,3157796.9736861275,82.9825210571289,99,0
8363,4322285.9119249405,3157795.6067706323,92.42276763916016,100,0
8364,4322385.936407341,3157794.2398598855,95.07020568847656,100,0
8365,4322485.960872314,3157792.872953885,94.96669006347656,100,0
8366,4322585.985319829,3157791.506052635,94.11628723144531,100,0
8367,4322686.009749856,3157790.1391561343,94.9132080078125,100,0
8368,4322786.034162366,3157788.772264387,93.39496612548828,100,0
8369,4322886.058557324,3157787.405377391,94.33316802978516,100,0
8370,4322986.082934704,3157786.038495144,93.925689697265625,99,0
8371,4323086.107294474,3157784.6716176453,93.5887451171875,100,0
8372,4323186.1316366,3157783.3047449007,91.6355209350586,100,0
8373,4323286.155961054,3157781.93787691,94.3609619140625,100,0
8374,4323386.180267808,3157780.5710136723,94.00421142578125,100,0
8375,4323486.204556826,3157779.204155188,92.65790557861328,99,0
8376,4323586.22882808,3157777.837301456,90.71351623535156,100,0
8377,4323686.253081539,3157776.470452477,91.00213623046875,100,0
8378,4323786.277317174,3157775.103608253,91.1476821899414,100,0
8379,4323886.301534951,3157773.7367687854,90.9296646118164,100,0
8380,4323986.325734843,3157772.3699340736,91.88262176513672,100,0
8381,4324086.349916815,3157771.0031041154,94.47332000732422,100,0
8382,4324186.374080839,3157769.6362789124,94.82132720947266,100,0
8383,4324286.398226884,3157768.2694584667,94.9847183227539,100,0
8384,4324386.422354919,3157766.902642782,93.71002197265625,100,0
8385,4324486.446464916,3157765.535831852,90.61089324951172,98,0
8386,4324586.470556839,3157764.169025679,90.57484436035156,100,0
8441,4312682.118035962,3157826.8260857677,10.40707015991211,61,21.138525009155273
8442,4312782.144050143,3157825.458736521,11.122099876403809,71,36.919158935546875
8443,4312882.170049843,3157824.091392002,68.71387481689453,92,2.6222803592681885
8444,4312982.196035032,3157822.7240522127,37.48754119873047,88,11.652713775634766
8445,4313082.222005681,3157821.3567171516,14.72684097290039,67,23.069400787353516
8446,4313182.247961757,3157819.989386817,6.967978477478027,63,24.770753860473633
8447,4313282.273903229,3157818.6220612116,1.4809746742248535,41,58.50541687011719
8448,4313382.29983007,3157817.254740337,2.7349281311035156,47,64.06778717041016
8449,4313482.325742245,3157815.8874241933,5.76547384262085,68,62.69355010986328
8450,4313582.351639727,3157814.520112779,11.297445297241211,69,50.99064636230469
8451,4313682.377522482,3157813.1528060962,18.16622543334961,74,40.2833251953125
8452,4313782.403390481,3157811.7855041428,10.082066535949707,64,43.3934211730957
8453,4313882.429243693,3157810.418206924,1.9675573110580444,50,76.11338806152344
8454,4313982.455082088,3157809.0509144356,2.918278694152832,64,87.935211181640625
8455,4314082.4809056325,3157807.6836266806,2.018577814102173,50,80.008148193359375
8456,4314182.506714301,3157806.3163436614,0,0,93.34168243408203
8457,4314282.532508057,3157804.9490653737,5.0014328956604,61,68.41533660888672
8458,4314382.558286875,3157803.581791818,22.54384422302246,76,41.15932083129883
8459,4314482.584050721,3157802.214523,78.71937561035156,91,0.3408864140510559
8460,4314582.609799565,3157800.847258914,77.26777648925781,96,0
8461,4314682.635533376,3157799.479999563,73.97151947021484,99,0
8462,4314782.661252125,3157798.1127449456,75.98339080810547,93,0
8463,4314882.686955781,3157796.745495065,76.34959411621094,87,0
8464,4314982.712644311,3157795.3782499223,72.23353576660156,89,0
8465,4315082.738317685,3157794.011009518,79.78556060791016,97,1.0773426294326782
8466,4315182.763975874,3157792.6437738477,47.464603424072266,87,33.77130126953125
8467,4315282.789618846,3157791.2765429164,15.238333702087402,85,39.3859748840332
8468,4315382.81524657,3157789.909316726,10.107780456542969,59,37.5281867980957
8469,4315482.840859018,3157788.542095271,8.97636604309082,59,11.387101173400879
8470,4315582.866456156,3157787.174878554,25.007780075073242,79,19.346681594848633
8471,4315682.892037954,3157785.8076665797,7.1966118812561035,62,70.4537124633789
8472,4315782.917604382,3157784.440459342,2.1684718132019043,46,86.2477798461914
8473,4315882.943155411,3157783.073256846,12.825697898864746,67,57.660858154296875
8474,4315982.968691008,3157781.7060590903,20.320131301879883,77,54.1599235534668
8475,4316082.994211142,3157780.3388660755,30.64818000793457,82,39.766754150390625
8476,4316183.019715784,3157778.9716778025,30.037263870239258,79,41.678707122802734
8477,4316283.045204901,3157777.6044942695,17.32680320739746,78,63.582496643066406
8478,4316383.070678466,3157776.2373154806,0.9806296825408936,29,87.83971405029297
8479,4316483.096136442,3157774.8701414345,0.0989607572555542,29,98.749542236328125
8480,4316583.121578807,3157773.502972126,0,0,96.95018005371094
8481,4316683.147005524,3157772.135807568,0,0,94.476776123046875
8482,4316783.172416564,3157770.768647754,25.492616653442383,77,54.302940368652344
8483,4316883.197811896,3157769.40149268,16.956043243408203,79,42.89329528808594
8484,4316983.2231914885,3157768.034342351,26.447250366210938,78,34.597774505615234
8485,4317083.248555315,3157766.6671967697,26.874563217163086,73,36.940799713134766
8486,4317183.273903339,3157765.300055933,6.885807991027832,67,56.24720764160156
8487,4317283.299235531,3157763.9329198413,14.765456199645996,72,58.12376022338867
8488,4317383.324551866,3157762.565788496,18.141590118408203,67,47.028228759765625
8489,4317483.349852308,3157761.1986618983,21.069602966308594,68,36.2423210144043
8490,4317583.375136825,3157759.8315400435,35.868995666503906,72,20.688261032104492
8491,4317683.400405391,3157758.4644229393,18.48133659362793,74,43.04318618774414
8492,4317783.425657973,3157757.097310587,16.084247589111328,74,40.263885498046875
8493,4317883.45089454,3157755.7302029813,5.009329795837402,50,62.58119201660156
8494,4317983.476115062,3157754.363100122,55.71951675415039,92,19.672639846801758
8495,4318083.501319506,3157752.9960020143,84.24629974365234,94,0
8496,4318183.526507847,3157751.6289086556,83.0910415649414,97,0
8497,4318283.551680048,3157750.2618200453,85.489532470703125,94,0
8498,4318383.576836082,3157748.8947361843,85.94688415527344,93,0
8499,4318483.601975917,3157747.5276570753,88.47099304199219,99,0
8500,4318583.6270995205,3157746.1605827184,89.67095184326172,100,0
8501,4318683.652206867,3157744.793513113,85.97064208984375,95,0
8502,4318783.677297922,3157743.4264482604,85.8957748413086,98,0
8503,4318883.702372654,3157742.059388163,85.3436508178711,91,0
8504,4318983.727431034,3157740.692332815,84.5945816040039,91,0
8505,4319083.752473032,3157739.325282219,85.42884826660156,94,0
8506,4319183.777498617,3157737.9582363795,84.70062255859375,91,0
8507,4319283.802507756,3157736.5911952946,83.58800506591797,90,0
8508,4319383.827500421,3157735.224158966,17.322399139404297,90,0
8509,4319483.852476581,3157733.8571273875,0,0,0
8510,4319583.877436204,3157732.4901005644,0,0,0
8511,4319683.9023792595,3157731.1230784985,61.13167953491211,94,0
8512,4319783.927305718,3157729.7560611907,87.61497497558594,97,0
8513,4319883.952215547,3157728.38904864,84.71855926513672,92,0
8514,4319983.977108715,3157727.022040845,84.0931396484375,90,0
8515,4320084.001985198,3157725.6550378087,86.96083068847656,97,0
8516,4320184.026844957,3157724.2880395297,89.957366943359375,100,0
8517,4320284.051687966,3157722.921046007,88.622314453125,99,0
8518,4320384.076514193,3157721.5540572465,88.86256408691406,97,0
8519,4320484.101323608,3157720.1870732415,88.293792724609375,98,0
8520,4320584.126116178,3157718.8200939964,90.9124984741211,98,0
8521,4320684.150891876,3157717.4531195154,90.2971420288086,98,0
8522,4320784.175650668,3157716.086149793,90.68639373779297,98,0
8523,4320884.200392526,3157714.71918483,91.01338958740234,100,0
8524,4320984.225117416,3157713.352224628,94.96309661865234,100,0
8525,4321084.24982531,3157711.9852691866,91.61132049560547,100,0
8526,4321184.274516178,3157710.6183185107,90.55388641357422,97,0
8527,4321284.299189987,3157709.2513725962,61.79680252075195,99,0
8528,4321384.323846706,3157707.8844314455,83.99750518798828,100,0
8529,4321484.348486307,3157706.5174950575,65.45501708984375,100,0
8530,4321584.373108758,3157705.1505634356,91.28998565673828,100,0
8531,4321684.397714027,3157703.783636574,74.77509307861328,100,0
8532,4321784.422302085,3157702.4167144746,78.89550018310547,94,0
8533,4321884.4468729,3157701.0497971447,76.05596923828125,98,0
8534,4321984.471426443,3157699.6828845814,68.2990951538086,96,0
8535,4322084.495962682,3157698.3159767804,79.89018249511719,92,0
8536,4322184.520481587,3157696.9490737463,69.66522216796875,99,0
8537,4322284.544983127,3157695.58217548,91.36796569824219,100,0
8538,4322384.56946727,3157694.2152819806,92.393096923828125,100,0
8539,4322484.59393399,3157692.8483932475,95.61009216308594,100,0
8540,4322584.618383249,3157691.481509282,92.48353576660156,100,0
8541,4322684.642815022,3157690.114630085,94.93910217285156,100,0
8542,4322784.667229277,3157688.7477556583,95.12847900390625,100,0
8543,4323184.764710495,3157683.280305643,93.22105407714844,100,0
8544,4323284.789036698,3157681.9134550667,92.60490417480469,100,0
8545,4323384.813345196,3157680.546609261,92.93212890625,100,0
8546,4323484.837635961,3157679.179768228,91.74877166748047,100,0
8547,4323584.861908965,3157677.8129319646,91.50140380859375,100,0
8601,4312680.750944325,3157726.799921974,8.0811920166015625,60,73.178497314453125
8602,4312780.77696023,3157725.432588204,0.23921526968479156,48,94.48799133300781
8603,4312880.802961658,3157724.065259183,14.926440238952637,82,39.014034271240234
8604,4312980.828948576,3157722.697934907,52.62929153442383,94,7.838434219360352
8605,4313080.854920951,3157721.3306153775,30.153167724609375,73,25.071687698364258
8606,4313180.880878755,3157719.9633005937,26.242359161376953,78,29.53365135192871
8607,4313280.906821955,3157718.595990559,9.362591743469238,54,19.839218139648438
8608,4313380.932750524,3157717.2286852715,8.575069427490234,55,47.216888427734375
8609,4313480.958664428,3157715.861384734,7.293271541595459,56,56.423072814941406
8610,4313580.984563638,3157714.4940889454,10.024046897888184,57,23.728776931762695
8611,4313681.010448123,3157713.1267979047,2.188833475112915,51,78.17957305908203
8612,4313781.036317851,3157711.759511613,0,0,98.460723876953125
8613,4313881.062172792,3157710.3922300725,0,0,99.7567367553711
8614,4313981.088012914,3157709.024953286,3.0293023586273193,52,78.45352935791016
8615,4314081.113838195,3157707.6576812495,8.11796760559082,63,78.06165313720703
8616,4314181.13964859,3157706.2904139627,0,0,93.9986343383789
8617,4314281.165444078,3157704.9231514307,0.3315945267677307,61,68.30956268310547
8618,4314381.191224626,3157703.5558936507,1.0386568307876587,60,49.22482681274414
8619,4314481.216990204,3157702.1886406224,65.78289794921875,99,9.060758590698242
8620,4314581.242740778,3157700.8213923443,84.0792007446289,99,0
8621,4314681.268476322,3157699.4541488215,76.03642272949219,97,0
8622,4314781.294196801,3157698.086910053,70.25139617919922,93,0
8623,4314881.319902188,3157696.719676036,77.4954833984375,100,0
8624,4314981.34559245,3157695.352446775,74.49626922607422,100,8.608392715454102
8625,4315081.371267558,3157693.985222271,39.414424896240234,97,23.720823287963867
8626,4315181.396927481,3157692.618002525,34.4008674621582,87,23.466747283935547
8627,4315281.422572186,3157691.2507875306,28.917789459228516,91,24.847732543945312
8628,4315381.448201643,3157689.883577296,34.83462142944336,75,23.442472457885742
8629,4315481.473815824,3157688.5163718187,3.465841054916382,52,25.233346939086914
8630,4315581.499414696,3157687.149171094,2.0346009731292725,49,73.9332046508789
8631,4315681.524998229,3157685.781975129,3.196678638458252,57,77.431671142578125
8632,4315781.550566392,3157684.414783923,0.867982029914856,35,76.47760009765625
8633,4315881.576119154,3157683.047597478,8.092214584350586,53,58.72544860839844
8634,4315981.601656484,3157681.6804157905,3.704380750656128,59,62.57575607299805
8635,4316081.627178354,3157680.3132388596,7.421906471252441,55,75.72382354736328
8636,4316181.652684731,3157678.9460666897,20.180505752563477,82,51.48396682739258
8637,4316281.678175584,3157677.5788992792,19.216991424560547,76,51.17748260498047
8638,4316381.703650884,3157676.2117366306,15.838275909423828,69,63.48067092895508
8639,4316481.729110599,3157674.8445787444,12.214666366577148,70,64.46886444091797
8640,4316581.754554697,3157673.47742562,36.26837921142578,82,34.33159255981445
8641,4316681.779983152,3157672.1102772583,35.114768981933594,82,36.112117767333984
8642,4316781.805395927,3157670.743133658,6.507802486419678,73,66.94489288330078
8643,4316881.830792997,3157669.3759948164,15.369544982910156,73,50.3546257019043
8644,4316981.856174328,3157668.00886074,28.306596755981445,72,35.17009735107422
8645,4317081.88153989,3157666.641731428,26.447412490844727,76,35.32204055786133
8646,4317181.906889651,3157665.274606878,24.222341537475586,76,39.18467330932617
8647,4317281.9322235845,3157663.907487095,10.343707084655762,76,57.268375396728516
8648,4317381.957541657,3157662.5403720774,10.33893871307373,62,60.82746124267578
8649,4317481.982843836,3157661.173261822,15.870274543762207,66,43.1043815612793
8650,4317582.008130094,3157659.80615633,11.352644920349121,69,48.95799255371094
8651,4317682.033400397,3157658.4390556077,15.084450721740723,69,44.46861267089844
8652,4317782.058654719,3157657.0719596553,17.56105613708496,68,40.64055633544922
8653,4317882.083893024,3157655.7048684675,20.832056045532227,62,46.42218017578125
8654,4317982.109115286,3157654.3377820426,55.14742660522461,90,22.742551803588867
8655,4318082.134321474,3157652.97070039,85.92572021484375,95,0
8656,4318182.159511552,3157651.6036235048,82.6842041015625,94,0
8657,4318282.184685494,3157650.2365513844,88.18196868896484,96,0
8658,4318382.209843267,3157648.8694840358,85.4739990234375,96,0
8659,4318482.234984844,3157647.5024214564,89.76512908935547,99,0
8660,4318582.260110192,3157646.135363647,89.55726623535156,97,0
8661,4318682.285219276,3157644.7683106065,87.62552642822266,96,0
8662,4318782.310312073,3157643.4012623373,87.0096664428711,97,0
8663,4318882.335388549,3157642.03421884,86.189788818359375,94,0
8664,4318982.36044867,3157640.667180115,86.0078125,91,0
8665,4319082.3854924105,3157639.3001461606,87.36897277832031,96,0
8666,4319182.410519737,3157637.933116975,83.2075424194336,89,0
8667,4319282.43553062,3157636.566092565,82.54108428955078,92,0
8668,4319382.460525029,3157635.19907293,68.67444610595703,91,0
8669,4319482.485502931,3157633.832058068,51.3859748840332,90,0
8670,4319582.510464296,3157632.4650479765,6.396043300628662,73,0
8671,4319682.535409097,3157631.0980426613,79.36861419677734,93,0
8672,4319782.5603372995,3157629.7310421215,84.56756591796875,92,0
8673,4319882.585248873,3157628.364046356,83.9234390258789,92,0
8674,4319982.610143788,3157626.997055368,83.090423583984375,91,0
8675,4320082.635022013,3157625.630069154,81.94815826416016,88,0
8676,4320182.659883519,3157624.263087717,81.934661865234375,93,0
8677,4320282.684728273,3157622.8961110557,92.75225067138672,100,0
8678,4320382.709556246,3157621.5291391723,96.95561981201172,100,0
8679,4320482.734367405,3157620.162172066,91.71928405761719,100,0
8680,4320582.759161723,3157618.7952097375,93.36962127685547,100,0
8681,4320682.783939168,3157617.4282521894,95.76885986328125,100,0
8682,4320782.808699707,3157616.0612994186,94.67774963378906,100,0
8683,4320882.833443309,3157614.6943514277,96.429443359375,100,0
8684,4320982.858169948,3157613.327408218,92.79402160644531,100,0
8685,4321082.88287959,3157611.960469784,89.03275299072266,100,0
8686,4321182.907572205,3157610.5935361343,84.84956359863281,99,0
8687,4321282.932247762,3157609.226607262,89.34342193603516,100,0
8688,4321382.95690623,3157607.8596831737,94.04237365722656,100,0
8689,4321482.981547578,3157606.4927638704,94.49845123291016,100,0
8690,4321583.006171777,3157605.1258493476,70.880157470703125,99,0
8691,4321683.030778794,3157603.7589396033,5.291656970977783,93,0
8692,4321783.055368603,3157602.3920346424,3.6016948223114014,89,0
8693,4321883.079941168,3157601.025134468,0,0,0
8694,4321983.10449646,3157599.658239077,0.18859140574932098,56,0
8695,4322083.129034449,3157598.2913484685,30.12757110595703,83,0
8696,4322183.153555103,3157596.924462647,64.30498504638672,98,0
8697,4322283.178058394,3157595.5575816105,93.644500732421875,100,0
8698,4322383.20254429,3157594.190705357,97.62574005126953,100,0
8699,4322483.227012756,3157592.8238338903,97.31328582763672,100,0
8753,4312679.383869174,3157626.773759475,2.2943458557128906,60,76.48907470703125
8754,4312779.409886816,3157625.406441183,0,0,100.00000762939453
8755,4312879.435889977,3157624.0391276567,0,0,97.11433410644531
8756,4312979.461878627,3157622.671818895,13.821460723876953,82,51.70820999145508
8757,4313079.487852735,3157621.3045148975,18.216480255126953,71,9.899981498718262
8758,4313179.513812274,3157619.9372156654,7.235833644866943,66,11.324699401855469
8759,4313279.539757209,3157618.569921198,6.992769241333008,70,9.004317283630371
8760,4313379.565687511,3157617.2026315005,9.104700088500977,71,64.01081085205078
8761,4313479.591603151,3157615.835346569,1.9910759925842285,48,82.15351104736328
8762,4313579.617504095,3157614.4680664064,1.0640493631362915,34,75.70897674560547
8763,4313679.643390316,3157613.10079101,1.9144560098648071,38,73.27933502197266
8764,4313779.669261778,3157611.73352038,2.925102710723877,44,81.016937255859375
8765,4313879.695118456,3157610.36625452,0,0,98.88738250732422
8766,4313979.720960317,3157608.9989934317,2.334693193435669,48,69.04463958740234
8767,4314079.746787328,3157607.6317371116,7.622983455657959,61,64.46954345703125
8768,4314179.772599462,3157606.26448556,11.4049711227417,67,58.036922454833984
8769,4314279.798396687,3157604.8972387807,0.227163165807724,39,81.09413146972656
8770,4314379.824178972,3157603.529996771,6.711633682250977,59,70.47821044921875
8771,4314479.849946286,3157602.162759533,48.86744689941406,92,18.941747665405273
8772,4314579.875698597,3157600.795527067,82.67524719238281,94,0
8773,4314679.901435881,3157599.4282993716,79.29210662841797,95,0
8774,4314779.927158098,3157598.0610764497,80.03874206542969,97,0.3204711079597473
8775,4314879.952865222,3157596.6938583003,50.33125305175781,91,4.696543216705322
8776,4314979.978557223,3157595.3266449235,37.54994201660156,91,11.26053237915039
8777,4315080.00423407,3157593.9594363193,46.981021881103516,93,9.664097785949707
8778,4315180.02989573,3157592.592232492,25.156394958496094,86,28.287710189819336
8779,4315280.055542175,3157591.2250334355,9.782788276672363,62,40.257747650146484
8780,4315380.081173372,3157589.8578391583,32.41753005981445,75,20.320669174194336
8781,4315480.106789293,3157588.4906496555,12.907214164733887,66,6.741791248321533
8782,4315580.132389904,3157587.123464925,0.2997901737689972,30,68.92094421386719
8783,4315680.157975176,3157585.7562849745,3.9779067039489746,40,76.0997314453125
8784,4315780.183545081,3157584.3891097996,16.411365509033203,66,55.54823303222656
8785,4315880.209099584,3157583.0219394015,8.73705768585205,65,69.63370513916016
8786,4315980.2346386565,3157581.6547737806,3.972661256790161,49,76.8053970336914
8787,4316080.260162265,3157580.2876129365,6.03110408782959,50,68.683502197265625
8788,4316180.285670385,3157578.920456872,22.82423210144043,85,46.11931228637695
8789,4316280.311162978,3157577.5533055854,11.093636512756348,83,64.816619873046875
8790,4316380.336640021,3157576.186159077,7.347854137420654,83,70.63996887207031
8791,4316480.362101478,3157574.819017351,7.0156965255737305,49,56.73956298828125
8792,4316580.387547319,3157573.4518804057,16.894418716430664,82,46.33613204956055
8793,4316680.412977516,3157572.08474824,6.974209308624268,59,63.06472396850586
8794,4316780.438392035,3157570.7176208524,9.542421340942383,69,57.944068908691406
8795,4316880.463790847,3157569.3504982446,5.424949645996094,55,71.32946014404297
8796,4316980.489173922,3157567.9833804197,12.058510780334473,59,54.9993896484375
8797,4317080.514541227,3157566.6162673775,13.215189933776855,63,45.57279586791992
8798,4317180.539892734,3157565.249159118,19.622888565063477,65,40.052528381347656
8799,4317280.565228411,3157563.8820556416,9.287701606750488,62,61.349037170410156
8800,4317380.590548225,3157562.514956948,6.160651683807373,49,64.74527740478516
8801,4317480.615852148,3157561.1478630374,14.96183967590332,65,43.19432067871094
8802,4317580.641140152,3157559.7807739098,7.0123209953308105,56,50.48716354370117
8803,4317680.666412202,3157558.4136895677,6.045445919036865,63,55.40985107421875
8804,4317780.691668267,3157557.046610013,5.980508327484131,63,54.55573654174805
8805,4317880.716908321,3157555.6795352437,23.881811141967773,71,42.87409973144531
8806,4317980.7421323275,3157554.312465257,61.718528747558594,93,12.913507461547852
8807,4318080.767340261,3157552.945400058,86.61067962646484,97,0
8808,4318180.7925320845,3157551.5783396433,83.09021759033203,94,0
8809,4318280.817707773,3157550.211284015,84.0478515625,96,0
8810,4318380.842867295,3157548.844233178,88.33787536621094,98,0
8811,4318480.868010618,3157547.47718713,89.97239685058594,100,0
8812,4318580.893137711,3157546.1101458664,90.0823974609375,97,0
8813,4318680.918248546,3157544.743109391,87.36827850341797,96,0
8814,4318780.943343089,3157543.3760777065,86.64128875732422,100,0
8815,4318880.968421313,3157542.0090508107,90.38214874267578,99,0
8816,4318980.993483185,3157540.6420287048,85.926422119140625,95,0
8817,4319081.018528672,3157539.2750113886,87.3165283203125,95,0
8818,4319181.043557748,3157537.907998863,83.84520721435547,92,0
8819,4319281.068570381,3157536.540991128,87.93070220947266,96,0
8820,4319381.093566536,3157535.1739881854,78.5652084350586,91,0
8821,4319481.118546191,3157533.806990035,74.90338897705078,90,0
8822,4319581.143509306,3157532.4399966775,0.4227902293205261,64,0
8823,4319681.168455856,3157531.0730081117,65.9049072265625,97,0
8824,4319781.193385808,3157529.706024341,83.20686340332031,94,0
8825,4319881.218299134,3157528.3390453635,80.15647888183594,89,0
8826,4319981.243195798,3157526.9720711773,77.892730712890625,89,0
8827,4320081.268075774,3157525.605101785,79.48722076416016,89,0
8828,4320181.292939031,3157524.238137192,86.47196197509766,97,0
8829,4320281.317785537,3157522.8711773935,91.87016296386719,100,0
8830,4320381.342615263,3157521.504222387,97.45951080322266,100,0
8831,4320481.367428174,3157520.137272179,97.4568862915039,100,0
8832,4320581.392224245,3157518.770326769,93.69249725341797,100,0
8833,4320681.417003439,3157517.4033861514,95.33489990234375,100,0
8834,4320781.441765731,3157516.0364503334,91.570648193359375,100,0
8835,4320881.466511088,3157514.669519315,92.38294219970703,100,0
8836,4320981.49123948,3157513.3025930948,91.56121063232422,100,0
8837,4321081.515950874,3157511.9356716718,85.83428955078125,100,0
8838,4321181.540645245,3157510.568755048,76.5390625,96,0
8839,4321281.565322555,3157509.2018432207,78.64534759521484,98,0
8840,4321381.589982777,3157507.834936193,91.31562042236328,99,0
8841,4321481.614625881,3157506.46803397,90.86104583740234,99,0
8842,4321581.639251836,3157505.1011365447,22.4794864654541,95,0
8843,4321681.663860608,3157503.7342439224,0,0,0
8844,4321781.688452171,3157502.3673561015,0,0,0
8845,4321881.71302649,3157501.0004730797,0,0,0
8846,4321981.737583539,3157499.63359486,0,0,0
8847,4322081.762123284,3157498.2667214447,12.51212215423584,72,0
8848,4322181.7866456965,3157496.899852836,53.422203063964844,98,0
8849,4322281.811150742,3157495.5329890284,90.65290832519531,100,0
8850,4322381.835638394,3157494.1661300235,94.80155181884766,100,0
8902,4312678.016810518,3157526.7475982755,5.030350685119629,67,76.85713195800781
8903,4312778.042829894,3157525.3802954615,0,0,100.00000762939453
8904,4312878.068834797,3157524.0129974294,0.7922224998474121,48,82.4266586303711
8905,4312978.094825184,3157522.6457041805,32.84769058227539,90,7.890030860900879
8906,4313078.120801035,3157521.278415718,21.53534507751465,83,27.96877098083496
8907,4313178.146762312,3157519.911132036,7.263443470001221,62,64.777587890625
8908,4313278.172708986,3157518.5438531395,0,0,74.25513458251953
8909,4313378.198641033,3157517.176579031,0,0,74.2048110961914
8910,4313478.224558412,3157515.809309705,0,0,99.24018096923828
8911,4313578.250461098,3157514.442045165,1.8438721895217896,39,68.10979461669922
8912,4313678.276349057,3157513.074785412,8.985543251037598,50,48.674102783203125
8913,4313778.302222264,3157511.707530447,10.07116985321045,53,53.176639556884766
8914,4313878.328080683,3157510.340280268,7.51286506652832,78,50.98301315307617
8915,4313978.353924286,3157508.9730348755,24.037372589111328,80,43.83052444458008
8916,4314078.379753041,3157507.6057942724,9.460699081420898,61,49.87321090698242
8917,4314178.405566916,3157506.2385584577,3.656191825866699,59,45.92317581176758
8918,4314278.431365884,3157504.871327432,16.676189422607422,71,41.78289031982422
8919,4314378.457149913,3157503.504101192,11.57623291015625,60,46.35914993286133
8920,4314478.482918968,3157502.136879746,40.30004119873047,90,18.147783279418945
8921,4314578.508673026,3157500.769663089,81.08561706542969,94,0
8922,4314678.534412051,3157499.4024512204,75.35594177246094,100,2.78403902053833
8923,4314778.560136012,3157498.035244144,38.24314498901367,96,14.444129943847656
8924,4314878.585844882,3157496.668041861,52.20010757446289,90,12.168367385864258
8925,4314978.611538626,3157495.300844368,41.93782424926758,91,2.676523447036743
8926,4315078.637217218,3157493.9336516657,17.783565521240234,82,27.542333602905273
8927,4315178.662880624,3157492.566463757,6.718308448791504,62,41.86783218383789
8928,4315278.688528813,3157491.19928064,18.44597053527832,62,36.75307083129883
8929,4315378.714161756,3157489.8321023197,20.547761917114258,80,28.80740737915039
8930,4315478.739779423,3157488.4649287905,45.38980484008789,84,6.846374034881592
8931,4315578.765381781,3157487.0977600566,7.789642333984375,74,11.440818786621094
8932,4315678.7909688,3157485.7305961195,4.868793487548828,74,66.35835266113281
8933,4315778.81654045,3157484.3634369746,0.74947589635849,42,77.03722381591797
8934,4315878.8420967,3157482.996282623,11.592338562011719,55,58.90850067138672
8935,4315978.867637518,3157481.6291330704,3.569002866744995,59,74.188262939453125
8936,4316078.893162877,3157480.2619883134,5.998110771179199,52,70.20350646972656
8937,4316178.918672742,3157478.8948483528,9.651355743408203,97,56.48101806640625
8938,4316278.944167086,3157477.527713189,5.791109085083008,53,65.3327865600586
8939,4316378.9696458755,3157476.1605828237,12.29028034210205,56,56.34723663330078
8940,4316478.99510908,3157474.7934572543,12.866211891174316,64,51.874725341796875
8941,4316579.020556671,3157473.4263364854,35.537841796875,82,29.173904418945312
8942,4316679.0459886165,3157472.0592205143,7.587258815765381,66,59.95856857299805
8943,4316779.071404885,3157470.6921093403,6.007455825805664,61,72.5117416381836
8944,4316879.096805446,3157469.3250029692,7.825567722320557,57,65.69947814941406
8945,4316979.122190271,3157467.957901398,5.843985557556152,59,65.60252380371094
8946,4317079.147559323,3157466.590804625,9.097782135009766,62,52.15874099731445
8947,4317179.17291258,3157465.2237126543,26.8236083984375,74,29.195274353027344
8948,4317279.198250008,3157463.8566254843,7.031299591064453,56,63.43124008178711
8949,4317379.223571573,3157462.4895431153,12.762555122375488,54,58.322669982910156
8950,4317479.24887725,3157461.1224655495,4.015842437744141,53,80.80501556396484
8951,4317579.274167003,3157459.7553927856,3.172319173812866,43,69.44058990478516
8952,4317679.299440804,3157458.388324824,11.021807670593262,56,36.61802673339844
8953,4317779.324698621,3157457.0212616674,10.847343444824219,57,40.60264587402344
8954,4317879.349940425,3157455.6542033153,1.2063838243484497,47,74.75086212158203
8955,4317979.375166184,3157454.2871497655,36.38385772705078,88,16.758373260498047
8956,4318079.400375869,3157452.920101022,70.17438507080078,95,5.140678882598877
8957,4318179.425569448,3157451.5530570806,79.463531494140625,95,0.5600101351737976
8958,4318279.450746887,3157450.1860179445,85.73738861083984,94,0
8959,4318379.475908162,3157448.818983617,88.27767181396484,98,0
8960,4318479.501053237,3157447.451954094,89.5159912109375,98,0
8961,4318579.526182085,3157446.084929381,90.643310546875,99,0
8962,4318679.551294674,3157444.7179094707,89.14830017089844,96,0
8963,4318779.576390971,3157443.3508943683,90.915435791015625,99,0
8964,4318879.601470949,3157441.9838840785,89.75753021240234,97,0
8965,4318979.626534575,3157440.6168785896,87.12310791015625,95,0
8966,4319079.651581818,3157439.249877911,87.12361145019531,97,0
8967,4319179.676612649,3157437.882882044,83.4632339477539,93,0
8968,4319279.701627035,3157436.5158909853,85.261260986328125,96,0
8969,4319379.726624949,3157435.1489047385,81.20390319824219,94,0
8970,4319479.751606356,3157433.7819233015,85.9854507446289,95,0
8971,4319579.776571228,3157432.4149466758,72.01590728759766,90,0
8972,4319679.8015195355,3157431.04797486,86.00373077392578,97,0
8973,4319779.826451245,3157429.681007854,84.489105224609375,96,0
8974,4319879.851366323,3157428.3140456635,84.58113098144531,95,0
8975,4319979.876264748,3157426.947088282,83.1202163696289,96,0
8976,4320079.901146482,3157425.580135715,82.95503997802734,94,0
8977,4320179.926011494,3157424.213187963,88.31103515625,96,0
8978,4320279.950859759,3157422.8462450234,86.47241973876953,100,0
8979,4320379.97569124,3157421.479306896,95.23329162597656,100,0
8980,4320480.000505912,3157420.1123735863,96.90177917480469,100,0
8981,4320580.025303739,3157418.7454450885,92.2366943359375,99,0
8982,4320680.050084696,3157417.3785214066,92.5632553100586,100,0
8983,4320780.074848746,3157416.011602542,91.83199310302734,100,0
8984,4320880.099595862,3157414.644688494,90.70879364013672,99,0
8985,4320980.124326013,3157413.2777792607,87.37664031982422,99,0
8986,4321080.149039169,3157411.9108748483,77.92103576660156,96,0
8987,4321180.173735297,3157410.543975251,40.99177932739258,96,0
8988,4321280.198414369,3157409.1770804683,12.349688529968262,77,0
8989,4321380.223076351,3157407.810190506,52.43333435058594,99,0
8990,4321480.247721215,3157406.443305362,66.41918182373047,98,0
8991,4321580.272348928,3157405.0764250373,0.94725799560546875,68,0
8992,4321680.296959464,3157403.7095495337,2.9660019874572754,49,0
8993,4321780.321552787,3157402.3426788505,0.36323249340057373,49,0
8994,4321880.346128871,3157400.9758129865,0,0,0
8995,4321980.37068768,3157399.608951939,0,0,0
8996,4322080.395229188,3157398.2420957144,1.3784526586532593,58,0
8997,4322180.419753361,3157396.875244314,69.95636749267578,100,0
8998,4322280.444260171,3157395.5083977357,92.564605712890625,100,0
8999,4322380.468749586,3157394.141555982,87.65052795410156,99,0
9050,4312676.649768348,3157426.7214383823,18.393566131591797,81,54.83766174316406
9051,4312776.675789473,3157425.3541510478,0,0,92.79271697998047
9052,4312876.701796117,3157423.986868508,0,0,84.03868103027344
9053,4312976.727788253,3157422.6195907737,14.629881858825684,62,24.32112693786621
9054,4313076.7537658485,3157421.2523178454,7.561194896697998,58,43.8466911315918
9055,4313176.779728874,3157419.8850497142,0.3797314167022705,38,73.77696990966797
9056,4313276.805677296,3157418.5177863897,0.437286376953125,55,82.99394989013672
9057,4313376.831611087,3157417.150527868,1.4848670959472656,55,80.98314666748047
9058,4313476.857530212,3157415.783274147,0.5113122463226318,43,64.18952178955078
9059,4313576.883434646,3157414.416025232,2.3267087936401367,43,64.12504577636719
9060,4313676.909324354,3157413.04878112,1.8036023378372192,36,68.27025604248047
9061,4313776.935199307,3157411.681541818,11.815792083740234,68,50.33781814575195
9062,4313876.961059473,3157410.3143073185,8.686415672302246,66,50.81280517578125
9063,4313976.986904825,3157408.947077627,10.963890075683594,65,37.89687728881836
9064,4314077.012735328,3157407.5798527407,1.0571047067642212,55,70.86222839355469
9065,4314177.038550953,3157406.2126326608,11.538026809692383,75,46.98236083984375
9066,4314277.0643516695,3157404.845417389,18.41548728942871,79,24.452667236328125
9067,4314377.090137446,3157403.4782069228,27.735050201416016,90,18.769819259643555
9068,4314477.115908254,3157402.111001266,54.426395416259766,91,12.485020637512207
9069,4314577.141664059,3157400.7438004185,50.9204216003418,92,14.056568145751953
9070,4314677.167404835,3157399.3766043773,13.837257385253906,92,34.018836975097656
9071,4314777.193130547,3157398.009413147,35.05168533325195,87,15.967683792114258
9072,4314877.218841166,3157396.6422267254,23.230134963989258,84,42.19536209106445
9073,4314977.244536663,3157395.275045115,22.991424560546875,81,24.03374481201172
9074,4315077.270217004,3157393.907868318,31.517309188842773,68,19.843420028686523
9075,4315177.295882162,3157392.5406963294,20.2454776763916,72,38.52040481567383
9076,4315277.321532102,3157391.1735291495,9.58329963684082,61,44.480770111083984
9077,4315377.347166798,3157389.806366785,13.142224311828613,63,39.20743942260742
9078,4315477.372786215,3157388.4392092307,44.094295501708984,83,10.653613090515137
9079,4315577.398390327,3157387.072056491,11.313035011291504,75,24.22748374938965
9080,4315677.423979098,3157385.704908566,3.849350690841675,51,30.27129554748535
9081,4315777.4495525,3157384.3377654515,0,0,93.71453094482422
9082,4315877.475110503,3157382.970627151,8.237774848937988,74,67.52955627441406
9083,4315977.500653076,3157381.6034936644,19.770227432250977,74,49.538352966308594
9084,4316077.526180186,3157380.2363649933,0.7953374981880188,46,91.1939697265625
9085,4316177.551691806,3157378.869241135,0,0,90.06644439697266
9086,4316277.577187903,3157377.502122094,9.899717330932617,56,74.21830749511719
9087,4316377.602668447,3157376.1350078695,9.684577941894531,53,54.84519958496094
9088,4316477.628133407,3157374.7678984613,12.733776092529297,56,50.88917541503906
9089,4316577.653582751,3157373.400793871,8.967316627502441,64,60.27370071411133
9090,4316677.679016451,3157372.0336940936,3.811863422393799,66,74.04109954833984
9091,4316777.704434475,3157370.666599135,4.344094753265381,62,82.56401824951172
9092,4316877.729836793,3157369.299508997,10.816557884216309,62,58.716957092285156
9093,4316977.75522337,3157367.932423678,3.661282539367676,62,64.35391998291016
9094,4317077.780594182,3157366.565343177,1.1924512386322021,58,78.03008270263672
9095,4317177.805949195,3157365.1982674957,1.7493647336959839,53,71.7825927734375
9096,4317277.831288379,3157363.831196633,5.374598026275635,56,63.71369171142578
9097,4317377.856611703,3157362.464130588,4.634740352630615,57,74.35245513916016
9098,4317477.881919133,3157361.097069363,11.961520195007324,60,56.8233528137207
9099,4317577.907210644,3157359.7300129626,11.433564186096191,58,53.35861587524414
9100,4317677.9324862035,3157358.3629613826,5.016837120056152,61,54.215003967285156
9101,4317777.957745778,3157356.9959146236,8.1491241455078125,63,39.04524612426758
9102,4317877.98298934,3157355.6288726907,5.988719463348389,54,64.14954376220703
9103,4317978.008216858,3157354.261835578,31.31040382385254,74,30.14942169189453
9104,4318078.0334283,3157352.8948032884,14.162530899047852,71,44.00836944580078
9105,4318178.058623635,3157351.527775821,45.49221420288086,94,12.100489616394043
9106,4318278.083802838,3157350.160753177,77.5936279296875,92,0
9107,4318378.10896587,3157348.793735358,88.92133331298828,95,0
9108,4318478.134112706,3157347.426722364,86.44657135009766,94,0
9109,4318578.159243314,3157346.0597141953,76.28022766113281,96,3.0902650356292725
9110,4318678.184357662,3157344.692710851,87.11698913574219,95,0
9111,4318778.20945572,3157343.325712335,87.95320129394531,99,0
9112,4318878.234537457,3157341.9587186445,87.80670166015625,100,0
9113,4318978.259602841,3157340.591729778,87.6823959350586,94,0
9114,4319078.284651847,3157339.2247457393,89.38294219970703,98,0
9115,4319178.30968444,3157337.8577665277,85.2769546508789,93,0
9116,4319278.334700589,3157336.490792145,84.99478912353516,96,0
9117,4319378.359700262,3157335.1238225927,88.62211608886719,98,0
9118,4319478.384683431,3157333.7568578687,86.03950500488281,94,0
9119,4319578.409650067,3157332.389897973,37.1498908996582,89,0.3298412263393402
9120,4319678.434600134,3157331.022942908,34.60232925415039,94,0
9121,4319778.459533607,3157329.6559926705,74.55621337890625,93,0
9122,4319878.48445045,3157328.289047263,87.1534194946289,95,0
9123,4319978.509350637,3157326.9221066865,84.55187225341797,96,0
9124,4320078.534234134,3157325.5551709444,83.1846923828125,92,0
9125,4320178.559100911,3157324.188240034,86.88996887207031,92,0
9126,4320278.583950938,3157322.821313954,87.617431640625,96,0
9127,4320378.608784185,3157321.45439271,89.6044692993164,100,0
9128,4320478.633600621,3157320.087476295,92.29663848876953,100,0
9129,4320578.658400212,3157318.7205647123,92.27972412109375,100,0
9130,4320678.683182932,3157317.3536579628,91.49413299560547,100,0
9131,4320778.707948749,3157315.986756051,91.47997283935547,98,0
9132,4320878.732697631,3157314.6198589737,86.6058120727539,97,0
9133,4320978.757429547,3157313.252966731,12.362913131713867,93,0
9134,4321078.782144468,3157311.886079323,21.02831268310547,89,0
9135,4321178.8068423625,3157310.5191967525,59.76329803466797,89,0
9136,4321278.831523199,3157309.152319017,55.76654052734375,91,0
9137,4321378.856186951,3157307.7854461167,35.85929489135742,86,0
9138,4321478.880833579,3157306.4185780543,9.7710599899292,72,0
9139,4321578.905463062,3157305.051714831,3.303053379058838,66,0
9140,4321678.930075363,3157303.6848564446,19.292795181274414,76,0
9141,4321778.954670456,3157302.318002897,0,0,0
9142,4321878.979248305,3157300.9511541883,0,0,0
9143,4321979.003808884,3157299.584310317,0,0,0
9144,4322079.02835216,3157298.217471284,2.3355751037597656,73,0
9145,4322179.052878103,3157296.8506370927,82.47806549072266,97,0
9146,4322279.077386679,3157295.4838077445,95.10334014892578,100,0
9147,4322379.1018778635,3157294.1169832367,91.96185302734375,100,0
9197,4312675.282742669,3157326.695279803,19.274362564086914,81,54.83332061767578
9198,4312775.3087655455,3157325.3280079444,0,0,99.18876647949219
9199,4312875.33477394,3157323.9607409025,0.14861039817333221,27,79.84117889404297
9200,4312975.36076783,3157322.5934786834,0.4909367859363556,37,42.52037811279297
9201,4313075.386747177,3157321.226221286,4.4063720703125,57,64.8031234741211
9202,4313175.412711954,3157319.8589687063,1.6654866933822632,70,56.424827575683594
9203,4313275.438662129,3157318.491720948,9.321722984313965,65,26.755605697631836
9204,4313375.464597671,3157317.124478013,10.543248176574707,67,16.821369171142578
9205,4313475.490518553,3157315.757239901,1.3400697708129883,37,59.417964935302734
9206,4313575.516424737,3157314.3900066125,17.025489807128906,69,48.15128707885742
9207,4313675.5423162,3157313.0227781455,5.20137357711792,61,71.37462615966797
9208,4313775.568192908,3157311.6555545023,7.616036415100098,71,61.626220703125
9209,4313875.594054829,3157310.2883356824,21.031917572021484,78,43.22348403930664
9210,4313975.619901934,3157308.9211216886,13.467418670654297,72,51.52376937866211
9211,4314075.645734192,3157307.553912521,4.136779308319092,67,64.82586669921875
9212,4314175.671551572,3157306.186708177,22.486682891845703,78,43.241390228271484
9213,4314275.697354045,3157304.819508658,35.803688049316406,94,19.343063354492188
9214,4314375.723141576,3157303.4523139657,74.335845947265625,93,1.5539058446884155
9215,4314475.748914139,3157302.0851240978,34.0922966003418,87,29.338529586791992
9216,4314575.774671701,3157300.717939059,1.2339760065078735,52,34.2679328918457
9217,4314675.800414232,3157299.3507588496,27.419485092163086,91,15.622849464416504
9218,4314775.826141701,3157297.9835834634,46.814361572265625,91,10.078925132751465
9219,4314875.851854077,3157296.616412906,26.73677635192871,75,36.42750549316406
9220,4314975.87755133,3157295.249247179,27.356813430786133,70,24.32362937927246
9221,4315075.903233429,3157293.882086282,13.585433959960938,58,32.10935592651367
9222,4315175.928900342,3157292.5149302133,11.263261795043945,63,40.29132843017578
9223,4315275.954552043,3157291.1477789707,12.769779205322266,74,31.49127960205078
9224,4315375.9801884955,3157289.7806325615,6.22014856338501,56,53.54587936401367
9225,4315476.00580967,3157288.4134909837,26.641050338745117,78,20.891803741455078
9226,4315576.031415541,3157287.046354238,31.478164672851562,91,20.903980255126953
9227,4315676.057006069,3157285.6792223216,8.114720344543457,67,0.9478538632392883
9228,4315776.082581231,3157284.3120952365,0.5511109828948975,54,72.84577941894531
9229,4315876.108140993,3157282.9449729887,1.6015900373458862,47,81.02727508544922
9230,4315976.133685325,3157281.5778555665,3.3555960655212402,51,78.18074798583984
9231,4316076.159214196,3157280.2107429802,3.507108211517334,82,79.32958221435547
9232,4316176.184727575,3157278.8436352303,6.3850483894348145,82,67.14008331298828
9233,4316276.210225433,3157277.4765323093,4.579780578613281,63,72.37953186035156
9234,4316376.2357077375,3157276.109434225,10.950858116149902,63,52.330902099609375
9235,4316476.261174457,3157274.742340978,14.451074600219727,70,52.56772994995117
9236,4316576.286625562,3157273.375252565,6.896060943603516,50,59.36783218383789
9237,4316676.312061023,3157272.008168986,4.045091152191162,44,74.66276550292969
9238,4316776.33748081,3157270.6410902427,8.687681198120117,90,66.941314697265625
9239,4316876.362884888,3157269.2740163375,33.162166595458984,90,32.02412796020508
9240,4316976.388273229,3157267.906947268,17.86862564086914,66,42.24144744873047
9241,4317076.413645803,3157266.5398830385,18.896568298339844,68,49.439117431640625
9242,4317176.439002576,3157265.172823646,3.417459011077881,52,72.183807373046875
9243,4317276.464343523,3157263.8057690896,1.420799732208252,43,72.488555908203125
9244,4317376.489668608,3157262.4387193695,6.130555152893066,52,57.6745491027832
9245,4317476.514977803,3157261.0716744903,17.553651809692383,78,50.65897750854492
9246,4317576.540271078,3157259.704634453,25.18711280822754,78,37.431575775146484
9247,4317676.565548399,3157258.337599253,10.951014518737793,64,40.37285614013672
9248,4317776.590809739,3157256.970568894,15.854379653930664,66,28.990537643432617
9249,4317876.616055067,3157255.6035433766,8.4049072265625,60,45.80052947998047
9250,4317976.641284347,3157254.236522699,15.204628944396973,73,46.46192169189453
9251,4318076.666497554,3157252.8695068634,16.11536407470703,73,43.74958801269531
9252,4318176.691694656,3157251.502495869,25.0896053314209,80,32.543888092041016
9253,4318276.71687562,3157250.135489717,45.094120025634766,90,1.4308257102966309
9254,4318376.74204042,3157248.76848841,85.71009063720703,94,0
9255,4318476.767189021,3157247.4014919437,85.94518280029297,93,0
9256,4318576.792321393,3157246.03450032,10.64990520477295,84,41.01109313964844
9257,4318676.817437507,3157244.6675135414,77.2171630859375,94,0.685222864151001
9258,4318776.842537332,3157243.300531608,82.373687744140625,96,0
9259,4318876.867620836,3157241.9335545176,86.17059326171875,93,0
9260,4318976.892687989,3157240.566582272,87.98725891113281,96,0
9261,4319076.917738761,3157239.1996148746,88.7950668334961,97,0
9262,4319176.942773119,3157237.832652322,89.31914520263672,96,0
9263,4319276.967791035,3157236.465694614,84.65624237060547,93,0
9264,4319376.992792478,3157235.098741755,87.14867401123047,94,0
9265,4319477.017777417,3157233.7317937436,82.563018798828125,94,0.08790256828069687
9266,4319577.042745818,3157232.364850579,7.701813697814941,71,20.803001403808594
9267,4319677.067697656,3157230.9979122626,17.162586212158203,76,0.5292669534683228
9268,4319777.092632895,3157229.6309787934,72.06136322021484,88,0
9269,4319877.117551508,3157228.264050174,77.8048324584961,88,0
9270,4319977.142453465,3157226.8971264022,77.5260009765625,90,0
9271,4320077.167338733,3157225.5302074845,81.85726165771484,89,0
9272,4320177.192207278,3157224.163293414,82.97664642333984,89,0
9273,4320277.217059077,3157222.796384196,86.73758697509766,93,0
9274,4320377.241894093,3157221.4294798286,84.29856872558594,99,0
9275,4320477.266712298,3157220.0625803093,86.29009246826172,95,0
9276,4320577.291513663,3157218.6956856423,91.73081970214844,100,0
9277,4320677.316298153,3157217.32879583,95.03709411621094,100,0
9278,4320777.341065741,3157215.961910871,92.89908599853516,99,0
9279,4320877.365816393,3157214.595030763,83.49920654296875,96,0
9280,4320977.390550082,3157213.2281555096,0.7837258577346802,72,0
9281,4321077.415266775,3157211.861285107,0,0,0
9282,4321177.439966442,3157210.4944195603,1.536641001701355,80,0
9283,4321277.464649051,3157209.127558872,29.728485107421875,85,0
9284,4321377.489314574,3157207.760703035,11.083695411682129,86,0
9285,4321477.5139629785,3157206.3938520546,27.631973266601562,86,0
9286,4321577.538594233,3157205.0270059304,52.80160140991211,92,0
9287,4321677.56320831,3157203.660164661,10.50800895690918,66,0
9288,4321777.587805172,3157202.293328248,0,0,0
9289,4321877.612384798,3157200.926496694,0,0,0
9290,4321977.636947149,3157199.559669999,0,0,0
9291,4322077.661492201,3157198.192848162,15.36797046661377,76,0
9292,4322177.686019917,3157196.8260311806,87.62647247314453,98,0
9293,4322277.710530272,3157195.459219059,93.71415710449219,100,0
9343,4312673.91573348,3157226.6691225455,18.472084045410156,78,51.382938385009766
9344,4312773.941758112,3157225.3018661607,1.3755704164505005,54,83.655548095703125
9345,4312873.967768269,3157223.934614616,6.379856109619141,96,69.45945739746094
9346,4312973.993763914,3157222.56736791,21.801982879638672,97,45.40058517456055
9347,4313074.019745021,3157221.2001260454,0.897759199142456,51,92.394134521484375
9348,4313174.0457115555,3157219.8328890167,5.581160545349121,81,38.257022857666016
9349,4313274.07166349,3157218.4656568267,10.691998481750488,81,0.6379282474517822
9350,4313374.097600792,3157217.09842948,3.542140007019043,76,1.0182021856307983
9351,4313474.12352343,3157215.731206974,4.486612796783447,50,59.51441192626953
9352,4313574.149431377,3157214.363989311,6.930141925811768,62,60.359275817871094
9353,4313674.175324599,3157212.9967764895,21.17091178894043,64,28.437517166137695
9354,4313774.201203065,3157211.6295685074,20.22064208984375,78,42.39996337890625
9355,4313874.227066748,3157210.2623653663,4.01331901550293,73,58.827667236328125
9356,4313974.252915614,3157208.895167069,2.52095103263855,79,60.8370246887207
9357,4314074.278749632,3157207.5279736184,28.382539749145508,94,32.25162124633789
9358,4314174.304568775,3157206.160785009,74.6905517578125,94,0.05798172950744629
9359,4314274.330373005,3157204.7936012433,46.771446228027344,90,5.826038837432861
9360,4314374.3561623,3157203.4264223254,8.599653244018555,86,23.32427406311035
9361,4314474.381936626,3157202.059248249,7.186898231506348,60,31.25259780883789
9362,4314574.407695949,3157200.692079016,24.353979110717773,76,20.36165428161621
9363,4314674.433440242,3157199.3249146333,35.083683013916016,91,11.352178573608398
9364,4314774.459169473,3157197.957755095,21.146827697753906,91,36.1434211730957
9365,4314874.484883614,3157196.590600402,12.6134614944458,71,52.73084259033203
9366,4314974.51058263,3157195.223450558,13.782257080078125,79,44.325931549072266
9367,4315074.536266491,3157193.8563055624,20.322885513305664,79,30.95984649658203
9368,4315174.561935169,3157192.4891654137,18.145076751708984,71,36.233299255371094
9369,4315274.587588632,3157191.12203011,16.433134078979492,82,45.89937973022461
9370,4315374.61322685,3157189.7548996564,16.476909637451172,74,36.866973876953125
9371,4315474.638849789,3157188.387774054,27.93525505065918,86,29.628780364990234
9372,4315574.664457423,3157187.0206533005,29.877079010009766,81,13.83431339263916
9373,4315674.690049717,3157185.653537395,0,0,0.5949957966804504
9374,4315774.715626644,3157184.2864263426,3.427603006362915,45,50.56138610839844
9375,4315874.74118817,3157182.9193201433,11.799114227294922,77,67.6970443725586
9376,4315974.7667342685,3157181.5522187874,21.758089065551758,65,46.20698928833008
9377,4316074.792264906,3157180.1851222855,11.213298797607422,92,39.6353759765625
9378,4316174.81778005,3157178.818030639,26.336992263793945,92,31.005287170410156
9379,4316274.843279674,3157177.450943842,15.670365333557129,69,41.91077423095703
9380,4316374.868763744,3157176.083861901,10.61872386932373,66,50.0833854675293
9381,4316474.894232231,3157174.716784811,7.940234661102295,59,68.5336685180664
9382,4316574.919685104,3157173.3497125753,7.487607955932617,59,60.88194274902344
9383,4316674.945122333,3157171.9826451945,2.138298749923706,48,84.86399841308594
9384,4316774.970543885,3157170.615582667,8.38087272644043,69,59.79669189453125
9385,4316874.995949732,3157169.2485249927,25.665454864501953,70,35.504756927490234
9386,4316975.02133984,3157167.8814721736,7.011065483093262,57,59.43389892578125
9387,4317075.046714182,3157166.514424213,17.114547729492188,57,39.1185417175293
9388,4317175.072072726,3157165.1473811097,3.0871012210845947,47,67.18309783935547
9389,4317275.09741544,3157163.7803428615,10.188913345336914,58,48.750526428222656
9390,4317375.122742295,3157162.413309468,1.065185308456421,48,74.50928497314453
9391,4317475.14805326,3157161.046280934,7.3601155281066895,71,67.29840087890625
9392,4317575.173348303,3157159.679257255,5.333765029907227,59,60.876956939697266
9393,4317675.1986273965,3157158.312238436,16.742826461791992,64,30.089860916137695
9394,4317775.223890504,3157156.9452244784,7.140009880065918,60,35.23029708862305
9395,4317875.2491376,3157155.5782153797,16.126346588134766,69,49.25577163696289
9396,4317975.274368652,3157154.211211136,13.416948318481445,64,48.136016845703125
9397,4318075.299583632,3157152.844211755,18.956058502197266,78,48.8708381652832
9398,4318175.324782503,3157151.477217232,14.742792129516602,72,46.60597610473633
9399,4318275.349965241,3157150.110227573,22.556224822998047,88,29.12668800354004
9400,4318375.37513181,3157148.743242776,87.64301300048828,98,0
9401,4318475.400282183,3157147.376262837,88.767669677734375,98,0
9402,4318575.425416328,3157146.009287761,69.8243179321289,95,7.8233160972595215
9403,4318675.450534215,3157144.6423175465,75.31255340576172,92,0.9531275629997253
9404,4318775.475635811,3157143.275352195,71.41826629638672,88,0
9405,4318875.500721087,3157141.9083917076,77.87663269042969,86,0
9406,4318975.525790013,3157140.541436082,84.433563232421875,92,0
9407,4319075.550842558,3157139.174485321,85.80646514892578,92,0
9408,4319175.575878691,3157137.807539428,86.80327606201172,96,0
9409,4319275.60089838,3157136.440598398,81.11212921142578,97,1.468989372253418
9410,4319375.625901598,3157135.073662231,86.53353118896484,95,0
9411,4319475.650888309,3157133.706730932,54.7587776184082,91,7.707512855529785
9412,4319575.675858486,3157132.3398045013,11.86900806427002,80,40.167022705078125
9413,4319675.700812099,3157130.972882932,43.40507888793945,88,9.601922035217285
9414,4319775.725749113,3157129.605966231,73.10022735595703,92,0
9415,4319875.750669503,3157128.239054399,43.44715118408203,82,9.1837005615234375
9416,4319975.775573232,3157126.8721474353,69.06737518310547,85,0
9417,4320075.800460274,3157125.505245337,80.95032501220703,88,0
9418,4320175.825330598,3157124.1383481068,81.63910675048828,89,0
9419,4320275.850184172,3157122.771455749,87.20177459716797,95,0
9420,4320375.875020965,3157121.4045682587,82.06914520263672,95,0
9421,4320475.899840948,3157120.037685637,88.6641616821289,98,0
9422,4320575.924644088,3157118.6708078855,93.972625732421875,100,0
9423,4320675.949430357,3157117.3039350077,94.20716857910156,100,0
9424,4320775.974199721,3157115.9370670007,92.47053527832031,100,0
9425,4320875.998952152,3157114.5702038635,85.28282928466797,100,0
9426,4320976.023687619,3157113.203345598,11.939603805541992,84,0
9427,4321076.048406089,3157111.8364922046,3.0746426582336426,64,0
9428,4321176.073107534,3157110.4696436846,0.26968124508857727,61,0
9429,4321276.097791923,3157109.1028000377,2.886533737182617,60,0
9430,4321376.1224592235,3157107.735961265,1.464877724647522,48,0
9431,4321476.147109407,3157106.3691273658,24.064085006713867,86,0
9432,4321576.171742442,3157105.002298341,29.032550811767578,93,0
9433,4321676.196358297,3157103.635474189,0,0,0
9434,4321776.220956941,3157102.268654913,0,0,0
9435,4321876.245538346,3157100.901840517,0,0,0
9436,4321976.2701024795,3157099.535030993,0,0,0
9437,4322076.2946493095,3157098.1682263496,6.02507209777832,70,0
9438,4322176.319178808,3157096.80142658,84.54390716552734,96,0
9439,4322276.343690943,3157095.434631684,93.628570556640625,100,0
9490,4312672.548740781,3157126.642966611,62.65818786621094,89,8.61202621459961
9491,4312772.574767179,3157125.2757257065,5.294795989990234,71,71.65401458740234
9492,4312872.6007790975,3157123.9084896552,26.40581703186035,100,53.24302673339844
9493,4312972.626776509,3157122.5412584613,62.87709045410156,100,9.8189849853515625
9494,4313072.652759378,3157121.1740321293,8.428729057312012,56,65.8042221069336
9495,4313172.678727679,3157119.8068106533,0,0,86.97715759277344
9496,4313272.704681378,3157118.439594035,2.9710991382598877,70,37.67131805419922
9497,4313372.730620445,3157117.0723822745,19.687671661376953,76,2.806013822555542
9498,4313472.75654485,3157115.7051753723,5.330119609832764,59,56.790584564208984
9499,4313572.782454561,3157114.3379733334,2.073371171951294,62,72.58063507080078
9500,4313672.808349549,3157112.970776154,26.257665634155273,75,25.60540008544922
9501,4313772.834229781,3157111.603583834,9.611981391906738,64,68.7129135131836
9502,4313872.860095231,3157110.2363963746,12.829256057739258,98,62.39668273925781
9503,4313972.885945863,3157108.869213776,61.604454040527344,100,12.98286247253418
9504,4314072.911781648,3157107.502036041,70.62763214111328,95,0.9217958450317383
9505,4314172.937602557,3157106.134863168,20.816003799438477,90,17.975324630737305
9506,4314272.963408559,3157104.767695155,0,0,14.223447799682617
9507,4314372.98919962,3157103.4005320077,0,0,0.07997401058673859
9508,4314473.014975711,3157102.0333737233,1.4789597988128662,40,22.914100646972656
9509,4314573.040736804,3157100.6662203,15.905874252319336,78,17.645009994506836
9510,4314673.066482865,3157099.2990717413,44.014404296875,82,7.292129993438721
9511,4314773.092213865,3157097.9319280507,7.441811561584473,65,50.9451904296875
9512,4314873.117929773,3157096.5647892244,5.967504501342773,60,50.388580322265625
9513,4314973.14363056,3157095.197655259,16.154035568237305,89,4.889525413513184
9514,4315073.169316192,3157093.830526164,7.694514274597168,82,66.731842041015625
9515,4315173.194986639,3157092.463401936,6.485193252563477,66,59.76336669921875
9516,4315273.220641871,3157091.096282574,2.1237010955810547,52,48.28070068359375
9517,4315373.2462818585,3157089.729168075,14.943644523620605,74,45.65086364746094
9518,4315473.27190657,3157088.3620584453,56.34333419799805,87,10.81961727142334
9519,4315573.297515973,3157086.994953686,22.720951080322266,73,21.369108200073242
9520,4315673.32311004,3157085.627853792,13.530533790588379,70,1.3240370750427246
9521,4315773.348688737,3157084.26075877,10.078483581542969,59,37.6082763671875
9522,4315873.374252036,3157082.89366862,7.790256023406982,72,68.59539794921875
9523,4315973.399799904,3157081.5265833335,37.29747772216797,83,29.88381004333496
9524,4316073.425332313,3157080.1595029184,28.76545524597168,88,13.520942687988281
9525,4316173.450849231,3157078.7924273745,19.63239097595215,74,39.11491775512695
9526,4316273.476350627,3157077.425356701,7.997707366943359,67,58.376548767089844
9527,4316373.501836471,3157076.0582909007,32.06843185424805,79,39.67020797729492
9528,4316473.52730673,3157074.6912299693,12.168316841125488,60,61.05623245239258
9529,4316573.552761376,3157073.3241739096,9.664774894714355,64,55.76815414428711
9530,4316673.578200377,3157071.9571227245,10.714644432067871,62,50.02614212036133
9531,4316773.603623704,3157070.590076412,20.969478607177734,61,42.55449676513672
9532,4316873.629031323,3157069.2230349695,15.019659996032715,69,50.95565414428711
9533,4316973.654423206,3157067.855998403,16.20311737060547,63,58.032981872558594
9534,4317073.679799325,3157066.488966713,14.935209274291992,60,48.11225509643555
9535,4317173.705159644,3157065.121939896,7.246620178222656,59,61.94861602783203
9536,4317273.730504131,3157063.7549179536,18.270381927490234,59,42.61048126220703
9537,4317373.755832761,3157062.3879008875,20.774402618408203,76,43.83456039428711
9538,4317473.781145502,3157061.0208886955,3.243330478668213,71,79.79914855957031
9539,4317573.806442319,3157059.6538813785,7.354191780090332,59,55.349365234375
9540,4317673.831723188,3157058.2868789416,14.347142219543457,70,34.28668975830078
9541,4317773.856988073,3157056.9198813825,18.55609703063965,77,42.03685760498047
9542,4317873.882236945,3157055.5528887003,23.65749168395996,72,40.781837463378906
9543,4317973.907469776,3157054.1859008954,17.750503540039062,67,46.45845413208008
9544,4318073.932686529,3157052.818917966,19.06482696533203,65,47.11210632324219
9545,4318173.95788718,3157051.451939918,20.15023422241211,64,40.650203704833984
9546,4318273.983071694,3157050.08496675,11.31218147277832,63,44.343299865722656
9547,4318374.008240042,3157048.7179984604,64.7497329711914,95,9.300089836120605
9548,4318474.033392192,3157047.35103505,89.78755950927734,96,0
9549,4318574.058528115,3157045.9840765214,91.29286193847656,97,0
9550,4318674.08364778,3157044.6171228713,89.19263458251953,99,0
9551,4318774.108751155,3157043.2501741024,72.77593231201172,96,0
9552,4318874.133838211,3157041.883230219,29.877870559692383,96,0
9553,4318974.158908916,3157040.516291216,66.43256378173828,86,0
9554,4319074.18396324,3157039.1493570935,84.84258270263672,93,0
9555,4319174.209001152,3157037.782427856,86.30826568603516,93,0
9556,4319274.234022621,3157036.4155035005,86.420867919921875,96,0
9557,4319374.259027618,3157035.048584026,79.22929382324219,91,0
9558,4319474.284016112,3157033.681669441,86.52705383300781,98,0.003018089570105076
9559,4319574.308988068,3157032.314759741,37.52090072631836,91,5.30264139175415
9560,4319674.333943461,3157030.947854922,31.873077392578125,97,19.336523056030273
9561,4319774.358882259,3157029.580954988,93.018157958984375,100,0
9562,4319874.383804427,3157028.2140599433,86.17841339111328,100,0
9563,4319974.408709941,3157026.8471697834,79.35142517089844,96,0
9564,4320074.433598763,3157025.480284507,84.401641845703125,97,0
9565,4320174.45847087,3157024.1134041194,82.75031280517578,94,0
9566,4320274.4833262265,3157022.7465286218,87.223175048828125,96,0
9567,4320374.508164803,3157021.37965801,84.104949951171875,96,0
9568,4320474.532986566,3157020.0127922846,88.275848388671875,99,0
9569,4320574.557791489,3157018.6459314497,94.76453399658203,100,0
9570,4320674.582579541,3157017.2790755057,95.0074462890625,100,0
9571,4320774.607350689,3157015.9122244488,95.61381530761719,100,0
9572,4320874.632104903,3157014.545378283,96.02781677246094,100,0
9573,4320974.656842154,3157013.1785370074,65.4203872680664,98,0
9574,4321074.681562411,3157011.8117006216,48.58274841308594,98,0
9575,4321174.70626564,3157010.444869129,42.22406768798828,94,0
9576,4321274.730951813,3157009.0780425253,4.378271579742432,81,0
9577,4321374.755620901,3157007.711220815,0.8029515147209167,45,0
9578,4321474.780272868,3157006.344404,17.325876235961914,74,0
9579,4321574.804907688,3157004.9775920734,18.307024002075195,93,0
9580,4321674.829525328,3157003.610785039,6.650636672973633,57,0
9581,4321774.8541257605,3157002.2439829004,0.2106182873249054,59,0
9582,4321874.878708951,3157000.877185657,8.22871208190918,78,0
9583,4321974.90327487,3156999.5103933066,0.522256076335907,85,0
9584,4322074.927823488,3156998.143605854,48.21662521362305,97,0
9585,4322174.952354773,3156996.7768232967,77.72550201416016,94,0
9586,4322274.976868695,3156995.410045629,86.17945098876953,96,0
9637,4312671.181764575,3157026.6168120094,56.315311431884766,91,8.37693977355957
9638,4312771.20779274,3157025.249586583,12.505158424377441,83,59.93133544921875
9639,4312871.233806429,3157023.8823660263,13.70339298248291,95,31.748777389526367
9640,4312971.2598056095,3157022.5151503473,17.991268157958984,88,19.774059295654297
9641,4313071.285790252,3157021.1479395456,2.273745059967041,53,62.36526870727539
9642,4313171.311760323,3157019.78073362,1.858252763748169,49,69.75977325439453
9643,4313271.337715793,3157018.4135325705,2.438215732574463,49,43.38916778564453
9644,4313371.36365663,3157017.0463363975,22.456275939941406,78,7.001282215118408
9645,4313471.389582807,3157015.679145102,7.192615509033203,50,36.281150817871094
9646,4313571.415494292,3157014.311958689,4.172587871551514,55,67.13607025146484
9647,4313671.441391051,3157012.9447771497,17.813743591308594,84,47.86262512207031
9648,4313771.4672730565,3157011.5776004894,44.783660888671875,94,25.991180419921875
9649,4313871.493140278,3157010.210428711,77.49181365966797,96,0.6787511110305786
9650,4313971.518992682,3157008.8432618123,43.825408935546875,98,9.099211692810059
9651,4314071.544830242,3157007.4760997957,3.182793378829956,69,25.324771881103516
9652,4314171.5706529245,3157006.1089426577,0.3046170771121979,49,16.840328216552734
9653,4314271.596460698,3157004.7417903976,0,0,0.7451786994934082
9654,4314371.6222535325,3157003.3746430194,0,0,0
9655,4314471.6480314,3157002.007500525,5.621082305908203,60,8.827238082885742
9656,4314571.673794267,3157000.640362913,15.65219497680664,72,22.905075073242188
9657,4314671.699542102,3156999.273230183,46.72289276123047,98,11.077499389648438
9658,4314771.725274879,3156997.906102338,10.359846115112305,87,50.68866729736328
9659,4314871.750992563,3156996.538979374,13.233694076538086,60,41.9307975769043
9660,4314971.776695121,3156995.1718612933,6.5017852783203125,66,17.709739685058594
9661,4315071.802382531,3156993.8047480974,22.80650520324707,69,47.26042556762695
9662,4315171.828054753,3156992.4376397883,37.789180755615234,74,27.152273178100586
9663,4315271.8537117615,3156991.0705363653,21.017440795898438,68,31.283342361450195
9664,4315371.879353524,3156989.703437825,44.77593994140625,83,19.281055450439453
9665,4315471.904980013,3156988.3363441695,47.15635299682617,86,16.866687774658203
9666,4315571.930591193,3156986.969255402,15.31123161315918,64,22.244298934936523
9667,4315671.956187036,3156985.6021715202,6.873652458190918,61,11.802230834960938
9668,4315771.981767512,3156984.2350925277,0.2243112474679947,50,58.940589904785156
9669,4315872.007332589,3156982.868018425,4.501256465911865,65,75.1805191040039
9670,4315972.032882235,3156981.500949208,30.369850158691406,79,11.649229049682617
9671,4316072.0584164215,3156980.1338848793,27.212228775024414,79,23.09716033935547
9672,4316172.083935117,3156978.766825439,12.373139381408691,66,43.724220275878906
9673,4316272.109438291,3156977.399770888,1.792405128479004,46,66.69197845458984
9674,4316372.134925914,3156976.0327212256,15.6707763671875,76,42.81938552856445
9675,4316472.160397952,3156974.665676453,13.118790626525879,65,50.65349197387695
9676,4316572.185854377,3156973.2986365743,6.970040798187256,62,59.185298919677734
9677,4316672.2112951595,3156971.931601583,8.862613677978516,59,59.00294494628906
9678,4316772.236720265,3156970.564571484,11.849030494689941,67,63.80268096923828
9679,4316872.262129664,3156969.197546276,5.775722026824951,60,62.30070877075195
9680,4316972.28752333,3156967.8305259626,9.406621932983398,55,53.135318756103516
9681,4317072.312901226,3156966.4635105426,11.851521492004395,61,41.0229377746582
9682,4317172.338263325,3156965.0965000126,19.701475143432617,68,33.60693359375
9683,4317272.363609596,3156963.7294943766,17.231414794921875,64,40.811988830566406
9684,4317372.388940007,3156962.362493634,39.04787826538086,85,24.795116424560547
9685,4317472.414254528,3156960.995497786,4.844295978546143,62,73.5601806640625
9686,4317572.4395531295,3156959.628506834,30.041812896728516,72,29.038877487182617
9687,4317672.464835779,3156958.261520778,9.277850151062012,56,47.56784439086914
9688,4317772.490102446,3156956.8945396175,22.948190689086914,59,39.20751953125
9689,4317872.515353103,3156955.5275633503,18.357301712036133,52,41.841392517089844
9690,4317972.540587713,3156954.1605919795,28.626405715942383,83,38.88684844970703
9691,4318072.565806252,3156952.793625505,16.455596923828125,68,42.98161697387695
9692,4318172.591008685,3156951.426663932,9.399322509765625,55,41.6722297668457
9693,4318272.616194983,3156950.0597072546,15.286816596984863,52,40.26869583129883
9694,4318372.641365114,3156948.692755474,24.202199935913086,88,27.380334854125977
9695,4318472.666519048,3156947.3258085917,86.29413604736328,95,0
9696,4318572.691656756,3156945.958866609,89.2217788696289,97,0
9697,4318672.716778205,3156944.5919295247,87.77539825439453,96,0
9698,4318772.741883365,3156943.22499734,87.78111267089844,97,0
9699,4318872.7669722065,3156941.858070058,87.18357849121094,96,0
9700,4318972.792044696,3156940.4911476737,81.783355712890625,96,0
9701,4319072.817100806,3156939.1242301897,86.99262237548828,95,0
9702,4319172.842140504,3156937.75731761,88.509857177734375,98,0
9703,4319272.867163759,3156936.3904099297,87.68959045410156,97,0
9704,4319372.892170543,3156935.0235071513,84.14777374267578,92,0
9705,4319472.917160822,3156933.6566092772,87.30311584472656,99,0
9706,4319572.942134566,3156932.289716307,74.83815002441406,98,0
9707,4319672.967091746,3156930.9228282394,88.35621643066406,100,0
9708,4319772.99203233,3156929.555945073,92.83185577392578,100,0
9709,4319873.016956287,3156928.189066811,96.19976043701172,100,0
9710,4319973.041863587,3156926.8221934554,89.68798828125,100,0
9711,4320073.066754199,3156925.455325005,84.2912826538086,94,0
9712,4320173.091628093,3156924.0884614587,85.31018829345703,93,0
9713,4320273.116485236,3156922.721602821,86.82926177978516,96,0
9714,4320373.141325601,3156921.3547490872,84.15205383300781,90,0
9715,4320473.166149155,3156919.9879002585,85.17987060546875,93,0
9716,4320573.190955869,3156918.6210563397,90.15926361083984,95,0
9717,4320673.21574571,3156917.254217329,92.43855285644531,99,0
9718,4320773.240518646,3156915.8873832244,96.874847412109375,100,0
9719,4320873.265274653,3156914.5205540294,89.9875717163086,100,0
9720,4320973.290013692,3156913.153729742,30.765403747558594,95,0
9721,4321073.314735739,3156911.7869103653,27.993907928466797,91,0
9722,4321173.339440759,3156910.4200958973,26.424985885620117,94,0
9723,4321273.364128726,3156909.053286339,6.45521879196167,72,0
9724,4321373.388799601,3156907.6864816905,0,0,0
9725,4321473.413453362,3156906.3196819546,0,0,0
9726,4321573.438089973,3156904.952887129,0,0,0
9727,4321673.462709405,3156903.5860972134,8.135226249694824,66,0
9728,4321773.48731163,3156902.2193122106,9.4794340133667,70,0
9729,4321873.511896614,3156900.8525321204,29.871522903442383,92,0
9730,4321973.536464323,3156899.485756943,71.000518798828125,100,0
9731,4322073.561014736,3156898.1189866825,90.58196258544922,97,0
9732,4322173.585547813,3156896.7522213343,90.894134521484375,100,0
9733,4322273.610063529,3156895.3854608983,85.56014251708984,94,0
9783,4312669.814804856,3156926.5906587443,70.09662628173828,100,0.42845067381858826
9784,4312769.840834799,3156925.223448795,51.18313980102539,100,6.0888848304748535
9785,4312869.866850264,3156923.8562437356,24.975175857543945,89,27.857627868652344
9786,4312969.892851222,3156922.489043571,1.0550849437713623,49,82.7508544921875
9787,4313069.9188376395,3156921.121848299,7.871829986572266,60,34.59437942504883
9788,4313169.944809488,3156919.7546579237,2.513730049133301,52,72.168365478515625
9789,4313269.970766735,3156918.3874724433,0,0,93.08440399169922
9790,4313369.996709351,3156917.020291858,3.892333745956421,58,43.2183723449707
9791,4313470.022637306,3156915.65311617,19.575761795043945,81,25.878244400024414
9792,4313570.048550567,3156914.2859453806,39.971134185791016,97,23.69727325439453
9793,4313670.074449105,3156912.918779485,86.71223449707031,99,0.491484671831131
9794,4313770.100332891,3156911.5516184857,62.67913055419922,94,2.8482532501220703
9795,4313870.126201889,3156910.1844623857,18.10967445373535,90,8.73792839050293
9796,4313970.152056074,3156908.817311184,2.3732831478118896,69,10.542407989501953
9797,4314070.177895412,3156907.4501648843,0,0,6.253892421722412
9798,4314170.203719874,3156906.083023481,0,0,0
9799,4314270.2295294255,3156904.715886975,0,0,0
9800,4314370.255324043,3156903.3487553718,0,0,0
9801,4314470.281103689,3156901.981628668,2.2293460369110107,49,9.483057975769043
9802,4314570.306868337,3156900.6145068617,20.80867576599121,85,23.518220901489258
9803,4314670.332617954,3156899.2473899587,38.44225311279297,89,10.261489868164062
9804,4314770.358352511,3156897.8802779578,14.773601531982422,89,37.16991424560547
9805,4314870.384071974,3156896.5131708574,6.634507179260254,62,48.373844146728516
9806,4314970.409776317,3156895.146068663,43.26290512084961,73,6.561015605926514
9807,4315070.435465505,3156893.778971371,27.342445373535156,83,30.637815475463867
9808,4315170.461139511,3156892.4118789807,26.968252182006836,83,4.425839424133301
9809,4315270.486798303,3156891.0447914917,48.229393005371094,80,3.2656490802764893
9810,4315370.5124418475,3156889.6777089084,68.1378402709961,97,1.8045636415481567
9811,4315470.538070117,3156888.31063123,25.221450805664062,88,29.80540657043457
9812,4315570.563683081,3156886.9435584536,11.832754135131836,64,17.757326126098633
9813,4315670.589280709,3156885.576490584,20.5030574798584,63,19.464710235595703
9814,4315770.614862966,3156884.2094276207,1.477702260017395,57,27.577058792114258
9815,4315870.640429827,3156882.8423695643,9.973055839538574,60,61.494510650634766
9816,4315970.665981257,3156881.4753164155,22.527984619140625,80,19.83003044128418
9817,4316070.691517229,3156880.108268171,12.896279335021973,80,71.01569366455078
9818,4316170.717037709,3156878.7412248338,2.0643839836120605,52,44.07878494262695
9819,4316270.742542669,3156877.3741864054,7.17175817489624,51,36.664615631103516
9820,4316370.768032075,3156876.007152886,6.157650947570801,46,48.274078369140625
9821,4316470.7935059,3156874.6401242726,20.404483795166016,60,44.90675354003906
9822,4316570.818964111,3156873.273100571,16.900222778320312,69,41.432064056396484
9823,4316670.8444066765,3156871.9060817775,9.651993751525879,69,65.37711334228516
9824,4316770.86983357,3156870.539067892,9.823519706726074,61,51.67282485961914
9825,4316870.895244756,3156869.172058917,16.47286033630371,69,51.30964660644531
9826,4316970.920640206,3156867.8050548546,11.401017189025879,54,63.520263671875
9827,4317070.946019891,3156866.438055704,12.858758926391602,66,51.111209869384766
9828,4317170.971383776,3156865.0710614626,18.88332748413086,76,43.38447189331055
9829,4317270.996731834,3156863.7040721346,13.44205093383789,63,40.78732681274414
9830,4317371.022064031,3156862.3370877155,20.17804527282715,69,40.43214797973633
9831,4317471.047380342,3156860.9701082134,4.106866359710693,58,72.362884521484375
9832,4317571.072680731,3156859.6031336235,2.668149471282959,50,77.37320709228516
9833,4317671.097965169,3156858.2361639454,0,0,95.72408294677734
9834,4317771.123233625,3156856.869199183,4.544075012207031,54,47.8238410949707
9835,4317871.148486068,3156855.5022393344,19.034648895263672,54,31.44280242919922
9836,4317971.173722469,3156854.1352843987,45.168182373046875,92,17.42029571533203
9837,4318071.198942797,3156852.7683343804,77.30233001708984,99,4.189549922943115
9838,4318171.224147019,3156851.401389277,26.093135833740234,81,37.761287689208984
9839,4318271.249335106,3156850.0344490902,12.149694442749023,57,42.03041076660156
9840,4318371.274507027,3156848.66751382,9.495816230773926,68,50.034645080566406
9841,4318471.299662753,3156847.3005834664,47.42789840698242,93,17.372713088989258
9842,4318571.3248022515,3156845.9336580285,53.64900207519531,93,14.776285171508789
9843,4318671.34992549,3156844.5667375103,56.366477966308594,93,0.9614384770393372
9844,4318771.375032441,3156843.199821909,61.59481430053711,93,10.382390022277832
9845,4318871.400123075,3156841.832911228,44.41924285888672,87,26.092363357543945
9846,4318971.425197356,3156840.4660054613,28.053239822387695,95,41.918663024902344
9847,4319071.450255257,3156839.099104616,44.860939025878906,97,18.160707473754883
9848,4319171.475296746,3156837.7322086943,55.671024322509766,96,11.919085502624512
9849,4319271.500321794,3156836.3653176916,67.00878143310547,95,4.5671067237854
9850,4319371.525330369,3156834.9984316085,69.31087493896484,90,4.517757892608643
9851,4319471.550322441,3156833.631550445,89.6463394165039,99,0
9852,4319571.575297979,3156832.264674205,90.5224838256836,98,0
9853,4319671.6002569515,3156830.8978028866,90.89753723144531,98,0
9854,4319771.625199329,3156829.530936489,89.91309356689453,100,0
9855,4319871.650125079,3156828.164075011,90.23432159423828,100,0
9856,4319971.675034174,3156826.7972184597,95.26487731933594,100,0
9857,4320071.699926581,3156825.4303668346,91.19104766845703,100,0
9858,4320171.724802268,3156824.0635201284,87.6032943725586,99,0
9859,4320271.749661207,3156822.6966783497,86.90184020996094,95,0
9860,4320371.774503367,3156821.3298414955,85.20470428466797,92,0
9861,4320471.799328716,3156819.9630095647,83.90930938720703,92,0
9862,4320571.824137225,3156818.596182563,86.64774322509766,94,0
9863,4320671.848928861,3156817.229360482,90.5058822631836,99,0
9864,4320771.873703595,3156815.8625433305,93.3938980102539,100,0
9865,4320871.898461395,3156814.4957311056,83.16368103027344,100,0
9866,4320971.923202233,3156813.128923808,70.84700012207031,97,0
9867,4321071.947926075,3156811.762121439,84.5577392578125,100,0
9868,4321171.972632893,3156810.395323997,48.71770477294922,100,0
9869,4321271.997322654,3156809.028531481,30.58313751220703,90,0
9870,4321372.021995328,3156807.6617438933,0.32251086831092834,76,0
9871,4321472.046650887,3156806.294961237,0,0,0
9872,4321572.071289295,3156804.9281835137,0,0,0
9873,4321672.095910528,3156803.561410718,9.288484573364258,83,0
9874,4321772.120514548,3156802.19464285,65.71710205078125,95,0
9875,4321872.14510133,3156800.8278799145,90.43001556396484,100,0
9876,4321972.169670843,3156799.4611219116,95.79901885986328,100,0
9877,4322072.194223052,3156798.0943688415,93.38414764404297,100,0
9878,4322172.218757928,3156796.7276207027,94.63104248046875,100,0
9879,4322272.243275442,3156795.360877498,89.05670166015625,98,0
9880,4322372.267775564,3156793.9941392224,88.48334503173828,97,0
9881,4322472.292258262,3156792.6274058833,90.8690414428711,97,0
9931,4312668.447861629,3156826.5645068237,33.07537078857422,96,0.9969954490661621
9932,4312768.473893356,3156825.1973123504,17.981769561767578,90,5.06119441986084
9933,4312868.4999106005,3156823.830122789,6.77208137512207,77,14.035400390625
9934,4312968.525913343,3156822.4629381364,11.285011291503906,61,7.554257869720459
9935,4313068.551901543,3156821.095758396,3.5390353202819824,54,83.42589569091797
9936,4313168.577875175,3156819.728583572,0,0,95.5535659790039
9937,4313268.603834205,3156818.361413662,0,0,89.16773986816406
9938,4313368.629778606,3156816.9942486635,14.020095825195312,88,62.97001647949219
9939,4313468.655708342,3156815.6270885803,38.683597564697266,90,14.324435234069824
9940,4313568.68162339,3156814.2599334153,67.84617614746094,100,1.6846225261688232
9941,4313668.707523711,3156812.892783163,23.827926635742188,98,12.491291999816895
9942,4313768.73340928,3156811.525637824,5.363739013671875,75,8.325573921203613
9943,4313868.759280065,3156810.158497404,0.1163138821721077,65,0.5717275142669678
9944,4313968.785136035,3156808.7913619024,0,0,0
9945,4314068.810977158,3156807.4242313164,0,0,0
9946,4314168.836803405,3156806.0571056446,0,0,0
9947,4314268.862614744,3156804.6899848944,0,0,0
9948,4314368.8884111475,3156803.322869066,0,0,0
9949,4314468.914192581,3156801.9557581535,2.1214728355407715,45,4.1885576248168945
9950,4314568.939959013,3156800.5886521554,9.651851654052734,49,26.6624755859375
9951,4314668.965710418,3156799.2215510784,36.881046295166016,85,10.679009437561035
9952,4314768.991446761,3156797.8544549225,9.36317253112793,75,49.98594284057617
9953,4314869.017168014,3156796.4873636873,1.7349954843521118,47,59.54704284667969
9954,4314969.0428741425,3156795.1202773736,7.512303829193115,63,6.662827968597412
9955,4315069.06856512,3156793.7531959806,24.880250930786133,78,25.19832420349121
9956,4315169.094240914,3156792.386119511,0.8374044299125671,78,39.14540100097656
9957,4315269.119901493,3156791.0190479583,9.970587730407715,76,42.59757614135742
9958,4315369.145546828,3156789.6519813314,55.716426849365234,83,6.260053634643555
9959,4315469.171176887,3156788.284919629,5.1718316078186035,83,34.0191535949707
9960,4315569.19679164,3156786.9178628456,13.088021278381348,55,20.401477813720703
9961,4315669.222391056,3156785.5508109876,21.87006950378418,69,24.56879425048828
9962,4315769.2479751045,3156784.1837640577,5.3932785987854,69,2.8171274662017822
9963,4315869.2735437555,3156782.8167220457,15.808043479919434,57,18.671009063720703
9964,4315969.2990969755,3156781.449684961,16.67814064025879,64,25.2850284576416
9965,4316069.3246347355,3156780.0826528063,15.481331825256348,80,41.16422653198242
9966,4316169.350157008,3156778.7156255743,20.306610107421875,80,23.419099807739258
9967,4316269.375663758,3156777.3486032668,14.841351509094238,62,36.73133850097656
9968,4316369.401154955,3156775.981585887,14.870254516601562,64,37.92218780517578
9969,4316469.426630571,3156774.6145734317,16.035411834716797,63,47.08924102783203
9970,4316569.4520905735,3156773.2475659065,23.1717586517334,65,40.41514205932617
9971,4316669.477534933,3156771.8805633117,6.800176620483398,59,62.862632751464844
9972,4316769.5029636165,3156770.513565639,10.378551483154297,59,51.121131896972656
9973,4316869.528376596,3156769.1465728977,4.940699100494385,63,74.196197509765625
9974,4316969.553773838,3156767.7795850863,22.52044105529785,63,39.077213287353516
9975,4317069.579155314,3156766.412602202,12.966208457946777,52,51.79866409301758
9976,4317169.604520994,3156765.0456242524,5.071615695953369,56,67.098297119140625
9977,4317269.629870846,3156763.6786512313,4.178216934204102,52,67.33820343017578
9978,4317369.655204837,3156762.311683139,3.822185754776001,67,61.4899787902832
9979,4317469.68052294,3156760.94471998,13.340344429016113,53,55.608455657958984
9980,4317569.705825124,3156759.5777617497,0.041924893856048584,38,82.1764907836914
9981,4317669.731111356,3156758.2108084504,0.21984760463237762,14,75.2218246459961
9982,4317769.756381608,3156756.843860088,11.669672966003418,59,50.29347229003906
9983,4317869.781635846,3156755.4769166578,14.85409164428711,59,30.82939910888672
9984,4317969.806874041,3156754.10997816,15.904218673706055,72,44.01698684692383
9985,4318069.832096164,3156752.743044593,22.815563201904297,89,40.02259063720703
9986,4318169.857302181,3156751.3761159605,24.1154727935791,77,38.28013610839844
9987,4318269.882492065,3156750.009192265,11.770414352416992,66,49.873626708984375
9988,4318369.907665783,3156748.642273506,9.878397941589355,54,57.95125961303711
9989,4318469.932823304,3156747.275359681,8.0932035446167,61,60.21239471435547
9990,4318569.957964599,3156745.908450787,10.45682430267334,61,61.05116653442383
9991,4318669.983089635,3156744.541546833,10.327832221984863,74,47.72384262084961
9992,4318770.008198384,3156743.174647817,20.909374237060547,67,33.239288330078125
9993,4318870.033290813,3156741.807753737,4.900197505950928,57,57.201332092285156
9994,4318970.058366893,3156740.4408645937,3.010476589202881,48,70.5648422241211
9995,4319070.083426593,3156739.0739803854,14.354437828063965,73,29.206838607788086
9996,4319170.108469878,3156737.7071011188,4.442864894866943,58,48.27313995361328
9997,4319270.133496725,3156736.340226792,10.52663516998291,56,48.30815887451172
9998,4319370.158507099,3156734.973357401,18.738431930541992,86,36.9151725769043
9999,4319470.18350097,3156733.60649295,56.61688232421875,91,2.5001094341278076
10000,4319570.208478306,3156732.23963344,88.976287841796875,96,0
10001,4319670.233439079,3156730.8727788706,88.48285675048828,97,0
10002,4319770.258383255,3156729.5059292414,93.22823333740234,100,0
10003,4319870.283310806,3156728.1390845515,91.00006866455078,100,0
10004,4319970.3082217,3156726.772244803,92.2728042602539,100,0
10005,4320070.333115906,3156725.405410001,93.43697357177734,100,0
10006,4320170.357993395,3156724.0385801382,94.536651611328125,100,0
10007,4320270.382854137,3156722.6717552184,93.88858795166016,100,0
10008,4320370.407698097,3156721.304935242,92.59599304199219,100,0
10009,4320470.432525248,3156719.938120208,89.69133758544922,100,0
10010,4320570.457335556,3156718.5713101197,86.616180419921875,96,0
10011,4320670.482128995,3156717.2045049747,83.0370101928711,98,0
10012,4320770.5069055315,3156715.837704775,84.34300994873047,98,0
10013,4320870.531665133,3156714.47090952,90.96593475341797,99,0
10014,4320970.556407774,3156713.1041192105,93.297027587890625,100,0
10015,4321070.581133418,3156711.737333847,93.7276840209961,98,0
10016,4321170.60584204,3156710.3705534297,91.73126983642578,100,0
10017,4321270.630533603,3156709.003777958,92.25728607177734,100,0
10018,4321370.655208082,3156707.6370074362,35.34644317626953,97,0
10019,4321470.679865442,3156706.2702418617,29.144386291503906,100,0
10020,4321570.704505659,3156704.903481238,60.597991943359375,96,0
10021,4321670.729128691,3156703.5367255593,82.9462661743164,100,0
10022,4321770.753734519,3156702.169974827,88.09590911865234,100,0
10023,4321870.778323106,3156700.803229048,92.81038665771484,100,0
10024,4321970.802894421,3156699.436488217,93.51472473144531,100,0
10025,4322070.827448436,3156698.0697523374,91.70056915283203,100,0
10026,4322170.851985119,3156696.7030214095,95.52916717529297,100,0
10027,4322270.876504441,3156695.3362954333,93.835205078125,100,0
10028,4322370.901006367,3156693.969574407,93.29913330078125,100,0
10029,4322470.925490871,3156692.602858332,90.0416030883789,98,0
10078,4312667.080934892,3156726.5383562553,21.9747314453125,81,0.29696619510650635
10079,4312767.106968405,3156725.1711772564,0,0,69.57694244384766
10080,4312867.132987442,3156723.8040031916,2.281466007232666,68,2.8648386001586914
10081,4312967.158991971,3156722.4368340536,5.063568592071533,61,64.92717742919922
10082,4313067.18498196,3156721.069669845,2.1684656143188477,48,67.88728332519531
10083,4313167.210957381,3156719.702510572,2.525871992111206,84,91.74058532714844
10084,4313267.236918203,3156718.335356229,43.92694091796875,97,42.65299606323242
10085,4313367.26286439,3156716.9682068187,78.3181381225586,100,4.0591583251953125
10086,4313467.28879592,3156715.601062344,33.052040100097656,88,18.746074676513672
10087,4313567.314712756,3156714.233922802,1.5454976558685303,62,31.814531326293945
10088,4313667.340614869,3156712.866788191,0.10308487713336945,46,5.33357572555542
10089,4313767.366502229,3156711.4996585133,0,0,0
10090,4313867.392374806,3156710.1325337705,0,0,0
10091,4313967.418232567,3156708.765413968,0,0,0
10092,4314067.444075481,3156707.3982990985,0,0,0
10093,4314167.469903519,3156706.031189164,0,0,0
10094,4314267.495716654,3156704.6640841654,0,0,0
10095,4314367.521514846,3156703.296984106,0,0,0
10096,4314467.547298072,3156701.9298889837,0.2885689437389374,36,5.692009449005127
10097,4314567.573066298,3156700.5627987953,22.619892120361328,78,22.097972869873047
10098,4314667.598819496,3156699.1957135457,22.19722557067871,81,8.74913501739502
10099,4314767.624557634,3156697.828633237,0.4229576289653778,46,0.29373782873153687
10100,4314867.650280679,3156696.461557867,2.5123744010925293,57,1.5995572805404663
10101,4314967.675988601,3156695.094487434,9.107219696044922,61,45.14789581298828
10102,4315067.701681373,3156693.7274219394,12.289923667907715,55,45.55588912963867
10103,4315167.7273589615,3156692.3603613884,11.805837631225586,78,40.8893928527832
10104,4315267.753021334,3156690.9933057763,12.087650299072266,75,21.660062789916992
10105,4315367.778668465,3156689.626255106,20.642820358276367,78,25.560169219970703
10106,4315467.8043003185,3156688.2592093768,15.13820743560791,79,32.62664031982422
10107,4315567.8299168665,3156686.892168587,18.904726028442383,81,12.313756942749023
10108,4315667.855518078,3156685.525132742,10.058868408203125,79,10.074246406555176
10109,4315767.881103924,3156684.15810184,13.234163284301758,76,7.910444259643555
10110,4315867.906674367,3156682.791075876,35.648765563964844,84,6.504955768585205
10111,4315967.932229387,3156681.424054857,28.109291076660156,84,20.957956314086914
10112,4316067.957768945,3156680.057038788,40.85700225830078,91,15.83403205871582
10113,4316167.983293013,3156678.690027661,60.91641616821289,96,7.805907726287842
10114,4316268.008801558,3156677.323021476,19.804901123046875,66,26.50358009338379
10115,4316368.034294553,3156675.956020236,3.816946506500244,57,57.67343521118164
10116,4316468.059771967,3156674.5890239417,0.15068383514881134,29,75.341583251953125
10117,4316568.0852337675,3156673.2220325945,10.63393783569336,67,45.71537780761719
10118,4316668.1106799245,3156671.8550461917,4.363107681274414,67,66.11331939697266
10119,4316768.136110407,3156670.488064735,5.7131547927856445,56,63.83319091796875
10120,4316868.161525184,3156669.1210882245,4.812571048736572,59,78.51236724853516
10121,4316968.186924225,3156667.7541166623,20.10318946838379,71,37.52576446533203
10122,4317068.212307501,3156666.38715005,8.5596284866333,56,51.72122573852539
10123,4317168.23767498,3156665.020188388,10.832419395446777,56,57.277976989746094
10124,4317268.26302663,3156663.653231674,9.573301315307617,60,57.79714584350586
10125,4317368.288362423,3156662.2862799075,10.852713584899902,53,54.41904067993164
10126,4317468.313682327,3156660.9193330915,27.74346160888672,77,36.82982635498047
10127,4317568.338986307,3156659.552391224,27.880496978759766,81,36.37271499633789
10128,4317668.364274342,3156658.1854543053,8.141152381896973,61,31.838529586791992
10129,4317768.389546393,3156656.8185223397,7.336962699890137,49,51.933311462402344
10130,4317868.414802434,3156655.4515953274,18.033008575439453,61,46.25542449951172
10131,4317968.440042431,3156654.084673263,9.447525978088379,58,51.27098083496094
10132,4318068.465266354,3156652.7177561526,3.8931972980499268,48,66.78111267089844
10133,4318168.490474175,3156651.350843993,7.834592342376709,56,56.25654602050781
10134,4318268.515665861,3156649.9839367867,6.5657267570495605,44,52.432865142822266
10135,4318368.540841379,3156648.6170345354,13.046282768249512,62,51.54334259033203
10136,4318468.566000704,3156647.2501372397,3.5973007678985596,56,62.67626953125
10137,4318568.5911438,3156645.8832448944,15.37451171875,65,44.18871307373047
10138,4318668.616270641,3156644.5163575034,5.905951023101807,58,57.86014938354492
10139,4318768.641381191,3156643.14947507,0.636537492275238,39,77.49491882324219
10140,4318868.666475425,3156641.782597593,3.147602081298828,51,51.66304397583008
10141,4318968.691553308,3156640.415725071,8.790945053100586,54,36.957340240478516
10142,4319068.716614811,3156639.0488575012,0.9626202583312988,49,74.05352020263672
10143,4319168.741659903,3156637.68199489,9.82847785949707,65,50.404476165771484
10144,4319268.766688554,3156636.315137237,1.1044270992279053,43,74.98255157470703
10145,4319368.791700733,3156634.948284541,2.414905071258545,49,77.597686767578125
10146,4319468.816696408,3156633.581436801,16.979904174804688,79,33.14377212524414
10147,4319568.841675551,3156632.214594021,76.035919189453125,92,4.244295597076416
10148,4319668.866638127,3156630.8477562014,85.76538848876953,92,0
10149,4319768.8915841095,3156629.4809233397,85.47337341308594,97,0
10150,4319868.916513465,3156628.114095438,87.934326171875,99,0
10151,4319968.941426167,3156626.7472724933,92.16157531738281,100,0
10152,4320068.966322181,3156625.3804545105,89.47810363769531,100,0
10153,4320168.991201475,3156624.0136414897,86.0892562866211,100,0
10154,4320269.016064022,3156622.64683343,68.95719909667969,99,0
10155,4320369.04090979,3156621.2800303297,96.05620574951172,100,0
10156,4320469.065738747,3156619.9132321933,98.5221176147461,100,0
10157,4320569.090550866,3156618.54643902,91.81620788574219,100,0
10158,4320669.115346112,3156617.1796508096,80.35018157958984,93,0
10159,4320769.140124457,3156615.8128675623,73.39000701904297,97,0
10160,4320869.164885866,3156614.4460892803,85.24485778808594,96,0
10161,4320969.189630315,3156613.0793159567,93.524261474609375,100,0
10162,4321069.214357772,3156611.7125476003,94.60230255126953,100,0
10163,4321169.239068199,3156610.3457842083,95.70067596435547,100,0
10164,4321269.2637615735,3156608.979025783,92.98792266845703,100,0
10165,4321369.288437862,3156607.612272322,90.52214050292969,99,0
10166,4321469.313097033,3156606.2455238295,93.8615493774414,100,0
10167,4321569.337739059,3156604.8787803026,92.37586975097656,100,0
10168,4321969.436135066,3156599.411855865,94.8672103881836,100,0
10169,4322069.46069089,3156598.0451371777,94.4068832397461,100,0
10170,4322169.485229386,3156596.6784234596,91.523223876953125,100,0
10218,4312665.714024645,3156626.5122070406,19.132015228271484,79,0.5336394309997559
10219,4312765.740059954,3156625.1450435184,0,0,79.93730926513672
10220,4312865.766080786,3156623.7778849495,4.711565017700195,75,55.448829650878906
10221,4312965.792087111,3156622.4107313245,5.800698280334473,95,70.799041748046875
10222,4313065.818078895,3156621.043582649,23.852428436279297,79,49.750423431396484
10223,4313165.844056109,3156619.6764389267,64.4625473022461,97,10.369207382202148
10224,4313265.870018728,3156618.3093001535,67.6925048828125,97,4.907259464263916
10225,4313365.895966712,3156616.9421663303,42.579002380371094,97,13.916118621826172
10226,4313465.921900039,3156615.57503746,23.625076293945312,92,40.21235656738281
10227,4313565.9478186695,3156614.2079135403,0,0,27.145858764648438
10228,4313665.973722581,3156612.840794573,0,0,0
10229,4313765.999611737,3156611.473680558,0,0,0
10230,4313866.02548611,3156610.1065714965,0,0,0
10231,4313966.051345669,3156608.7394673894,0,0,0
10232,4314066.0771903815,3156607.3723682356,0,0,0
10233,4314166.103020218,3156606.0052740374,0,0,0
10234,4314266.128835148,3156604.638184793,0,0,0
10235,4314366.154635142,3156603.2711005015,2.367865800857544,53,0
10236,4314466.180420165,3156601.904021168,28.725509643554688,95,0
10237,4314566.206190191,3156600.5369467926,16.335697174072266,88,38.44737243652344
10238,4314666.231945188,3156599.1698773718,8.3784942626953125,62,19.755022048950195
10239,4314766.257685124,3156597.8028129055,5.237570285797119,67,0
10240,4314866.28340997,3156596.4357534,7.4823832511901855,67,12.140351295471191
10241,4314966.309119693,3156595.068698849,22.65182876586914,77,29.295089721679688
10242,4315066.334814264,3156593.7016492565,42.001007080078125,82,28.549280166625977
10243,4315166.360493653,3156592.334604626,27.50007438659668,81,16.59065055847168
10244,4315266.386157828,3156590.967564951,14.281852722167969,84,5.06329870223999
10245,4315366.411806758,3156589.600530235,1.1715247631072998,65,19.403188705444336
10246,4315466.437440413,3156588.2335004807,9.445531845092773,68,35.62467575073242
10247,4315566.463058763,3156586.866475686,0,0,0
10248,4315666.488661777,3156585.499455852,0,0,0
10249,4315766.514249422,3156584.132440977,23.341190338134766,78,2.7202250957489014
10250,4315866.53982167,3156582.7654310614,31.275619506835938,78,18.811899185180664
10251,4315966.56537849,3156581.39842611,6.534948825836182,79,45.596527099609375
10252,4316066.590919852,3156580.031426123,15.801899909973145,83,35.9499626159668
10253,4316166.616445722,3156578.664431097,33.84526062011719,79,19.607412338256836
10254,4316266.641956072,3156577.2974410346,6.548476696014404,59,19.314355850219727
10255,4316366.667450872,3156575.9304559375,29.655193328857422,74,27.281591415405273
10256,4316466.692930088,3156574.563475803,15.026521682739258,70,36.154544830322266
10257,4316566.718393692,3156573.196500632,8.722746849060059,67,46.98981475830078
10258,4316666.743841652,3156571.829530426,13.439499855041504,67,44.00674819946289
10259,4316766.7692739405,3156570.4625651836,14.711101531982422,70,48.25632858276367
10260,4316866.794690521,3156569.095604906,13.2116117477417,66,60.6356315612793
10261,4316966.820091369,3156567.728649594,21.855064392089844,64,35.202789306640625
10262,4317066.8454764495,3156566.3616992505,13.782004356384277,62,36.34318923950195
10263,4317166.870845733,3156564.994753876,24.40457534790039,85,38.08525085449219
10264,4317266.89619919,3156563.6278134705,33.00828552246094,82,33.20064163208008
10265,4317366.921536788,3156562.260878031,28.00027084350586,76,32.392982482910156
10266,4317466.946858497,3156560.8939475557,29.67298126220703,82,35.72129821777344
10267,4317566.972164288,3156559.5270220498,44.89826965332031,88,16.688928604125977
10268,4317666.997454126,3156558.1601015124,10.750846862792969,66,52.27994918823242
10269,4317767.022727984,3156556.7931859447,1.2977676391601562,45,74.30614471435547
10270,4317867.047985832,3156555.4262753488,8.445112228393555,65,60.843162536621094
10271,4317967.0732276365,3156554.059369721,6.371434211730957,58,53.12112808227539
10272,4318067.098453369,3156552.6924690637,7.062173366546631,50,55.280643463134766
10273,4318167.123662996,3156551.325573376,8.442769050598145,56,58.64014434814453
10274,4318267.148856487,3156549.9586826623,1.6905758380889893,38,57.47907638549805
10275,4318367.174033818,3156548.5917969206,16.743938446044922,67,41.35548400878906
10276,4318467.199194951,3156547.22491615,4.3060994148254395,61,37.2066764831543
10277,4318567.224339856,3156545.8580403514,3.251166582107544,42,61.354286193847656
10278,4318667.249468505,3156544.491169525,9.083477973937988,63,49.582183837890625
10279,4318767.274580866,3156543.1243036725,0,0,85.38530731201172
10280,4318867.299676909,3156541.7574427966,0.03826364502310753,42,84.554443359375
10281,4318967.324756601,3156540.390586893,28.083147048950195,71,20.980642318725586
10282,4319067.349819914,3156539.023735964,22.293161392211914,76,36.552757263183594
10283,4319167.374866818,3156537.6568900086,4.006221294403076,57,72.3455581665039
10284,4319267.399897277,3156536.2900490323,1.8246121406555176,49,69.676727294921875
10285,4319367.424911268,3156534.9232130316,1.6430028676986694,49,63.11573028564453
10286,4319467.449908756,3156533.556382004,3.4577763080596924,53,67.241943359375
10287,4319567.474889709,3156532.1895559547,60.656715393066406,93,7.332274913787842
10288,4319667.499854097,3156530.8227348835,85.87903594970703,92,0
10289,4319767.524801891,3156529.455918789,87.31878662109375,98,0
10290,4319867.5497330595,3156528.089107672,88.85247039794922,98,0
10291,4319967.574647573,3156526.722301535,88.85395050048828,100,0
10292,4320067.599545399,3156525.355500373,95.87153625488281,100,0
10293,4320167.624426506,3156523.9887041915,96.27762603759766,100,0
10294,4320267.649290867,3156522.62191299,93.9384536743164,100,0
10295,4320367.674138448,3156521.25512677,94.19654083251953,100,0
10296,4320467.69896922,3156519.8883455303,93.29158782958984,100,0
10297,4320567.723783151,3156518.521569273,91.0948257446289,100,0
10298,4320667.748580212,3156517.154797994,86.613494873046875,98,0
10299,4320767.773360372,3156515.7880316954,85.06117248535156,100,0
10300,4320867.798123596,3156514.4212703817,87.89139556884766,99,0
10301,4320967.822869859,3156513.0545140514,91.48983001708984,99,0
10302,4321067.847599129,3156511.6877627005,93.88106536865234,100,0
10303,4321167.872311374,3156510.3210163354,97.41625213623047,100,0
10304,4321267.897006564,3156508.9542749543,92.85540008544922,100,0
10351,4312664.347130891,3156526.486059193,17.567901611328125,78,5.780172824859619
10352,4312764.373168001,3156525.1189111467,1.4398739337921143,81,89.28441619873047
10353,4312864.399190632,3156523.7517680693,49.38707733154297,100,32.98743438720703
10354,4312964.425198756,3156522.3846299583,70.00418853759766,100,0.29070398211479187
10355,4313064.451192344,3156521.0174968145,49.043113708496094,93,2.2581844329833984
10356,4313164.477171361,3156519.6503686416,38.470951080322266,86,11.134984016418457
10357,4313264.50313578,3156518.2832454364,16.085529327392578,83,23.8430233001709
10358,4313364.529085566,3156516.916127202,4.184091567993164,83,86.64683532714844
10359,4313464.555020695,3156515.549013935,1.5074303150177002,47,73.84259033203125
10360,4313564.58094113,3156514.1819056403,0.8109321594238281,47,29.555156707763672
10361,4313664.606846843,3156512.8148023174,0,0,0
10362,4313764.632737804,3156511.447703965,0,0,0
10363,4313864.658613979,3156510.080610583,0,0,0
10364,4313964.684475341,3156508.713522173,0,0,0
10365,4314464.813558862,3156501.878154719,9.576543807983398,72,0.838213324546814
10366,4314564.839330692,3156500.5110961515,0,0,32.31564712524414
10367,4314664.865087494,3156499.144042558,11.011072158813477,63,14.66678524017334
10368,4314764.890829235,3156497.776993937,0,0,5.934506416320801
10369,4314864.916555887,3156496.4099502917,1.1377819776535034,46,31.51519203186035
10370,4314964.942267415,3156495.0429116236,3.169983148574829,58,18.030912399291992
10371,4315064.967963794,3156493.6758779334,43.44818878173828,85,0
10372,4315164.993644989,3156492.30884922,8.089911460876465,69,0
10373,4315265.01931097,3156490.941825483,12.74319839477539,92,4.30652379989624
10374,4315365.044961709,3156489.5748067214,8.168113708496094,79,17.788040161132812
10375,4315465.070597172,3156488.20779294,2.846290349960327,93,19.752277374267578
10376,4315565.096217328,3156486.8407841385,0,0,0
10377,4315665.1218221495,3156485.4737803177,2.2000205516815186,89,0
10378,4315765.1474116035,3156484.1067814734,24.560075759887695,89,2.109818696975708
10379,4315865.17298566,3156482.7397876065,13.832135200500488,76,28.968961715698242
10380,4315965.198544288,3156481.3727987222,3.958549737930298,71,41.72152328491211
10381,4316065.224087458,3156480.0058148173,3.3629329204559326,79,40.48457717895508
10382,4316165.2496151375,3156478.6388358953,31.043577194213867,85,36.38134765625
10383,4316265.275127298,3156477.271861957,5.268824577331543,62,4.186926364898682
10384,4316365.300623907,3156475.9048929987,41.86762237548828,72,12.353448867797852
10385,4316465.3261049315,3156474.537929022,9.727361679077148,60,37.98149108886719
10386,4316565.351570346,3156473.1709700287,10.809301376342773,50,33.70976257324219
10387,4316665.377020119,3156471.804016019,13.333148956298828,51,32.545928955078125
10388,4316765.402454216,3156470.4370669923,8.91135025024414,57,31.923585891723633
10389,4316865.42787261,3156469.070122948,17.118330001831055,66,33.432125091552734
10390,4316965.453275267,3156467.703183887,24.92965316772461,58,19.837778091430664
10391,4317065.478662159,3156466.3362498144,29.862348556518555,63,16.94375991821289
10392,4317165.504033255,3156464.969320729,36.86952590942383,83,18.362178802490234
10393,4317265.529388524,3156463.602396628,46.961421966552734,80,7.823636054992676
10394,4317365.554727933,3156462.2354775113,28.546260833740234,74,17.95809555053711
10395,4317465.580051455,3156460.868563377,28.40704345703125,62,29.397436141967773
10396,4317565.605359057,3156459.5016542324,44.87725067138672,86,19.44432830810547
10397,4317665.630650708,3156458.1347500766,24.204683303833008,85,45.33421325683594
10398,4317765.655926382,3156456.76785091,16.316747665405273,69,42.12583923339844
10399,4317865.681186041,3156455.40095673,32.31419372558594,82,33.390926361083984
10400,4317965.706429659,3156454.034067539,24.818872451782227,75,37.70363235473633
10401,4318065.731657203,3156452.6671833354,20.49213218688965,63,40.592369079589844
10402,4318165.756868648,3156451.300304118,10.804763793945312,64,60.40094757080078
10403,4318265.7820639545,3156449.9334298945,18.716493606567383,60,39.25893020629883
10404,4318365.807243097,3156448.5665606633,9.546847343444824,67,44.507667541503906
10405,4318465.832406044,3156447.1996964198,24.563201904296875,70,25.525028228759766
10406,4318565.857552766,3156445.8328371677,14.670655250549316,67,28.894195556640625
10407,4318665.88268323,3156444.465982907,2.736274242401123,68,43.5136833190918
10408,4318765.907797406,3156443.0991336373,8.217345237731934,72,59.8548469543457
10409,4318865.932895265,3156441.732289361,23.351634979248047,76,26.488941192626953
10410,4318965.957976774,3156440.365450076,25.79899024963379,77,18.356887817382812
10411,4319065.983041904,3156438.998615784,36.190460205078125,81,18.633243560791016
10412,4319166.008090622,3156437.631786487,9.424590110778809,73,41.67265701293945
10413,4319266.033122902,3156436.2649621866,17.67426109313965,69,35.15102767944336
10414,4319366.058138708,3156434.8981428803,14.213255882263184,67,43.849212646484375
10415,4319466.083138011,3156433.5313285654,0,0,68.67928314208984
10416,4319566.108120782,3156432.164519245,34.04045486450195,90,22.18369483947754
10417,4319666.133086989,3156430.7977149216,85.96399688720703,96,0
10418,4319766.158036601,3156429.430915593,92.22792053222656,100,0
10419,4319866.18296959,3156428.064121262,92.63123321533203,100,0
10420,4319966.207885919,3156426.69733193,89.45038604736328,96,0
10421,4320066.232785565,3156425.3305475945,87.84770965576172,94,0
10422,4320166.257668493,3156423.963768253,88.33984375,95,0
10423,4320266.28253467,3156422.59699391,87.17546081542969,96,0
10424,4320366.307384072,3156421.230224567,92.87198638916016,100,0
10425,4320466.332216664,3156419.8634602223,91.68961334228516,99,0
10426,4320566.3570324145,3156418.4967008797,90.558563232421875,99,0
10427,4320666.381831295,3156417.1299465373,91.36018371582031,100,0
10428,4320766.4066132745,3156415.763197189,86.04222869873047,100,0
10429,4320866.431378321,3156414.396452843,89.16397857666016,100,0
10430,4320966.456126406,3156413.029713501,91.93343353271484,100,0
10431,4321066.480857495,3156411.662979159,85.15006256103516,100,0
10432,4321166.505571563,3156410.2962498195,95.12782287597656,100,0
10433,4321266.530268574,3156408.9295254815,93.672027587890625,100,0
10434,4321366.554948499,3156407.562806147,96.03299713134766,100,0
10480,4312662.9802536275,3156426.459912714,50.5654411315918,97,2.3408210277557373
10481,4312763.006292542,3156425.092780142,66.853790283203125,93,11.53280258178711
10482,4312863.032316983,3156423.7256525573,81.37626647949219,94,0.10750585794448853
10483,4312963.058326913,3156422.358529962,51.006195068359375,93,5.557169437408447
10484,4313063.084322308,3156420.991412351,32.788665771484375,90,7.961330890655518
10485,4313163.110303133,3156419.624299726,8.674375534057617,82,4.586775779724121
10486,4313263.136269361,3156418.2571920883,5.922046661376953,66,26.699920654296875
10487,4313363.162220958,3156416.8900894416,2.1244966983795166,63,43.7627067565918
10488,4313463.188157891,3156415.522991783,0,0,3.5066912174224854
10489,4313563.214080138,3156414.1558991116,0,0,10.2312593460083
10490,4313663.239987658,3156412.7888114317,0,0,0
10491,4313763.265880428,3156411.4217287377,0,0,0
10492,4314463.446714157,3156401.8522896348,0.06201927736401558,43,0.13312044739723206
10493,4314563.472487801,3156400.485246873,0,0,6.154942989349365
10494,4314663.498246413,3156399.1182091045,16.101455688476562,64,10.60363483428955
10495,4314763.523989967,3156397.75117633,6.042123794555664,49,25.446962356567383
10496,4314863.549718429,3156396.38414855,0.5465914607048035,46,64.8790054321289
10497,4314963.575431772,3156395.0171257653,20.383989334106445,69,10.92332649230957
10498,4315063.601129963,3156393.650107977,40.40250015258789,83,5.693332672119141
10499,4315163.62681297,3156392.2830951815,29.758878707885742,92,1.902085304260254
10500,4315263.652480765,3156390.91608738,76.11055755615234,96,2.2539772987365723
10501,4315363.678133315,3156389.549084577,49.38754653930664,91,0.8409014344215393
10502,4315463.703770593,3156388.182086768,3.3071203231811523,93,0.6738131642341614
10503,4315563.729392563,3156386.8150939588,6.430444717407227,92,0
10504,4315663.7549992,3156385.4481061483,23.156463623046875,91,0
10505,4315763.780590465,3156384.081123335,39.73733901977539,93,0
10506,4315863.806166337,3156382.714145518,39.580101013183594,85,7.339329719543457
10507,4315963.831726781,3156381.3471726985,28.177072525024414,86,13.229090690612793
10508,4316063.857271765,3156379.980204881,35.32351303100586,84,11.114934921264648
10509,4316163.882801261,3156378.613242064,50.37581253051758,99,9.558533668518066
10510,4316263.908315238,3156377.2462842464,1.1989556550979614,65,0.3450678884983063
10511,4316363.93381366,3156375.879331427,19.97089195251465,74,18.479795455932617
10512,4316463.959296502,3156374.512383609,14.924206733703613,61,32.801780700683594
10513,4316563.984763734,3156373.1454407936,6.155218601226807,54,52.90467834472656
10514,4316664.010215322,3156371.7785029793,7.200139045715332,62,55.22149658203125
10515,4316764.035651235,3156370.4115701676,10.768657684326172,54,52.48738479614258
10516,4316864.061071446,3156369.0446423558,12.47724437713623,50,55.427406311035156
10517,4316964.086475921,3156367.6777195465,14.094755172729492,53,47.788211822509766
10518,4317064.111864631,3156366.310801743,12.85179328918457,56,41.228782653808594
10519,4317164.137237544,3156364.9438889436,35.20832061767578,72,11.53710651397705
10520,4317264.162594629,3156363.576981148,43.66713333129883,71,7.796056747436523
10521,4317364.187935858,3156362.210078353,23.13146209716797,60,24.98552131652832
10522,4317464.213261198,3156360.8431805647,9.173818588256836,68,65.545196533203125
10523,4317564.238570619,3156359.4762877836,10.056268692016602,59,35.672996520996094
10524,4317664.263864091,3156358.1094000093,13.743943214416504,59,49.79246520996094
10525,4317764.289141581,3156356.7425172376,20.648075103759766,69,44.960208892822266
10526,4317864.314403062,3156355.375639474,18.582134246826172,60,41.630733489990234
10527,4317964.339648499,3156354.0087667177,9.870255470275879,58,52.02523422241211
10528,4318064.364877866,3156352.641898969,25.80682373046875,64,37.80584716796875
10529,4318164.390091126,3156351.275036226,18.88425064086914,64,33.98314666748047
10530,4318264.415288255,3156349.908178489,13.300389289855957,59,52.46165466308594
10531,4318364.440469219,3156348.5413257675,21.866464614868164,64,37.15480422973633
10532,4318464.465633987,3156347.174478054,12.433473587036133,67,36.3964958190918
10533,4318564.490782529,3156345.807635349,19.461301803588867,68,23.453323364257812
10534,4318664.5159148155,3156344.440797652,32.777259826660156,76,27.517372131347656
10535,4318764.541030812,3156343.073964966,21.060977935791016,78,27.245908737182617
10536,4318864.566130494,3156341.7071372904,8.72281265258789,76,39.073184967041016
10537,4318964.591213825,3156340.3403146244,1.2440444231033325,52,45.44936752319336
10538,4319064.616280776,3156338.9734969717,8.365409851074219,75,45.508602142333984
10539,4319164.64133132,3156337.6066843336,15.850431442260742,73,38.19025421142578
10540,4319264.6663654195,3156336.2398767076,26.65140724182129,77,27.243072509765625
10541,4319364.691383051,3156334.87307409,47.6600456237793,97,19.41238784790039
10542,4319464.716384178,3156333.506276488,52.80621337890625,97,16.966609954833984
10543,4319564.741368771,3156332.1394838975,72.3940200805664,100,5.535763740539551
10544,4319664.766336802,3156330.7726963228,92.9166259765625,100,0.09569024294614792
10545,4319764.791288239,3156329.4059137627,90.22052001953125,100,0
10546,4319864.816223051,3156328.039136217,91.87760925292969,99,0
10547,4319964.841141206,3156326.672363687,76.11686706542969,96,0
10548,4320064.866042676,3156325.3055961747,81.73542785644531,94,0
10549,4320164.8909274265,3156323.938833675,85.89196014404297,93,0
10550,4320264.915795434,3156322.5720761926,82.28218078613281,93,0
10551,4320364.94064666,3156321.2053237283,85.64546966552734,97,0
10552,4320464.965481075,3156319.838576279,85.64656829833984,98,0
10553,4320564.990298655,3156318.471833851,92.570587158203125,100,0
10554,4320665.0150993625,3156317.1050964403,95.41564178466797,100,0
10555,4320765.0398831675,3156315.738364045,97.47660827636719,100,0
10556,4320865.064650041,3156314.37163667,97.419952392578125,100,0
10557,4320965.089399952,3156313.004914316,95.478057861328125,100,0
10558,4321065.114132871,3156311.638196982,87.9234619140625,99,0
10559,4321165.138848766,3156310.271484668,95.47801208496094,100,0
10560,4321265.163547604,3156308.9047773737,98.54863739013672,100,0
10605,4312661.613392851,3156326.4337676056,84.52869415283203,98,0
10606,4312761.639433581,3156325.066650511,76.11046600341797,99,2.062030076980591
10607,4312861.665459834,3156323.699538422,32.71394348144531,94,14.003434181213379
10608,4312961.691471581,3156322.3324313373,20.21597671508789,88,4.614624977111816
10609,4313061.717468788,3156320.965329259,0.25182655453681946,76,25.437393188476562
10610,4313161.743451428,3156319.598232187,1.6601006984710693,37,40.109066009521484
10611,4313261.769419467,3156318.231140118,5.77591609954834,43,46.00149154663086
10612,4313361.795372879,3156316.8640530575,0,0,54.39543151855469
10613,4313461.82131163,3156315.4969710046,0,0,0.7359587550163269
10614,4314862.1828976,3156296.358348183,42.32225799560547,88,32.457763671875
10615,4314962.20861276,3156294.9913412817,22.74245834350586,80,1.9631911516189575
10616,4315062.234312769,3156293.6243393915,28.52989959716797,83,2.5938549041748047
10617,4315162.259997594,3156292.2573425155,53.651309967041016,92,5.421657085418701
10618,4315262.285667209,3156290.890350653,84.85884857177734,93,0
10619,4315362.311321582,3156289.5233638044,24.628389358520508,86,0
10620,4315462.336960675,3156288.156381973,0.10074622184038162,53,0
10621,4315562.362584467,3156286.7894051555,13.580926895141602,90,0
10622,4315662.388192923,3156285.4224333526,30.532377243041992,87,0
10623,4315762.413786012,3156284.0554665686,22.366676330566406,79,0
10624,4315862.439363703,3156282.6885048016,13.300292015075684,77,0
10625,4315962.464925966,3156281.3215480493,30.273351669311523,82,0
10626,4316062.490472774,3156279.9545963164,27.884143829345703,84,0
10627,4316162.516004089,3156278.5876496024,25.07239532470703,88,0
10628,4316262.541519886,3156277.220707903,12.772819519042969,74,0
10629,4316362.567020132,3156275.853771224,3.6905369758605957,70,0
10630,4316462.592504798,3156274.4868395673,11.148189544677734,71,0.801451563835144
10631,4316562.617973851,3156273.119912928,9.876765251159668,56,43.96855163574219
10632,4316662.643427262,3156271.752991308,20.545228958129883,68,39.886192321777344
10633,4316762.668864998,3156270.38607471,12.154938697814941,64,47.1530647277832
10634,4316862.694287033,3156269.019163132,1.9763637781143188,45,82.45819854736328
10635,4316962.719693331,3156267.6522565763,15.739578247070312,55,44.282745361328125
10636,4317062.745083864,3156266.285355041,14.18281364440918,60,47.8406867980957
10637,4317162.7704586005,3156264.918458526,34.12921142578125,65,21.38825225830078
10638,4317262.795817511,3156263.5515670376,30.186506271362305,65,12.478578567504883
10639,4317362.821160564,3156262.184680569,31.841228485107422,67,30.570796966552734
10640,4317462.84648773,3156260.8177991235,6.042087554931641,60,76.43611907958984
10641,4317562.8717989735,3156259.4509227043,16.112886428833008,62,56.61224365234375
10642,4317662.89709427,3156258.08405131,4.551009178161621,48,58.6180534362793
10643,4317762.922373587,3156256.7171849366,4.015577793121338,51,61.52216720581055
10644,4317862.947636894,3156255.3503235886,20.308439254760742,60,45.301124572753906
10645,4317962.972884157,3156253.9834672674,9.836543083190918,51,52.864837646484375
10646,4318062.998115349,3156252.6166159725,24.62858009338379,68,35.979854583740234
10647,4318163.023330435,3156251.2497697016,21.498058319091797,66,36.45148468017578
10648,4318263.048529392,3156249.8829284594,10.248014450073242,70,21.39688491821289
10649,4318363.073712182,3156248.516092246,40.449275970458984,82,20.730154037475586
10650,4318463.098878778,3156247.149261059,38.12895965576172,79,20.02362060546875
10651,4318563.124029147,3156245.7824348975,26.072437286376953,79,38.163944244384766
10652,4318663.14916326,3156244.4156137654,2.715294361114502,43,51.27251434326172
10653,4318763.174281086,3156243.0487976638,12.189152717590332,62,28.520105361938477
10654,4318863.199382594,3156241.6819865876,2.008615493774414,44,45.376163482666016
10655,4318963.224467754,3156240.3151805406,5.1408281326293945,59,57.25956726074219
10656,4319063.249536536,3156238.948379527,16.800037384033203,88,37.72321319580078
10657,4319163.274588907,3156237.581583546,42.37202453613281,92,15.375299453735352
10658,4319263.299624835,3156236.2147925925,73.9850082397461,97,4.062914848327637
10659,4319363.324644295,3156234.848006671,90.18914794921875,97,0
10660,4319463.349647252,3156233.4812257793,90.91376495361328,100,0
10661,4319563.374633677,3156232.11444992,93.16328430175781,100,0
10662,4319663.399603537,3156230.747679095,97.93953704833984,100,0
10663,4319763.424556804,3156229.3809133004,90.21502685546875,100,0
10664,4319863.449493446,3156228.014152539,85.01829528808594,100,0
10665,4319963.474413432,3156226.6473968127,81.01042938232422,93,0
10666,4320063.499316733,3156225.280646122,84.74906158447266,92,0
10667,4320163.524203319,3156223.9139004652,73.982177734375,90,0
10668,4320263.549073153,3156222.5471598427,67.56846618652344,86,0
10669,4320363.573926213,3156221.1804242567,63.07259750366211,88,0
10670,4320463.598762463,3156219.8136937064,66.28080749511719,88,0
10671,4320563.623581871,3156218.4469681913,94.41461944580078,100,0
10672,4320663.648384413,3156217.080247709,97.994781494140625,100,0
10673,4320763.67317005,3156215.7135322643,95.287506103515625,100,0
10674,4320863.697938757,3156214.346821863,97.89969635009766,100,0
10675,4320963.722690502,3156212.9801164987,96.2321548461914,100,0
10676,4321063.747425253,3156211.6134161693,91.261749267578125,100,0
10677,4321163.772142981,3156210.2467208803,93.83739471435547,100,0
10678,4321263.7968436545,3156208.880030629,92.07637786865234,100,0
10721,4312760.272591119,3156225.040522262,16.510522842407227,83,14.479996681213379
10722,4312860.29861919,3156223.6734256665,4.784919261932373,71,0.6306737661361694
10723,4312960.3246327555,3156222.306334095,0,0,0.04807350039482117
10724,4313060.350631785,3156220.939247548,0,0,35.33784866333008
10725,4315160.893198867,3156192.231591228,6.521810531616211,83,67.81958770751953
10726,4315260.918870305,3156190.864615304,54.101078033447266,92,5.79906702041626
10727,4315360.944526503,3156189.4976444114,3.1693460941314697,78,0
10728,4315460.9701674245,3156188.1306785527,0.7686450481414795,53,0
10729,4315560.995793039,3156186.76371773,2.1162891387939453,66,0
10730,4315661.021403322,3156185.3967619413,36.358924865722656,91,0
10731,4315761.046998239,3156184.029811184,24.216646194458008,87,0
10732,4315861.072577756,3156182.6628654604,24.804075241088867,87,0
10733,4315961.098141847,3156181.295924779,9.149090766906738,59,0
10734,4316061.123690481,3156179.92898913,33.11634063720703,87,0
10735,4316161.149223625,3156178.562058517,25.46690559387207,84,0
10736,4316261.1747412495,3156177.1951329424,17.64162254333496,77,0
10737,4316361.200243323,3156175.828212404,15.757410049438477,83,0
10738,4316461.2257298175,3156174.4612969053,21.446636199951172,76,21.682964324951172
10739,4316561.251200699,3156173.09438644,13.18390941619873,62,40.872955322265625
10740,4316661.276655938,3156171.727481016,24.85679817199707,66,36.99918746948242
10741,4316761.302095505,3156170.360580633,21.615299224853516,64,37.05052185058594
10742,4316861.3275193665,3156168.9936852874,4.769938945770264,59,72.3042984008789
10743,4316961.352927497,3156167.6267949827,30.714704513549805,66,40.09337615966797
10744,4317061.378319859,3156166.259909714,13.065428733825684,63,46.36783218383789
10745,4317161.403696425,3156164.893029487,23.086090087890625,56,23.16912269592285
10746,4317261.429057166,3156163.5261543063,9.839529037475586,55,20.272075653076172
10747,4317361.454402051,3156162.159284163,23.132221221923828,63,38.48007583618164
10748,4317461.479731045,3156160.7924190597,19.54924201965332,80,48.46746063232422
10749,4317561.505044123,3156159.4255590015,24.92738914489746,73,46.36796188354492
10750,4317661.53034125,3156158.058703987,20.99489974975586,68,45.52460479736328
10751,4317761.555622398,3156156.6918540136,15.485579490661621,59,47.49092102050781
10752,4317861.580887535,3156155.32500908,12.045485496520996,59,38.75294494628906
10753,4317961.606136631,3156153.958169193,26.927143096923828,56,36.98703384399414
10754,4318061.631369654,3156152.591334352,22.453468322753906,68,39.78007888793945
10755,4318161.656586576,3156151.224504554,35.95661163330078,74,24.027008056640625
10756,4318261.681787364,3156149.857679804,16.37373161315918,69,36.351322174072266
10757,4318361.706971987,3156148.490860098,14.352279663085938,63,47.00602340698242
10758,4318461.732140415,3156147.124045438,12.844073295593262,52,50.98931121826172
10759,4318561.75729262,3156145.7572358223,2.921335458755493,39,57.37180709838867
10760,4318661.782428565,3156144.390431254,8.31657886505127,53,55.88462829589844
10761,4318761.807548226,3156143.0236317366,13.150632858276367,53,39.43544006347656
10762,4318861.832651569,3156141.656837264,7.6327738761901855,51,51.067562103271484
10763,4318961.857738563,3156140.2900478356,13.717976570129395,62,30.121484756469727
10764,4319061.882809179,3156138.923263458,25.898473739624023,97,31.461427688598633
10765,4319161.907863383,3156137.5564841316,91.382049560546875,100,0
10766,4319261.932901151,3156136.189709854,93.41690826416016,100,0
10767,4319361.957922445,3156134.822940626,90.282135009765625,97,0
10768,4319461.982927237,3156133.456176447,89.35579681396484,96,0
10769,4319562.007915497,3156132.089417317,90.93714904785156,98,0
10770,4319662.032887195,3156130.722663241,94.61997985839844,100,0
10771,4319762.057842299,3156129.3559142123,81.47212982177734,100,0.03430597111582756
10772,4319862.082780777,3156127.989170235,78.89319610595703,94,0
10773,4319962.107702601,3156126.622431314,80.3917465209961,92,0
10774,4320062.132607739,3156125.255697447,81.254852294921875,94,0
10775,4320162.15749616,3156123.8889686298,57.405006408691406,88,0
10776,4320262.182367834,3156122.5222448683,57.395320892333984,73,0
10777,4320362.207222732,3156121.15552616,69.50982666015625,85,0
10778,4320462.232060818,3156119.7888125028,73.9703369140625,91,0
10779,4320562.256882066,3156118.422103903,95.46532440185547,100,0
10780,4320662.281686444,3156117.055400358,96.48055267333984,100,0
10781,4320762.306473922,3156115.688701866,96.78401184082031,100,0
10782,4320862.33124447,3156114.3220084333,91.7513656616211,100,0
10783,4320962.355998052,3156112.9553200556,92.91880798339844,100,0
10784,4321062.380734644,3156111.5886367313,93.52327728271484,99,0
10785,4321162.405454211,3156110.2219584673,94.30194854736328,100,0
10786,4321262.430156725,3156108.8552852613,94.8160629272461,100,0
10826,4315259.552090053,3156090.83888134,57.54826354980469,91,14.084840774536133
10827,4315359.577748081,3156089.4719264032,23.034828186035156,88,0
10828,4315459.603390835,3156088.104976517,0.9193562269210815,50,0
10829,4315559.629018284,3156086.738031687,9.980154991149902,100,0
10830,4315659.654630398,3156085.37109191,24.85002326965332,100,0
10831,4315759.680227146,3156084.004157182,8.699110984802246,67,0
10832,4315859.705808498,3156082.637227508,0,0,0
10833,4315959.731374424,3156081.270302891,14.278497695922852,93,0.3696648180484772
10834,4316059.756924889,3156079.9033833263,52.4569206237793,92,3.244046688079834
10835,4316159.782459867,3156078.536468819,44.428504943847656,87,0
10836,4316259.807979326,3156077.169559366,32.907615661621094,82,0
10837,4316359.833483235,3156075.8026549695,48.626033782958984,91,0
10838,4316459.858971563,3156074.4357556277,33.80808639526367,80,9.570554733276367
10839,4316559.884444278,3156073.068861339,18.02529525756836,70,46.60173416137695
10840,4316659.909901353,3156071.7019721107,22.86272621154785,74,38.333438873291016
10841,4316759.935342754,3156070.335087942,15.036788940429688,60,51.55575180053711
10842,4316859.960768453,3156068.968208829,10.065768241882324,65,63.10726547241211
10843,4316959.986178417,3156067.601334771,28.991701126098633,65,41.218910217285156
10844,4317060.011572614,3156066.2344657728,12.244643211364746,62,59.73627471923828
10845,4317160.0369510185,3156064.8676018342,22.043041229248047,71,21.766315460205078
10846,4317260.062313596,3156063.500742957,27.250078201293945,74,16.176076889038086
10847,4317360.087660315,3156062.13388914,10.995187759399414,74,45.848731994628906
10848,4317460.112991149,3156060.767040381,8.61958122253418,80,40.46909713745117
10849,4317560.138306064,3156059.4001966845,22.38091468811035,71,40.43208312988281
10850,4317660.163605028,3156058.033358047,7.593623161315918,60,64.53074645996094
10851,4317760.188888013,3156056.666524471,10.990306854248047,49,55.991432189941406
10852,4317860.2141549885,3156055.299695956,7.592122554779053,52,50.35470962524414
10853,4317960.2394059235,3156053.9328725045,12.632575035095215,60,46.10126876831055
10854,4318060.264640783,3156052.566054116,11.83154296875,66,48.3088264465332
10855,4318160.289859545,3156051.1992407916,18.16815185546875,62,36.00531768798828
10856,4318260.315062172,3156049.8324325294,14.011616706848145,59,46.7343864440918
10857,4318360.340248633,3156048.465629333,23.25811004638672,60,35.829437255859375
10858,4318460.365418903,3156047.0988312,5.592962265014648,58,68.24565887451172
10859,4318560.390572946,3156045.732038129,4.099640846252441,58,56.72201156616211
10860,4318660.4157107305,3156044.3652501246,19.946901321411133,67,44.43796157836914
10861,4318760.440832233,3156042.99846719,15.18537425994873,72,44.82402420043945
10862,4318860.465937415,3156041.631689319,9.314704895019531,50,46.4753532409668
10863,4318960.491026251,3156040.264916514,9.595015525817871,53,40.36188888549805
10864,4319060.516098707,3156038.8981487737,52.0177001953125,100,18.19464111328125
10865,4319160.541154754,3156037.5313861016,94.12203216552734,100,0
10866,4319260.566194361,3156036.164628498,94.81800079345703,100,0
10867,4319360.591217497,3156034.7978759613,91.13404083251953,98,0
10868,4319460.616224131,3156033.431128496,90.37726593017578,97,0
10869,4319560.641214234,3156032.0643860986,92.08879852294922,100,0
10870,4319660.666187776,3156030.6976487683,91.56201171875,99,0
10871,4319760.691144719,3156029.3309165076,51.17348098754883,95,9.383709907531738
10872,4319860.716085042,3156027.964189319,68.77391815185547,91,0.4652007520198822
10873,4319960.741008709,3156026.5974672018,81.1114730834961,93,0
10874,4320060.765915691,3156025.230750154,71.929473876953125,91,0
10875,4320160.790805955,3156023.8640381778,73.4427719116211,92,0
10876,4320260.815679474,3156022.497331275,64.02935791015625,91,0
10877,4320360.840536213,3156021.1306294426,81.91607666015625,98,0
10878,4320460.865376146,3156019.7639326826,87.42793273925781,96,0
10879,4320560.890199238,3156018.3972409973,94.480072021484375,100,0
10880,4320660.915005461,3156017.030554386,93.913543701171875,100,0
10881,4320760.939794784,3156015.6638728487,92.42152404785156,100,0
10882,4320860.964567176,3156014.2971963836,94.90354919433594,100,0
10883,4320960.989322605,3156012.9305249928,96.80779266357422,100,0
10884,4321061.014061043,3156011.563858677,91.5753402709961,100,0
10885,4321161.038782459,3156010.197197438,91.49829864501953,100,0
10911,4315258.185326451,3155990.813148765,48.41975021362305,90,9.28375244140625
10912,4315358.210986317,3155989.4462097846,8.866643905639648,86,0
10913,4315458.236630909,3155988.079275874,0,0,0
10914,4315558.262260197,3155986.7123470334,24.613956451416016,98,0
10915,4315658.287874149,3155985.3454232668,33.525638580322266,96,0
10916,4315758.313472737,3155983.9785045716,0.254658579826355,59,0
10917,4315858.339055929,3155982.6115909475,4.174715042114258,75,0
10918,4315958.36462369,3155981.2446823944,20.918664932250977,90,11.373557090759277
10919,4316058.390175999,3155979.8777789166,27.5814151763916,79,30.68838119506836
10920,4316158.415712816,3155978.5108805103,7.39808988571167,75,0.3754662871360779
10921,4316258.441234115,3155977.143987179,5.381525993347168,76,0
10922,4316358.466739863,3155975.777098921,1.0112645626068115,65,0
10923,4316458.492230032,3155974.410215739,9.527223587036133,76,4.73259162902832
10924,4316558.517704588,3155973.0433376273,11.353419303894043,57,18.139768600463867
10925,4316658.543163504,3155971.676464594,14.95220947265625,60,22.645374298095703
10926,4316758.568606747,3155970.3095966373,26.957658767700195,68,30.053359985351562
10927,4316858.594034287,3155968.942733758,8.00056266784668,53,66.63236236572266
10928,4316958.619446092,3155967.5758759514,10.626577377319336,48,54.34217071533203
10929,4317058.644842134,3155966.2090232233,13.404569625854492,60,47.234947204589844
10930,4317158.670222379,3155964.842175574,16.53705596923828,52,29.762514114379883
10931,4317258.695586801,3155963.4753329996,21.41029930114746,67,41.57076644897461
10932,4317358.720935362,3155962.108495504,11.125712394714355,60,49.912899017333984
10933,4317458.746268039,3155960.7416630895,16.66112518310547,62,48.51783752441406
10934,4317558.771584796,3155959.3748357524,26.962646484375,69,27.88751983642578
10935,4317658.796885604,3155958.0080134957,2.400740385055542,57,48.942138671875
10936,4317758.822170433,3155956.6411963194,1.13921058177948,41,58.032859802246094
10937,4317858.847439255,3155955.274384223,4.756804466247559,47,59.0938720703125
10938,4317958.872692033,3155953.907577205,8.976161003112793,56,50.755882263183594
10939,4318058.897928739,3155952.540775271,11.159523963928223,61,38.95741653442383
10940,4318158.923149343,3155951.1739784186,10.03988265991211,65,58.72820281982422
10941,4318258.948353816,3155949.8071866445,5.981180667877197,50,59.10224151611328
10942,4318358.973542124,3155948.4403999574,2.6858723163604736,47,64.43682098388672
10943,4318458.998714237,3155947.0736183515,17.03482437133789,56,47.171958923339844
10944,4318559.023870126,3155945.706841828,16.427467346191406,55,51.19071578979492
10945,4318659.049009759,3155944.340070388,15.427471160888672,67,45.54627227783203
10946,4318759.074133106,3155942.9733040333,24.2906551361084,72,38.45195007324219
10947,4318859.099240135,3155941.6065427624,16.42136573791504,67,47.86821365356445
10948,4318959.124330816,3155940.2397865774,7.240959167480469,72,54.14683151245117
10949,4319059.149405121,3155938.873035476,71.8733901977539,97,5.596063613891602
10950,4319159.174463014,3155937.5062894584,94.26195526123047,100,0
10951,4319259.1995044695,3155936.139548531,96.85359191894531,100,0
10952,4319359.224529454,3155934.772812688,89.795623779296875,99,0
10953,4319459.249537936,3155933.406081933,89.6211166381836,98,0
10954,4319559.274529886,3155932.0393562666,92.5222396850586,100,0
10955,4319659.299505275,3155930.6726356843,88.38566589355469,100,0
10956,4319759.324464071,3155929.305920191,84.61602020263672,95,0
10957,4319859.3494062405,3155927.9392097904,85.64776611328125,96,0
10958,4319959.3743317565,3155926.5725044757,83.12091827392578,94,0
10959,4320059.399240588,3155925.2058042493,69.1639404296875,84,0
10960,4320159.424132702,3155923.839109113,79.868682861328125,94,0
10961,4320259.449008071,3155922.4724190687,84.50877380371094,95,0
10962,4320359.473866661,3155921.105734115,91.23199462890625,97,0
10963,4320459.498708445,3155919.739054253,95.94923400878906,100,0
10964,4320559.523533386,3155918.3723794813,96.62902069091797,100,0
10965,4320659.548341462,3155917.0057098023,89.50492858886719,100,0
10966,4320759.573132636,3155915.6390452147,92.83971405029297,100,0
10967,4320859.597906878,3155914.2723857183,93.06758880615234,100,0
10968,4320959.622664159,3155912.905731317,97.168365478515625,100,0
10969,4321059.647404451,3155911.539082011,93.2672119140625,100,0
10989,4315256.8185795015,3155890.787417589,39.171966552734375,93,0
10990,4315356.84424121,3155889.4204945625,15.433797836303711,88,0
10991,4315456.869887647,3155888.053576627,0.3183390498161316,80,0
10992,4315556.89551878,3155886.6866637785,0.8365023136138916,82,0
10993,4315656.921134578,3155885.319756024,10.25113582611084,77,0
10994,4315756.946735011,3155883.952853359,1.159916639328003,65,0
10995,4315856.972320045,3155882.585955781,41.21549987792969,94,0
10996,4315956.997889656,3155881.2190632955,47.283206939697266,91,0
10997,4316057.023443807,3155879.852175903,19.309253692626953,81,6.713537216186523
10998,4316157.048982472,3155878.4852936002,5.7087812423706055,60,1.7772504091262817
10999,4316257.074505616,3155877.1184163867,4.61677885055542,57,0
11000,4316357.100013212,3155875.751544269,0,0,22.449249267578125
11001,4316457.125505225,3155874.3846772457,0,0,23.858463287353516
11002,4316557.150981632,3155873.0178153133,0,0,0
11003,4316657.176442393,3155871.6509584733,4.069247245788574,60,0
11004,4316757.201887485,3155870.2841067323,19.82099151611328,75,2.666773796081543
11005,4316857.227316872,3155868.917260084,8.576314926147461,60,62.19506072998047
11006,4316957.252730526,3155867.550418529,4.777708053588867,51,70.95594024658203
11007,4317057.278128416,3155866.1835820703,5.574896335601807,62,62.2639274597168
11008,4317157.3035105085,3155864.816750707,9.735517501831055,49,43.1627311706543
11009,4317257.328876778,3155863.4499244397,8.727306365966797,59,55.69603729248047
11010,4317357.354227191,3155862.0831032675,18.15092658996582,66,35.92790985107422
11011,4317457.379561716,3155860.7162871924,13.852745056152344,65,48.289161682128906
11012,4317557.404880322,3155859.3494762154,16.951271057128906,67,37.7553596496582
11013,4317657.43018298,3155857.9826703393,34.5904426574707,76,23.443143844604492
11014,4317757.45546966,3155856.615869564,11.070924758911133,70,40.243690490722656
11015,4317857.480740329,3155855.249073885,1.3190864324569702,39,65.79996490478516
11016,4317957.505994958,3155853.8822833,1.5984408855438232,48,90.81005096435547
11017,4318057.5312335165,3155852.5154978186,7.068300724029541,51,64.8839111328125
11018,4318157.556455972,3155851.148717439,5.965248107910156,47,62.68875503540039
11019,4318257.581662295,3155849.7819421566,2.259854316711426,59,63.26095199584961
11020,4318357.606852455,3155848.415171975,2.4028804302215576,62,46.41569519042969
11021,4318457.632026419,3155847.0484068966,7.674040794372559,55,54.226497650146484
11022,4318557.65718416,3155845.68164692,11.653157234191895,55,43.33502197265625
11023,4318657.682325646,3155844.3148920443,4.67097282409668,57,47.093048095703125
11024,4318757.707450845,3155842.9481422696,10.569265365600586,68,42.91556930541992
11025,4318857.732559726,3155841.5813976,28.191333770751953,90,36.918861389160156
11026,4318957.757652263,3155840.214658035,53.88960266113281,94,9.504846572875977
11027,4319057.78272842,3155838.847923571,35.682674407958984,98,30.99812126159668
11028,4319157.807788166,3155837.481194211,67.19789123535156,98,7.653772354125977
11029,4319257.832831475,3155836.1144699585,88.77790832519531,100,0
11030,4319357.857858312,3155834.747750809,87.7276840209961,97,0
11031,4319457.882868649,3155833.3810367663,85.52677154541016,94,0
11032,4319557.907862456,3155832.0143278283,90.14753723144531,100,0
11033,4319657.932839697,3155830.647623994,80.96540069580078,97,0
11034,4319757.957800349,3155829.2809252674,77.3697509765625,93,0
11035,4319857.982744373,3155827.914231651,81.66368103027344,93,0
11036,4319958.007671746,3155826.5475431397,75.541412353515625,89,0
11037,4320058.032582432,3155825.1808597366,86.35902404785156,99,0
11038,4320158.057476404,3155823.8141814424,86.82298278808594,96,0
11039,4320258.082353627,3155822.4475082564,85.0871810913086,95,0
11040,4320358.107214075,3155821.0808401816,94.4645004272461,100,0
11041,4320458.132057714,3155819.7141772127,98.3460922241211,100,0
11042,4320558.156884514,3155818.3475193568,95.383575439453125,100,0
11043,4320658.181694446,3155816.980866609,91.61385345458984,100,0
11044,4320758.206487478,3155815.6142189726,97.100921630859375,100,0
11045,4320858.231263578,3155814.2475764463,98.48101806640625,100,0
11046,4320958.256022719,3155812.880939033,92.88179779052734,100,0
11047,4321058.280764867,3155811.514306732,93.978515625,100,0
11065,4315255.451849203,3155790.761687817,2.444883108139038,89,0
11066,4315355.477512762,3155789.394780747,0,0,0
11067,4315455.5031610485,3155788.0278787874,2.149712562561035,80,0
11068,4315555.528794033,3155786.6609819327,3.264436960220337,82,0
11069,4315655.55441168,3155785.2940901853,5.0743937492370605,77,0
11070,4315755.580013965,3155783.927203544,22.386474609375,96,0
11071,4315855.6056008525,3155782.560322017,10.780722618103027,94,0
11072,4315955.631172314,3155781.193445598,0,0,0
11073,4316055.656728318,3155779.826574289,0,0,0
11074,4316155.682268833,3155778.4597080904,0,0,0
11075,4316255.70779383,3155777.092846999,0,0,0.7343214750289917
11076,4316355.733303279,3155775.725991022,0,0,13.996222496032715
11077,4316455.758797148,3155774.359140157,0,0,1.3747339248657227
11078,4316555.784275403,3155772.9922944005,0,0,0
11079,4316655.809738021,3155771.625453756,0.03894048556685448,60,0
11080,4316755.835184965,3155770.2586182267,9.87298583984375,75,6.271780014038086
11081,4316855.860616206,3155768.8917878103,1.4581639766693115,51,84.43448638916016
11082,4316955.886031714,3155767.524962506,1.527108073234558,46,86.6366195678711
11083,4317055.911431457,3155766.1581423148,6.54302453994751,59,64.04187774658203
11084,4317155.936815407,3155764.791327238,3.9842193126678467,49,64.83739471435547
11085,4317255.96218353,3155763.4245172786,13.72603702545166,66,49.88657760620117
11086,4317355.987535799,3155762.0577124325,5.945201873779297,58,51.05508041381836
11087,4317456.012872177,3155760.690912702,3.347402572631836,57,65.87107849121094
11088,4317556.038192642,3155759.324118086,3.1234893798828125,48,57.6223030090332
11089,4317656.063497157,3155757.9573285873,41.06664276123047,72,25.461158752441406
11090,4317756.088785691,3155756.590544208,36.633995056152344,85,34.981658935546875
11091,4317856.114058216,3155755.2237649467,16.449268341064453,72,59.079368591308594
11092,4317956.139314704,3155753.8569907993,3.700340509414673,49,82.34578704833984
11093,4318056.164555117,3155752.4902217677,13.616405487060547,67,44.46284103393555
11094,4318156.189779431,3155751.1234578597,12.196293830871582,57,47.249664306640625
11095,4318256.2149876105,3155749.7566990685,30.543996810913086,71,29.710298538208008
11096,4318356.240179628,3155748.3899453944,16.77975845336914,71,47.80348587036133
11097,4318456.265355451,3155747.023196843,5.818492889404297,42,46.11008834838867
11098,4318556.29051505,3155745.6564534125,27.20425796508789,80,28.732484817504883
11099,4318656.315658394,3155744.2897150996,25.225963592529297,88,18.50640869140625
11100,4318756.340785451,3155742.9229819095,33.54535675048828,81,23.389816284179688
11101,4318856.365896193,3155741.5562538416,20.347869873046875,77,51.32291030883789
11102,4318956.390990588,3155740.189530895,29.889652252197266,83,13.431818962097168
11103,4319056.416068603,3155738.8228130657,12.515621185302734,65,51.297637939453125
11104,4319156.441130211,3155737.4561003633,51.301673889160156,90,19.08233642578125
11105,4319256.466175379,3155736.0893927854,79.49297332763672,90,0
11106,4319356.491204076,3155734.722690329,81.66761779785156,93,0
11107,4319456.516216275,3155733.355992999,79.502655029296875,93,0
11108,4319556.541211939,3155731.98930079,81.85420227050781,99,0
11109,4319656.566191045,3155730.6226137043,81.138031005859375,94,0
11110,4319756.591153555,3155729.2559317453,80.5224609375,91,0
11111,4319856.616099442,3155727.889254912,83.74131774902344,96,0
11112,4319956.641028674,3155726.5225832043,89.94722747802734,100,0
11113,4320056.665941225,3155725.1559166242,95.9455337524414,100,0
11114,4320156.690837056,3155723.789255171,83.19011688232422,97,0
11115,4320256.715716144,3155722.4225988435,88.72413635253906,97,0
11116,4320356.740578454,3155721.0559476432,94.87395477294922,100,0
11117,4320456.765423956,3155719.6893015713,98.91252136230469,100,0
11118,4320556.790252619,3155718.3226606296,96.94770050048828,100,0
11119,4320656.815064414,3155716.9560248144,99.44390869140625,100,0
11120,4320756.839859311,3155715.589394129,99.01873016357422,100,0
11121,4320856.864637272,3155714.222768575,96.60408782958984,100,0
11122,4320956.889398279,3155712.8561481475,88.4233169555664,98,0
11133,4315254.085135556,3155690.7359594554,27.190311431884766,89,0
11134,4315354.110800971,3155689.3690683427,22.790016174316406,84,0
11135,4315454.136451115,3155688.002182357,6.690157890319824,71,0
11136,4315554.162085954,3155686.6353014936,10.872164726257324,67,0
11137,4315654.187705461,3155685.268425758,0.8458265662193298,65,0
11138,4315754.213309603,3155683.9015551475,6.439085960388184,80,0
11139,4315854.238898347,3155682.534689664,0,0,0
11140,4315954.264471666,3155681.167829312,0,0,0
11141,4316054.290029529,3155679.8009740864,0,0,0
11142,4316154.315571902,3155678.4341239897,0,0,0
11143,4316254.341098759,3155677.0672790213,0,0,1.5606582164764404
11144,4316354.366610067,3155675.7004391826,0,0,38.76667404174805
11145,4316454.392105794,3155674.3336044746,0,0,24.490957260131836
11146,4316554.417585909,3155672.9667748963,0,0,0
11147,4316654.443050386,3155671.599950447,0,0,0
11148,4316754.46849919,3155670.2331311307,4.868778228759766,63,11.055465698242188
11149,4316854.493932291,3155668.8663169458,0.28080666065216064,48,95.5724868774414
11150,4316954.519349661,3155667.4995078905,1.456495761871338,55,85.98583221435547
11151,4317054.544751263,3155666.132703969,11.672296524047852,74,69.39952087402344
11152,4317154.570137073,3155664.765905181,1.7169965505599976,41,67.05022430419922
11153,4317254.595507058,3155663.3991115256,4.0130205154418945,48,50.48911666870117
11154,4317354.620861187,3155662.032323003,5.236008644104004,52,61.820316314697266
11155,4317454.6461994285,3155660.665539617,0.9077944755554199,46,84.64892578125
11156,4317554.671521754,3155659.2987613636,0.2798059284687042,28,78.880126953125
11157,4317654.69682813,3155657.9319882425,9.506916046142578,63,54.0206184387207
11158,4317754.722118528,3155656.5652202605,25.431928634643555,86,46.6317024230957
11159,4317854.747392916,3155655.198457416,6.584144592285156,71,56.871009826660156
11160,4317954.772651265,3155653.831699704,9.235383033752441,56,62.550025939941406
11161,4318054.797893544,3155652.4649471273,6.438233852386475,58,72.59251403808594
11162,4318154.8231197195,3155651.0981996893,7.270312786102295,50,58.01803970336914
11163,4318254.848329762,3155649.7314573876,11.799352645874023,49,44.0796012878418
11164,4318354.873523643,3155648.3647202235,0.8594062328338623,45,61.7039680480957
11165,4318454.898701332,3155646.9979881984,2.6391689777374268,38,61.746116638183594
11166,4318554.923862794,3155645.6312613133,6.141840934753418,51,50.259132385253906
11167,4318654.949008002,3155644.2645395636,15.227426528930664,58,42.24922180175781
11168,4318754.974136925,3155642.897822955,24.757923126220703,71,37.714717864990234
11169,4318854.999249531,3155641.531111488,10.16029167175293,57,53.86649703979492
11170,4318955.02434579,3155640.1644051597,15.48383903503418,72,40.19483184814453
11171,4319055.049425673,3155638.79770397,18.25893783569336,72,38.236183166503906
11172,4319155.074489146,3155637.4310079226,64.21525573730469,90,10.825155258178711
11173,4319255.09953618,3155636.064317019,83.11396789550781,93,0
11174,4319355.124566745,3155634.6976312543,83.17973327636719,97,0
11175,4319455.149580807,3155633.330950634,81.894775390625,100,0
11176,4319555.174578342,3155631.9642751575,79.65577697753906,100,0
11177,4319655.199559311,3155630.597604822,84.9180679321289,92,0
11178,4319755.2245236905,3155629.230939629,84.53870391845703,91,0
11179,4319855.249471446,3155627.8642795803,91.1947021484375,97,0
11180,4319955.274402546,3155626.4976246753,96.27953338623047,100,0
11181,4320055.299316962,3155625.1309749163,97.9068832397461,100,0
11182,4320155.324214663,3155623.7643303033,82.27928924560547,96,0
11183,4320355.373959797,3155621.0310565126,95.55884552001953,100,0
11184,4320455.398807169,3155619.664427338,97.3507080078125,100,0
11185,4320555.423637703,3155618.2978033116,97.38238525390625,100,0
11186,4320655.448451366,3155616.931184429,97.92771911621094,100,0
11187,4320755.4732481325,3155615.564570692,95.508148193359375,100,0
11188,4320855.498027965,3155614.1979621076,94.74159240722656,100,0
11189,4320955.522790839,3155612.83135867,93.637603759765625,100,0
11196,4315652.821015918,3155585.242762743,0,0,0
11197,4315752.84662192,3155583.8759081606,0,0,0
11198,4315852.87221253,3155582.509058726,4.197066307067871,55,0
11199,4315952.8977877125,3155581.1422144403,0,0,0
11200,4316052.92334744,3155579.7753753006,0,0,0
11201,4316152.948891679,3155578.408541305,0,0,0
11202,4316252.974420399,3155577.041712456,0,0,0
11203,4316352.9999335725,3155575.674888755,0,0,0
11204,4316453.025431165,3155574.3080702047,0,0,0
11205,4316553.050913147,3155572.941256803,0,0,0
11206,4316653.076379487,3155571.5744485506,0,0,0
11207,4316753.101830157,3155570.2076454484,18.695398330688477,69,7.016681671142578
11208,4316853.1272651255,3155568.840847495,4.889651775360107,67,68.91386413574219
11209,4316953.15268436,3155567.47405469,2.0944180488586426,69,79.51292419433594
11210,4317053.178087832,3155566.107267039,10.736907958984375,69,56.79674530029297
11211,4317153.203475508,3155564.740484537,2.922271966934204,55,59.21501541137695
11212,4317253.228847359,3155563.373707189,1.360564947128296,39,77.36839294433594
11213,4317353.254203356,3155562.0069349906,7.483462333679199,66,62.650169372558594
11214,4317453.279543466,3155560.6401679446,16.525571823120117,62,59.23494338989258
11215,4317553.304867658,3155559.2734060516,4.953239917755127,52,68.6914291381836
11216,4317653.330175904,3155557.9066493097,9.92319107055664,59,63.67955017089844
11217,4317753.355468169,3155556.539897727,0.7682520747184753,43,83.5977783203125
11218,4317853.380744427,3155555.1731513,2.9785079956054688,46,78.864532470703125
11219,4317953.406004645,3155553.8064100225,3.746375560760498,40,77.62501525878906
11220,4318053.431248792,3155552.439673899,7.914493560791016,56,58.133731842041016
11221,4318153.456476837,3155551.072942931,8.609740257263184,56,55.044952392578125
11222,4318253.481688751,3155549.70621712,14.15813159942627,52,48.708290100097656
11223,4318353.506884501,3155548.3394964654,3.8350749015808105,46,55.007598876953125
11224,4318453.53206406,3155546.972780968,8.391087532043457,43,46.500423431396484
11225,4318553.557227394,3155545.606070626,9.091092109680176,48,46.76394271850586
11226,4318653.582374472,3155544.239365442,12.073585510253906,57,41.52565383911133
11227,4318753.607505266,3155542.8726654146,16.874738693237305,54,46.06538391113281
11228,4318853.632619743,3155541.505970545,21.77671241760254,65,39.559696197509766
11229,4318953.657717874,3155540.1392808366,49.66677474975586,83,8.6530179977417
11230,4319053.682799627,3155538.7725962875,36.6806640625,88,24.76264762878418
11231,4319153.707864973,3155537.4059168957,81.9228286743164,90,0
11232,4319253.73291388,3155536.039242665,83.69970703125,93,0
11233,4319353.757946315,3155534.6725735934,84.84637451171875,94,0
11234,4319453.782962252,3155533.305909684,85.1615219116211,96,0
11235,4319553.8079616595,3155531.9392509353,86.084869384765625,100,0
11236,4319653.832944503,3155530.5725973495,85.41632843017578,95,0
11237,4319753.857910754,3155529.205948924,85.020172119140625,96,0
11238,4319853.882860383,3155527.8393056584,88.37902069091797,96,0
11239,4319953.907793357,3155526.4726675567,89.65852355957031,100,0
11240,4320053.932709648,3155525.106034621,93.62201690673828,100,0
11241,4320153.957609224,3155523.739406848,87.15478515625,96,0
11242,4320354.007358107,3155521.006166794,91.07976531982422,100,0
11243,4320454.032207355,3155519.6395545164,96.29522705078125,100,0
11244,4320554.057039762,3155518.272947403,98.38420104980469,100,0
11245,4320654.081855303,3155516.9063454517,96.4148178100586,100,0
11246,4320754.106653943,3155515.5397486654,98.29412078857422,100,0
11247,4320854.131435653,3155514.1731570507,94.67005920410156,100,0
11248,4320954.156200403,3155512.8065706026,91.81327819824219,100,0
11254,4315651.454343049,3155485.217101149,5.066455364227295,73,0
11255,4315751.479950923,3155483.8502625967,0,0,0
11256,4315851.505543402,3155482.483429208,0,0,0
11257,4315951.531120455,3155481.1166009875,0,0,0
11258,4316051.556682051,3155479.7497779313,0,0,0
11259,4316151.582228162,3155478.3829600397,0,0,0
11260,4316251.607758753,3155477.0161473127,0,0,0
11261,4316351.633273796,3155475.649339754,0,0,0
11262,4316451.65877326,3155474.2825373597,0,0,0
11263,4316551.684257114,3155472.9157401333,0,0,0
11264,4316651.70972533,3155471.5489480756,16.90330696105957,78,0.020442195236682892
11265,4316751.73517787,3155470.1821611873,28.858983993530273,80,19.578628540039062
11266,4316851.760614711,3155468.8153794636,0.3597496747970581,23,6.17569637298584
11267,4316951.786035818,3155467.44860291,16.701215744018555,66,7.561506271362305
11268,4317051.811441162,3155466.081831529,5.261297225952148,66,62.638099670410156
11269,4317151.836830713,3155464.7150653135,6.254749298095703,53,49.87420654296875
11270,4317251.862204437,3155463.3483042712,0.3224572241306305,39,75.83259582519531
11271,4317351.887562307,3155461.9815483997,16.18471336364746,67,62.058292388916016
11272,4317451.912904291,3155460.614797694,17.91889762878418,66,47.817543029785156
11273,4317551.938230357,3155459.2480521607,2.454610824584961,44,76.4849853515625
11274,4317651.963540477,3155457.881311801,0.7885234951972961,37,77.040435791015625
11275,4317751.988834619,3155456.5145766144,0.6223418116569519,28,85.33123779296875
11276,4317852.01411275,3155455.1478465996,13.798738479614258,54,48.838863372802734
11277,4317952.039374842,3155453.7811217583,3.730677843093872,45,65.953704833984375
11278,4318052.064620865,3155452.414402089,5.707612037658691,56,66.6588363647461
11279,4318152.089850785,3155451.047687593,10.12608528137207,57,53.6599006652832
11280,4318252.115064574,3155449.68097827,11.825919151306152,66,45.85246658325195
11281,4318352.140262202,3155448.3142741243,21.73016357421875,66,40.951358795166016
11282,4318452.1654436365,3155446.947575154,24.24275779724121,64,36.186641693115234
11283,4318552.190608847,3155445.5808813595,13.015433311462402,53,57.137203216552734
11284,4318652.215757804,3155444.2141927388,29.24597930908203,71,37.36463928222656
11285,4318752.240890473,3155442.8475092943,22.795381546020508,67,37.46110534667969
11286,4318852.266006828,3155441.4808310266,35.45637130737305,70,11.390650749206543
11287,4318952.291106838,3155440.114157936,16.395206451416016,70,3.3421967029571533
11288,4319052.316190467,3155438.747490025,17.174102783203125,69,0.21776969730854034
11289,4319152.341257691,3155437.380827289,64.89292907714844,91,0
11290,4319252.366308476,3155436.01416973,84.70465850830078,95,0
11291,4319352.391342792,3155434.647517353,82.4449462890625,95,0
11292,4319452.416360607,3155433.280870155,89.64347076416016,100,0
11293,4319552.441361891,3155431.914228134,93.95941925048828,100,0
11294,4319652.466346616,3155430.5475912937,88.38108825683594,95,0
11295,4319752.491314745,3155429.1809596373,88.06255340576172,98,0
11296,4319852.516266255,3155427.8143331585,89.3539047241211,98,0
11297,4319952.541201111,3155426.447711861,91.388702392578125,100,0
11298,4320052.5661192825,3155425.0810957467,77.246307373046875,100,0
11299,4320152.591020737,3155423.7144848127,34.7674560546875,89,0
11300,4320352.640773383,3155420.9812784954,69.76323699951172,100,0
11301,4320452.665624509,3155419.6146831103,90.19461822509766,100,0
11302,4320552.6904588,3155418.24809291,96.432861328125,100,0
11303,4315550.062061743,3155386.5582686863,16.132217407226562,80,0
11304,4315650.087686858,3155385.1914409846,1.8313149213790894,76,0
11305,4315750.1132966075,3155383.824618464,0,0,0
11306,4315850.138890962,3155382.457801121,0,0,0
11307,4315950.164469892,3155381.090988964,0,0,0
11308,4316050.190033365,3155379.724181993,0,0,0
11309,4316150.215581351,3155378.3573802044,0,0,0
11310,4316250.24111382,3155376.9905835986,0,0,0
11311,4316350.266630742,3155375.623792178,0,0,0
11312,4316450.292132081,3155374.257005943,0,0,0
11313,4316550.317617815,3155372.8902248945,0,0,0
11314,4316650.343087906,3155371.5234490316,1.3027313947677612,75,0.9513845443725586
11315,4316750.368542328,3155370.1566783567,20.541955947875977,75,14.080118179321289
11316,4316850.393981045,3155368.7899128636,46.33289337158203,92,15.270111083984375
11317,4316950.419404032,3155367.423152557,31.482389450073242,96,4.658261775970459
11318,4317050.444811255,3155366.056397445,14.561373710632324,80,38.94432830810547
11319,4317150.470202684,3155364.6896475195,7.717142581939697,63,54.01240539550781
11320,4317250.49557829,3155363.322902781,1.5380359888076782,41,70.15340423583984
11321,4317350.52093804,3155361.956163232,8.37378978729248,56,57.643558502197266
11322,4317450.546281901,3155360.5894288714,7.563989639282227,56,63.481422424316406
11323,4317550.57160985,3155359.2226996995,0.26981285214424133,27,80.07898712158203
11324,4317650.596921848,3155357.855975719,2.6516807079315186,35,67.411773681640625
11325,4317750.62221787,3155356.4892569287,13.894946098327637,58,45.76519012451172
11326,4317850.647497884,3155355.1225433275,2.387758731842041,49,59.512367248535156
11327,4317950.6727618575,3155353.75583492,6.235682964324951,52,64.19121551513672
11328,4318050.698009761,3155352.389131705,3.696303367614746,63,65.5025405883789
11329,4318150.723241565,3155351.022433681,26.314306259155273,66,39.819034576416016
11330,4318250.748457235,3155349.655740849,26.446735382080078,76,31.12448501586914
11331,4318350.773656745,3155348.2890532105,33.38067626953125,84,26.453866958618164
11332,4318450.798840063,3155346.9223707663,33.0540657043457,76,25.07554817199707
11333,4318550.824007154,3155345.5556935156,35.26945877075195,79,16.974531173706055
11334,4318650.849157994,3155344.1890214593,24.89967155456543,70,6.849095821380615
11335,4318750.874292549,3155342.8223545966,9.435661315917969,55,0
11336,4318850.899410786,3155341.45569293,0.908102810382843,56,0
11337,4318950.924512678,3155340.0890364577,12.781658172607422,64,0
11338,4319050.949598194,3155338.722385185,15.444215774536133,73,0
11339,4319150.9746673005,3155337.355739105,50.95733642578125,96,0
11340,4319250.99971997,3155335.9890982215,89.06261444091797,98,0
11341,4319351.024756171,3155334.622462537,89.37430572509766,100,0
11342,4319451.0497758705,3155333.2558320505,95.11039733886719,100,0
11343,4319551.074779042,3155331.88920676,93.67887115478516,100,0
11344,4319651.099765651,3155330.522586666,90.29652404785156,99,0
11345,4319751.124735668,3155329.1559717744,86.001007080078125,95,0
11346,4319851.1496890625,3155327.7893620827,87.09856414794922,95,0
11347,4319951.174625804,3155326.4227575893,82.52701568603516,96,0
11348,4320051.19954586,3155325.056158295,11.180365562438965,90,0
11349,4315448.669778017,3155287.899410843,48.79103088378906,100,0
11350,4315548.695420347,3155286.532593945,13.980627059936523,90,0
11351,4315648.721047343,3155285.1657822533,0,0,0
11352,4315748.746658973,3155283.798975761,0,0,0
11353,4315848.772255211,3155282.4321744675,0,0,0
11354,4315948.797836024,3155281.0653783777,0,0,0
11355,4316048.823401379,3155279.6985874893,0,0,0
11356,4316148.84895125,3155278.331801802,0,0,0
11357,4316248.874485601,3155276.9650213188,0,0,0
11358,4316348.900004405,3155275.5982460366,0,0,0
11359,4316448.92550763,3155274.23147596,0,0,0
11360,4316548.950995247,3155272.864711089,0,0,0
11361,4316648.976467223,3155271.497951421,0,0,0
11362,4316749.001923528,3155270.1311969566,3.0987730026245117,72,6.169396877288818
11363,4316849.02736413,3155268.7644476956,19.774381637573242,90,0
11364,4316949.052789003,3155267.3977036425,30.955305099487305,100,0
11365,4317049.078198112,3155266.030964797,12.27279281616211,80,16.67376708984375
11366,4317149.103591425,3155264.6642311574,6.3056182861328125,41,34.37666702270508
11367,4317249.128968916,3155263.297502725,6.27269172668457,47,54.81245803833008
11368,4317349.15433055,3155261.9307794976,5.09354829788208,53,50.64619827270508
11369,4317449.179676302,3155260.5640614787,13.896870613098145,62,51.530738830566406
11370,4317549.205006135,3155259.1973486696,5.879912376403809,53,58.08489227294922
11371,4317649.2303200215,3155257.8306410653,5.592441558837891,48,54.022674560546875
11372,4317749.255617929,3155256.463938674,6.799951553344727,43,50.417842864990234
11373,4317849.280899829,3155255.0972414897,3.73105788230896,52,71.25309753417969
11374,4317949.3061656915,3155253.7305495157,5.273052215576172,52,60.00244903564453
11375,4318049.331415482,3155252.3638627543,10.641851425170898,60,42.81782150268555
11376,4318149.356649173,3155250.997181202,12.010215759277344,62,48.53081512451172
11377,4318249.381866734,3155249.6305048596,2.349086284637451,51,68.2857437133789
11378,4318349.407068131,3155248.2638337305,8.843998908996582,63,54.59645462036133
11379,4318449.4322533365,3155246.89716781,12.374870300292969,56,44.92518997192383
11380,4318549.457422318,3155245.530507105,2.390761613845825,57,56.69444274902344
11381,4318649.482575048,3155244.163851613,1.39382004737854,57,19.048524856567383
11382,4318749.50771149,3155242.7972013294,3.608247756958008,78,0
11383,4318849.532831618,3155241.430556264,5.165756702423096,69,0
11384,4318949.557935401,3155240.0639164126,1.8872400522232056,63,0
11385,4319049.583022805,3155238.6972817746,0,0,0
11386,4319149.608093804,3155237.330652352,16.078691482543945,91,0
11387,4319249.633148364,3155235.964028144,68.37501525878906,96,0
11388,4319349.658186454,3155234.5974091515,52.880985260009766,94,0
11389,4319449.6832080465,3155233.2307953755,39.21784973144531,95,0
11390,4319549.708213108,3155231.8641868164,47.406455993652344,94,0
11391,4319649.733201607,3155230.497583471,51.84163284301758,97,0
11392,4319749.758173517,3155229.1309853448,57.55839538574219,95,0
11393,4319849.783128805,3155227.764392437,64.7099838256836,91,0
11394,4319949.808067437,3155226.3978047455,26.904743194580078,86,0
11395,4315447.303151403,3155187.8737215516,48.810997009277344,100,0
11396,4315547.328795621,3155186.5069206473,0,0,0
11397,4315647.354424504,3155185.140124961,0,0,0
11398,4315747.380038023,3155183.773334498,0,0,0
11399,4315847.405636149,3155182.4065492535,0,0,0
11400,4315947.431218851,3155181.039769232,0,0,0
11401,4316047.456786095,3155179.6729944255,0,0,0
11402,4316147.482337853,3155178.30622484,0,0,0
11403,4316247.507874096,3155176.939460478,0,0,0
11404,4316347.53339479,3155175.572701336,0,0,0
11405,4316447.558899904,3155174.2059474173,0,0,0
11406,4316547.58438941,3155172.8391987206,0,0,0
11407,4316647.609863277,3155171.4724552436,0,0,0
11408,4316747.635321471,3155170.105716994,0,0,3.306432008743286
11409,4316847.660763968,3155168.7389839664,0,0,0
11410,4316947.686190729,3155167.372256165,0,0,0
11411,4317047.711601729,3155166.005533587,0,0,0
11412,4317147.736996934,3155164.638816233,0,0,0
11413,4317247.762376318,3155163.2721041054,0,0,1.3161287307739258
11414,4317347.787739846,3155161.905397201,1.4357893466949463,52,3.328794479370117
11415,4317447.813087488,3155160.5386955272,5.341075897216797,64,12.184164047241211
11416,4317547.838419214,3155159.1719990773,0,0,33.33863830566406
11417,4317647.863734993,3155157.805307854,0.7894527316093445,41,44.70649337768555
11418,4317747.889034795,3155156.4386218567,3.4518041610717773,43,30.69759750366211
11419,4317847.914318589,3155155.071941091,1.8011893033981323,58,46.944610595703125
11420,4317947.939586344,3155153.7052655527,5.6629133224487305,58,44.328407287597656
11421,4318047.964838028,3155152.338595242,4.297449111938477,53,35.824954986572266
11422,4318147.990073613,3155150.971930161,4.541964530944824,51,18.223878860473633
11423,4318248.015293066,3155149.605270308,0.2698134779930115,27,40.869117736816406
11424,4318348.04049636,3155148.238615687,8.959634780883789,59,57.89976119995117
11425,4318448.065683461,3155146.8719662945,9.595728874206543,64,54.901058197021484
11426,4318548.090854337,3155145.505322134,25.885618209838867,90,41.4835319519043
11427,4318648.116008961,3155144.138683204,6.410950660705566,54,38.38703536987305
11428,4318748.1411473,3155142.7720495034,0,0,0
11429,4318848.166269324,3155141.405421039,0,0,0
11430,4318948.191375002,3155140.038797806,0,0,0
11431,4319048.216464304,3155138.6721798046,0,0,0
11432,4319148.2415371975,3155137.305567036,0,0,0
11433,4319248.266593655,3155135.938959502,0,0,0
11434,4319348.291633643,3155134.5723572047,0,0,0
11435,4319448.316657132,3155133.2057601395,0,0,0
11436,4319548.341664091,3155131.8391683055,0,0,0
11437,4319648.36665449,3155130.47258171,0,0,0
11438,4315445.936541455,3155087.8480337053,23.929340362548828,86,0
11439,4315545.962187565,3155086.4812487955,0,0,0
11440,4315645.987818342,3155085.114469119,0,0,0
11441,4315746.013433758,3155083.7476946814,0,0,0
11442,4315846.039033776,3155082.3809254854,0,0,0
11443,4315946.064618373,3155081.014161528,0,0,0
11444,4316046.090187513,3155079.6474028057,0,0,0
11445,4316146.115741167,3155078.280649324,0,0,0
11446,4316246.1412793035,3155076.913901082,0,0,0
11447,4316346.166801891,3155075.54715808,0,0,0
11448,4316446.1923089055,3155074.18042032,0,0,0
11449,4316546.217800305,3155072.813687799,0,0,0
11450,4316646.243276068,3155071.4469605167,0,0,0
11451,4316746.268736163,3155070.080238482,2.3064053058624268,54,0
11452,4316846.2941805525,3155068.713521685,9.57416820526123,73,0
11453,4316946.319609215,3155067.3468101304,0,0,0
11454,4317046.345022108,3155065.9801038206,0,0,0
11455,4317146.370419214,3155064.613402753,0,0,0
11456,4317246.395800494,3155063.24670693,0,0,0
11457,4317346.421165921,3155061.880016349,0,0,0
11458,4317446.446515461,3155060.513331017,0,0,10.202512741088867
11459,4317546.471849086,3155059.146650929,1.339071273803711,48,10.625764846801758
11460,4317646.497166764,3155057.779976085,0,0,3.6912119388580322
11461,4317746.522468464,3155056.4133064873,0,0,3.391371965408325
11462,4317846.547754159,3155055.046642136,0,0,12.542394638061523
11463,4317946.573023812,3155053.6799830315,0,0,31.61391258239746
11464,4318046.598277398,3155052.313329173,0,0,0
11465,4318146.623514884,3155050.9466805635,0,0,0
11466,4318246.6487362385,3155049.5800372018,1.319088101387024,45,7.6036505699157715
11467,4318346.673941432,3155048.2133990894,0,0,25.38923454284668
11468,4318446.699130432,3155046.8467662213,0.9699447154998779,64,7.042003631591797
11469,4318546.724303212,3155045.480138607,10.217055320739746,90,23.49005126953125
11470,4318646.749459735,3155044.113516239,11.17691421508789,59,26.79718780517578
11471,4318746.774599978,3155042.746899123,0,0,12.553143501281738
11472,4318846.799723904,3155041.380287257,0,0,0
11473,4318946.824831483,3155040.0136806406,0,0,0
11474,4319046.849922686,3155038.6470792773,0,0,0
11475,4319146.874997485,3155037.280483165,0,0,0
11476,4319246.900055843,3155035.9138923073,0,0,0
11477,4319346.9250977365,3155034.5473067,0,0,0
11478,4319446.950123127,3155033.180726344,0,0,0
11479,4319546.97513199,3155031.814151241,0,0,0
11480,4319647.000124293,3155030.447581392,0,0,0
11481,4315444.569948169,3154987.8223473113,28.530780792236328,90,0
11482,4315544.595596179,3154986.4555783914,0.28122374415397644,53,0
11483,4315644.621228856,3154985.0888147266,0,0,0
11484,4315744.6468461715,3154983.7220563176,0,0,0
11485,4315844.672448094,3154982.3553031688,0,0,0
11486,4315944.698034591,3154980.9885552763,0,0,0
11487,4316044.723605631,3154979.6218126384,0,0,0
11488,4316144.749161187,3154978.25507526,0,0,0
11489,4316244.774701225,3154976.8883431363,0,0,0
11490,4316344.800225716,3154975.5216162745,0,0,0
11491,4316444.825734629,3154974.154894673,0,0,0
11492,4316544.8512279345,3154972.7881783284,0,0,0
11493,4316644.8767056,3154971.4214672423,0,0,0
11494,4316744.902167596,3154970.054761416,1.0444397926330566,58,1.4804881811141968
11495,4316844.92761389,3154968.6880608513,11.073454856872559,68,0
11496,4316944.953044454,3154967.3213655474,0,0,0
11497,4317044.978459254,3154965.954675504,0,0,0
11498,4317145.003858261,3154964.587990727,0,0,0
11499,4317245.029241446,3154963.221311209,0,0,0
11500,4317345.054608777,3154961.8546369513,0,0,0
11501,4317445.079960222,3154960.4879679587,0,0,15.584724426269531
11502,4317545.105295751,3154959.121304231,0,0,18.63880729675293
11503,4317645.130615336,3154957.754645767,0,0,0
11504,4317745.155918943,3154956.387992568,0,0,0
11505,4317845.181206541,3154955.0213446324,0,0,12.494861602783203
11506,4317945.206478101,3154953.654701959,0,0,32.60628890991211
11507,4318045.231733592,3154952.288064557,0,0,0
11508,4318145.256972985,3154950.921432417,0,0,0
11509,4318245.282196246,3154949.5548055447,0.5096476674079895,51,0
11510,4318345.307403345,3154948.1881839377,0,0,0
11511,4318445.332594253,3154946.8215675987,0,0,0
11512,4318545.35776894,3154945.4549565287,0,0,0.1424277126789093
11513,4318645.382927373,3154944.088350725,4.7866973876953125,62,0
11514,4318745.408069521,3154942.721750189,0.7394900321960449,40,3.1452348232269287
11515,4318845.433195354,3154941.3551549213,2.2756149768829346,57,3.928453207015991
11516,4318945.458304845,3154939.9885649243,3.4975903034210205,59,0
11517,4319045.483397958,3154938.6219802,2.2384586334228516,40,0
11518,4319145.508474662,3154937.255400744,0.33976614475250244,34,0
11519,4319245.533534933,3154935.888826559,0,0,0
11520,4319345.558578733,3154934.5222576447,0,0,0
11521,4319445.5836060345,3154933.155693998,0,0,0
11522,4319545.608616807,3154931.7891356274,0,0,0
11523,4319645.63361102,3154930.422582527,0,0,0
11524,4315743.280275271,3154883.6964194155,0,0,0
11525,4315843.305879099,3154882.329682313,0,0,0
11526,4315943.331467502,3154880.962950483,0,0,0
11527,4316043.357040451,3154879.5962239285,0,0,0
11528,4316143.382597913,3154878.2295026532,0,0,0
11529,4316243.40813986,3154876.862786652,0,0,0
11530,4316343.43366626,3154875.496075927,0,0,0
11531,4316443.459177081,3154874.1293704826,0,0,0
11532,4316543.484672294,3154872.7626703153,0,0,0
11533,4316643.51015187,3154871.3959754216,0,0,0
11534,4316743.535615774,3154870.0292858095,10.691983222961426,65,0.9078492522239685
11535,4316843.561063978,3154868.6626014765,22.253767013549805,87,0
11536,4316943.586496449,3154867.295922423,2.8341853618621826,78,0
11537,4317043.61191316,3154865.929248649,0,0,0
11538,4317143.637314079,3154864.562580158,0,0,0
11539,4317243.662699174,3154863.1959169433,0,0,0
11540,4317343.688068414,3154861.829259009,0,0,0
11541,4317443.71342177,3154860.4626063593,0,0,0
11542,4317543.738759211,3154859.095958994,0,0,17.76603889465332
11543,4317643.764080707,3154857.729316907,0,0,0.8445499539375305
11544,4317743.789386225,3154856.3626801036,0,0,0
11545,4317843.814675735,3154854.996048585,0,0,4.769731044769287
11546,4317943.839949207,3154853.629422349,0,0,14.758645057678223
11547,4318043.865206613,3154852.2628013967,0,0,0
11548,4318143.8904479155,3154850.8961857273,0,0,0
11549,4318243.915673091,3154849.5295753432,0,0,1.9586459398269653
11550,4318343.9408821035,3154848.1629702444,0,0,0
11551,4318443.966074925,3154846.7963704327,0,0,0
11552,4318543.9912515255,3154845.4297759086,0,0,0
11553,4318644.016411871,3154844.063186666,5.784257411956787,58,0
11554,4318744.041555933,3154842.696602712,0,0,0
11555,4318844.066683682,3154841.3300240454,1.2963529825210571,64,0.013929903507232666
11556,4318944.091795087,3154839.963450666,10.059273719787598,64,3.489326238632202
11557,4319044.116890113,3154838.596882579,2.6028149127960205,62,1.9353190660476685
11558,4319144.141968735,3154837.230319779,0,0,0
11559,4319244.167030919,3154835.8637622674,0,0,0
11560,4319344.192076635,3154834.4972100435,0.1735413819551468,33,0
11561,4319444.217105852,3154833.1306631104,0,0,0
11562,4319544.24211854,3154831.7641214686,0,0,0
11563,4315741.913721053,3154783.670783977,0,0,0
11564,4315841.939326794,3154782.3040629206,0,0,0
11565,4315941.96491711,3154780.9373471555,0,0,0
11566,4316041.990491971,3154779.5706366855,0,0,0
11567,4316142.016051348,3154778.2039315114,0,0,0
11568,4316242.041595209,3154776.8372316323,0,0,0
11569,4316342.067123523,3154775.4705370455,0,0,0
11570,4316442.09263626,3154774.1038477556,0,0,0
11571,4316542.118133387,3154772.7371637644,0,0,0
11572,4316642.143614877,3154771.3704850674,2.578204393386841,70,2.16265869140625
11573,4316742.169080696,3154770.0038116695,0,0,1.1482367515563965
11574,4316842.194530815,3154768.637143569,0,0,0
11575,4316942.219965203,3154767.2704807636,0.1165226548910141,49,0
11576,4317042.245383831,3154765.903823259,0,0,0
11577,4317142.270786664,3154764.537171052,0,0,0
11578,4317242.296173674,3154763.1705241418,0,0,0
11579,4317342.3215448335,3154761.803882533,0,0,0
11580,4317442.346900107,3154760.4372462253,0,0,0.35392865538597107
11581,4317542.372239466,3154759.0706152176,0,0,34.731224060058594
11582,4317642.397562877,3154757.70398951,0,0,1.0392487049102783
11583,4317742.422870315,3154756.3373691035,0,0,0
11584,4317842.448161744,3154754.970754001,0,0,0
11585,4317942.473437133,3154753.6041441984,0,0,0
11586,4318042.498696454,3154752.237539698,0,0,0
11587,4318142.523939678,3154750.870940501,0,0,0
11588,4318242.5491667725,3154749.5043466077,0,0,0
11589,4318342.574377704,3154748.1377580166,0,0,0
11590,4318442.599572445,3154746.7711747307,0,0,0
11591,4318542.624750964,3154745.4045967488,0,0,0
11592,4318642.64991323,3154744.03802407,20.669260025024414,74,0
11593,4318742.675059212,3154742.6714566997,0.28355345129966736,53,0
11594,4318842.700188884,3154741.304894634,0,0,0
11595,4318942.725302206,3154739.9383378723,0,0,0
11596,4319042.750399156,3154738.571786419,11.264896392822266,67,4.316344261169434
11597,4319142.775479696,3154737.2052402743,11.174883842468262,59,0
11598,4319242.800543802,3154735.838699437,8.568683624267578,69,0
11599,4319342.82559144,3154734.4721639077,7.1263747215271,71,0
11600,4319442.85062258,3154733.105633684,0,0,0
11601,4315640.521560463,3154685.0118603297,0,0,0
11602,4315740.547183517,3154683.6451500077,0,0,0
11603,4315840.572791177,3154682.2784449975,0,0,0
11604,4315940.598383414,3154680.9117452987,0,0,0
11605,4316040.623960194,3154679.5450509116,0,0,0
11606,4316140.649521491,3154678.178361842,0,0,0
11607,4316240.675067273,3154676.811678083,0,0,0
11608,4316340.700597505,3154675.4449996348,0,0,0
11609,4316440.726112164,3154674.078326503,0,0,0
11610,4316540.751611212,3154672.711658686,0,0,0
11611,4316640.777094623,3154671.3449961827,0,0,1.1362231969833374
11612,4316740.802562363,3154669.9783389973,0,0,0.7092905640602112
11613,4316840.8280144045,3154668.6116871284,0,0,0
11614,4316940.853450715,3154667.2450405746,0.3731367886066437,49,0
11615,4317040.878871263,3154665.8783993362,0,0,0
11616,4317140.904276019,3154664.511763415,7.680591106414795,85,0
11617,4317240.929664956,3154663.1451328113,12.159101486206055,84,0
11618,4317340.955038033,3154661.7785075256,3.7850747108459473,70,0
11619,4317440.980395231,3154660.4118875605,1.7268075942993164,61,0.6144777536392212
11620,4317541.005736514,3154659.0452729114,0.5116392374038696,54,53.47136688232422
11621,4317641.031061849,3154657.6786635825,0,0,1.6786433458328247
11622,4317741.056371209,3154656.312059574,0,0,0
11623,4317841.081664561,3154654.9454608853,0,0,0
11624,4317941.106941876,3154653.5788675174,0,0,0
11625,4318041.132203124,3154652.2122794697,0,0,0.02004321664571762
11626,4318141.157448272,3154650.8456967412,0,0,1.0492173433303833
11627,4318241.1826772895,3154649.479119339,0,0,0
11628,4318341.207890148,3154648.1125472574,0,0,0
11629,4318441.233086814,3154646.745980497,0,0,0
11630,4318541.258267259,3154645.379419057,0,0,0
11631,4318641.283431452,3154644.0128629417,30.815074920654297,82,0
11632,4318741.308579361,3154642.6463121534,27.991043090820312,81,0
11633,4318841.333710955,3154641.2797666886,28.57933235168457,87,0
11634,4318941.358826208,3154639.9132265453,22.992238998413086,86,0
11635,4319041.383925082,3154638.5466917288,21.226459503173828,79,0.56755828857421875
11636,4319141.409007551,3154637.180162239,25.688636779785156,83,4.777015686035156
11637,4319241.434073587,3154635.813638076,0.15858958661556244,48,0.45361581444740295
11638,4319341.459123151,3154634.4471192383,0,0,0
11639,4319441.484156219,3154633.0806057253,0,0,0
11640,4315639.155037687,3154584.9862118117,1.5553464889526367,48,0
11641,4315739.180662664,3154583.6195175187,0.03966778144240379,47,0
11642,4315839.206272251,3154582.252828554,0,0,0
11643,4315939.231866412,3154580.8861449184,0,0,0
11644,4316039.257445119,3154579.519466617,0,0,0
11645,4316139.283008343,3154578.152793649,0,0,0
11646,4316239.308556048,3154576.7861260083,0,0,0
11647,4316339.334088211,3154575.4194636997,0,0,0
11648,4316439.359604794,3154574.052806725,0,0,0
11649,4316539.38510577,3154572.6861550836,0,0,0
11650,4316639.410591108,3154571.3195087765,0,0,1.30842924118042
11651,4316739.436060777,3154569.9528678036,0,0,0
11652,4316839.461514745,3154568.586232164,0,0,0
11653,4316939.486952984,3154567.219601859,0,0,0
11654,4317039.51237546,3154565.8529768875,0,0,0
11655,4317139.537782146,3154564.486357251,2.5003745555877686,63,0
11656,4317239.563173008,3154563.119742953,2.737386703491211,77,0
11657,4317339.5885480195,3154561.7531339913,2.5856282711029053,70,0
11658,4317439.6139071435,3154560.3865303695,0,0,0
11659,4317539.639250354,3154559.019932082,0,0,14.822480201721191
11660,4317639.664577621,3154557.6533391317,0,0,34.247379302978516
11661,4317739.68988891,3154556.2867515213,0,0,0
11662,4317839.715184193,3154554.920169248,0,0,0
11663,4317939.74046344,3154553.553592314,0,0,0
11664,4318039.765726617,3154552.1870207163,0,0,0
11665,4318139.790973695,3154550.820454459,0,0,0
11666,4318239.816204647,3154549.4538935465,0,0,0
11667,4318339.841419435,3154548.0873379717,0,0,0
11668,4318439.866618034,3154546.7207877357,0,0,0
11669,4318539.89180041,3154545.354242842,5.660211563110352,73,0
11670,4318639.916966534,3154543.9877032917,54.32888412475586,92,0
11671,4318739.942116377,3154542.621169082,69.892333984375,92,0
11672,4318839.967249905,3154541.2546402155,73.34239959716797,92,0
11673,4318939.992367089,3154539.888116693,73.7456283569336,92,0
11674,4319040.017467898,3154538.521598514,21.008440017700195,78,0
11675,4319140.0425523,3154537.1550856787,6.0616583824157715,78,0.0741342157125473
11676,4319240.067620268,3154535.7885781876,5.550756454467773,60,2.593172788619995
11677,4319340.092671767,3154534.422076039,0.014342119917273521,60,4.985996246337891
11678,4316137.916511902,3154478.1272269366,0,0,0
11679,4316237.94206154,3154476.7605754156,0,0,0
11680,4316337.967595634,3154475.3939292473,0,0,0
11681,4316437.99311415,3154474.027288429,0,0,0
11682,4316538.018617061,3154472.660652962,0,0,0
11683,4316638.04410433,3154471.2940228507,0,0,0.06061733886599541
11684,4316738.069575933,3154469.927398091,0,0,0
11685,4316838.095031836,3154468.560778681,0,0,0
11686,4316938.120472008,3154467.1941646263,0,0,0
11687,4317038.14589642,3154465.827555924,0,0,0
11688,4317138.17130504,3154464.460952575,0,0,0
11689,4317238.196697839,3154463.094354582,0,0,0
11690,4317338.222074784,3154461.727761943,0,0,0
11691,4317438.2474358445,3154460.361174659,0,0,0
11692,4317538.27278099,3154458.994592732,0,0,2.0985443592071533
11693,4317638.298110192,3154457.6280161617,0,0,0
11694,4317738.323423418,3154456.261444949,0,0,0
11695,4317838.348720638,3154454.894879091,0,0,0
11696,4317938.374001821,3154453.528318588,0,0,0
11697,4318038.399266935,3154452.161763444,0,0,0
11698,4318138.424515952,3154450.795213661,0,0,0
11699,4318238.449748837,3154449.4286692357,0,0,0
11700,4318338.474965566,3154448.0621301653,0,0,0
11701,4318438.500166101,3154446.695596456,3.1764140129089355,60,0
11702,4318538.525350417,3154445.329068108,10.982641220092773,68,0
11703,4318638.550518479,3154443.9625451197,33.433773040771484,86,0
11704,4318738.57567026,3154442.59602749,13.892560958862305,83,0
11705,4318838.600805727,3154441.2295152256,7.098532199859619,80,0
11706,4318938.625924852,3154439.863008323,9.679136276245117,82,0
11707,4319038.651027598,3154438.496506778,5.416808128356934,65,0
11708,4319138.676113941,3154437.1300105965,2.9179913997650146,55,10.63012409210205
11709,4319238.701183847,3154435.7635197793,3.267751932144165,65,0.05252191424369812
11710,4319338.726237288,3154434.3970343233,0,0,4.435532569885254
11711,4316136.550032167,3154378.1016617133,0,0,0
11712,4316236.575583747,3154376.7350263153,0,0,0
11713,4316336.601119778,3154375.368396284,0,0,0
11714,4316436.626640232,3154374.0017716247,0,0,0
11715,4316536.652145083,3154372.6351523353,0,0,0
11716,4316636.677634294,3154371.268538414,0,0,0
11717,4316736.703107834,3154369.9019298656,0,0,0
11718,4316836.728565678,3154368.535326687,0,0,0
11719,4316936.754007791,3154367.168728882,0,0,0
11720,4317036.779434143,3154365.8021364505,0,0,0
11721,4317136.804844704,3154364.435549387,0,0,0
11722,4317236.830239443,3154363.068967698,0,0,0
11723,4317336.85561833,3154361.7023913814,0,0,0
11724,4317436.880981333,3154360.335820438,0,0,6.084164619445801
11725,4317536.90632842,3154358.969254872,0,0,13.638423919677734
11726,4317636.931659565,3154357.602694679,0,0,0
11727,4317736.956974735,3154356.2361398614,0,0,0
11728,4317836.982273896,3154354.8695904184,0,0,0
11729,4317937.0075570205,3154353.503046349,0,0,0
11730,4318037.032824078,3154352.136507659,0,0,0
11731,4318137.058075037,3154350.7699743463,0,0,0
11732,4318237.083309867,3154349.4034464103,0,0,0
11733,4318337.108528539,3154348.0369238467,0,0,0
11734,4318437.13373102,3154346.6704066643,0,0,0
11735,4318537.158917278,3154345.303894862,0,0,0
11736,4318637.184087285,3154343.937388436,0,0,0
11737,4318737.209241013,3154342.570887391,5.7759833335876465,66,0
11738,4318837.2343784245,3154341.204391724,1.837949514389038,60,0
11739,4318937.259499492,3154339.837901439,0.37950435280799866,38,0
11740,4319037.284604185,3154338.4714165307,0,0,0
11741,4319137.309692474,3154337.1049370035,0,0,0
11742,4319237.334764327,3154335.738462861,0,0,0
11743,4316135.183569143,3154278.0760979867,1.1444063186645508,78,0
11744,4316235.209122664,3154276.709478711,4.620855331420898,84,0
11745,4316335.234660642,3154275.3428648175,0,0,0
11746,4316435.260183045,3154273.976256314,0,0,0
11747,4316535.285689837,3154272.609653202,0,0,0
11748,4316635.311180994,3154271.2430554735,0,0,0
11749,4316735.336656483,3154269.8764631366,0,0,0
11750,4316835.362116271,3154268.509876188,0,0,0
11751,4316935.387560331,3154267.143294631,0,0,0
11752,4317035.41298863,3154265.776718468,0,0,0
11753,4317135.438401137,3154264.4101476916,0,0,0
11754,4317235.463797825,3154263.043582307,0,0,0
11755,4317335.489178658,3154261.677022313,0,0,0
11756,4317435.514543609,3154260.3104677135,0,0,17.723655700683594
11757,4317535.5398926465,3154258.9439185066,0,0,6.653162479400635
11758,4317635.565225737,3154257.5773746907,0,0,0
11759,4317735.590542855,3154256.2108362685,0,0,0
11760,4317835.615843964,3154254.844303239,0,0,0
11761,4317935.64112904,3154253.4777756073,0,0,0
11762,4318035.666398046,3154252.111253369,0,0,0
11763,4318135.691650956,3154250.7447365266,0,0,0
11764,4318235.716887735,3154249.3782250797,0,0,0
11765,4318335.742108356,3154248.0117190247,0,0,0
11766,4318435.7673127875,3154246.645218367,0,0,0
11767,4318535.792500995,3154245.2787231086,0,0,0
11768,4318635.817672956,3154243.912233248,0,0,0
11769,4318735.842828632,3154242.545748783,0,0,0
11770,4318835.867967995,3154241.1792697124,1.7752208709716797,53,0
11771,4318935.893091015,3154239.8127960456,14.227718353271484,72,0
11772,4319035.918197661,3154238.446327777,0.4496903419494629,45,0
11773,4319135.943287902,3154237.079864905,0,0,0
11774,4319235.968361706,3154235.713407436,0,0,0
11775,4316233.842678299,3154176.6839326043,20.73753547668457,88,11.030855178833008
11776,4316333.868218227,3154175.3173348503,0,0,9.7908296585083
11777,4316433.89374258,3154173.950742503,0,0,0.8233105540275574
11778,4316533.919251326,3154172.584155566,0,0,0
11779,4316633.944744434,3154171.2175740353,0,0,2.558995246887207
11780,4316733.970221874,3154169.8509979094,0,0,0
11781,4316833.995683617,3154168.484427194,0,0,0
11782,4316934.021129629,3154167.1178618846,0,0,0
11783,4317034.046559881,3154165.751301986,0,0,0
11784,4317134.071974342,3154164.3847474987,0,0,0
11785,4317234.097372982,3154163.01819842,0,0,0
11786,4317334.122755769,3154161.6516547473,0,0,0
11787,4317434.148122673,3154160.285116488,0,0,0
11788,4317534.173473663,3154158.9185836394,0,0,0
11789,4317634.198808711,3154157.552056202,0,0,0
11790,4317734.224127782,3154156.1855341783,0,0,0
11791,4317834.249430848,3154154.819017566,0,0,0
11792,4317934.274717877,3154153.452506366,0,0,0
11793,4318034.29998884,3154152.08600058,0,0,0
11794,4318134.325243703,3154150.719500206,0,0,0
11795,4318234.35048244,3154149.3530052477,0,0,0
11796,4318334.375705017,3154147.9865157013,0,0,0
11797,4318434.400911403,3154146.620031568,0,0,0
11798,4318534.426101571,3154145.2535528536,0,0,0
11799,4318634.451275486,3154143.887079555,4.139032363891602,61,0
11800,4318734.47643312,3154142.520611672,10.455516815185547,70,0
11801,4318834.50157444,3154141.154149205,13.182084083557129,72,0
11802,4318934.526699419,3154139.7876921543,24.482078552246094,71,0
11803,4319034.551808021,3154138.4212405216,1.3990365266799927,54,0
11804,4319134.57690022,3154137.054794305,0,0,0
11805,4319234.601975984,3154135.688353507,0,0,0
11806,4316432.527318844,3154073.9252302013,0,0,0.33215680718421936
11807,4316532.552829547,3154072.5586594404,0,0,0
11808,4316632.578324614,3154071.192094102,0,0,2.467503786087036
11809,4316732.603804013,3154069.825534189,0,0,0
11810,4316832.629267712,3154068.458979705,0,0,0
11811,4316932.654715683,3154067.0924306456,0,0,0
11812,4317032.680147894,3154065.725887013,0,0,0
11813,4317132.705564315,3154064.359348811,0,0,0
11814,4317232.730964915,3154062.9928160375,0,0,0
11815,4317332.756349662,3154061.6262886883,0,0,0
11816,4317432.781718527,3154060.2597667677,0,0,0
11817,4317532.807071477,3154058.893250278,0,0,0
11818,4317632.832408483,3154057.52673922,0,0,0
11819,4317732.857729516,3154056.1602335935,0,0,0
11820,4317832.883034543,3154054.7937333966,0,0,0
11821,4317932.908323535,3154053.4272386297,0,0,0
11822,4318032.933596457,3154052.060749294,0,0,0
11823,4318132.958853285,3154050.6942653907,0,0,0
11824,4318232.984093983,3154049.3277869206,0,0,0
11825,4318333.009318521,3154047.9613138824,0,0,0
11826,4318433.0345268715,3154046.594846277,0,0,0
11827,4318533.059719001,3154045.228384106,0,0,0.13990342617034912
11828,4318633.08489488,3154043.8619273677,0,0,0
11829,4318733.110054476,3154042.4954760675,0,0,0
11830,4318833.135197761,3154041.129030201,0.9935983419418335,69,0
11831,4318933.160324701,3154039.7625897657,7.580323219299316,71,0
11832,4319033.185435269,3154038.396154769,2.3498575687408447,54,0
11833,4319133.210529433,3154037.0297252084,0,0,0
11834,4319233.235607159,3154035.663301081,0,0,0
11835,4316431.160911834,3153973.899719414,0,0,0
11836,4316531.186424501,3153972.533164825,0,0,0.013432812876999378
11837,4316631.211921531,3153971.1666156803,0,0,0.696073055267334
11838,4316731.2374028945,3153969.8000719813,0,0,0
11839,4316831.262868561,3153968.4335337277,0,0,0
11840,4316931.288318496,3153967.067000916,0,0,0
11841,4317031.313752673,3153965.7004735507,0,0,0
11842,4317131.339171059,3153964.3339516344,0,0,0
11843,4317231.364573623,3153962.967435165,0,0,0
11844,4317331.3899603365,3153961.6009241412,0,0,0
11845,4317431.415331167,3153960.2344185626,0,0,0
11846,4317531.440686085,3153958.8679184304,0,0,0
11847,4317631.466025059,3153957.5014237524,0,0,0
11848,4317731.491348058,3153956.1349345227,0,0,0
11849,4317831.516655052,3153954.76845074,0,0,0
11850,4317931.54194601,3153953.401972405,0,0,0
11851,4318031.567220901,3153952.0354995225,0,0,0
11852,4318131.592479696,3153950.6690320913,0,0,0
11853,4318231.617722362,3153949.302570108,0,0,0
11854,4318331.64294887,3153947.9361135773,0.0816020518541336,36,0
11855,4318431.668159189,3153946.5696625006,0,0,0
11856,4318531.693353287,3153945.2032168726,0,0,0
11857,4318631.718531135,3153943.836776696,0,0,1.648862361907959
11858,4318731.743692701,3153942.470341975,0,0,0
11859,4318831.768837954,3153941.1039127056,0,0,0
11860,4318931.793966865,3153939.737488889,0,0,0
11861,4319031.819079405,3153938.371070528,0,0,0
11862,4319131.844175537,3153937.004657621,0,0,0
11863,4319231.869255235,3153935.6382501675,0,0,0
11864,4316429.794521551,3153873.8742101453,15.234671592712402,78,0
11865,4316529.820036188,3153872.5076717306,0,0,3.8360822200775146
11866,4316629.84553519,3153871.14113878,0,0,3.3484463691711426
11867,4316729.871018523,3153869.774611295,0,0,0
11868,4316829.896486159,3153868.4080892703,0,0,0
11869,4316929.921938067,3153867.0415727063,0,0,0
11870,4317029.9473742135,3153865.6750616087,0,0,0
11871,4317129.972794571,3153864.3085559797,0,0,0
11872,4317229.998199109,3153862.942055813,0,0,0
11873,4317330.023587795,3153861.5755611123,0,0,0
11874,4317430.048960596,3153860.2090718755,0,0,0
11875,4317530.074317487,3153858.842588104,0,0,0
11876,4317630.099658434,3153857.476109802,0,0,0
11877,4317730.124983405,3153856.1096369685,0,0,0
11878,4317830.150292374,3153854.743169602,0,0,0
11879,4317930.175585305,3153853.376707701,0,0,0
11880,4318030.200862171,3153852.01025127,0,0,0
11881,4318130.22612294,3153850.643800308,0,0,0
11882,4318230.25136758,3153849.2773548122,0,0,0
11883,4318330.276596065,3153847.9109147894,7.710285186767578,64,0
11884,4318430.301808354,3153846.544480236,0,0,0
11885,4318530.327004429,3153845.1780511537,0,0,0
11886,4318630.352184251,3153843.811627542,0,0,0
11887,4318730.377347794,3153842.4452094,0,0,0.7494831681251526
11888,4318830.402495024,3153841.0787967276,0,0,0
11889,4319030.452740424,3153838.3459878056,0,0,0
11890,4319130.477838535,3153836.979591554,0,0,0
11891,4316428.428147995,3153773.848702401,5.888889789581299,63,0
11892,4316528.453664609,3153772.482180162,6.5293097496032715,79,17.5195255279541
11893,4316628.479165586,3153771.1156634036,0,0,6.724566459655762
11894,4316728.504650897,3153769.749152129,0,0,0
11895,4316828.530120509,3153768.382646334,0,0,0
11896,4316928.555574394,3153767.01614602,0,0,0
11897,4317028.581012519,3153765.649651192,0,0,0
11898,4317128.606434855,3153764.28316185,0,0,0
11899,4317228.63184137,3153762.916677986,0,0,0
11900,4317328.657232032,3153761.5501996065,0,0,0
11901,4317428.682606815,3153760.183726711,0,0,0
11902,4317528.707965684,3153758.8172593024,0,0,0
11903,4317628.73330861,3153757.450797377,0,0,0
11904,4317728.758635562,3153756.084340939,0,0,0
11905,4317828.783946508,3153754.717889986,0,0,0
11906,4317928.809241421,3153753.3514445205,0,0,0
11907,4318028.834520266,3153751.9850045405,0,0,0
11908,4318128.859783013,3153750.618570046,0,0,0
11909,4318228.885029636,3153749.252141042,0,0,0
11910,4318328.910260098,3153747.8857175247,1.901415467262268,59,0
11911,4318428.9354743725,3153746.5192994964,0,0,0
11912,4318528.960672427,3153745.152886959,0,0,0
11913,4318628.985854234,3153743.786479908,0,0,0
11914,4318729.011019755,3153742.4200783446,0,0,0.48451733589172363
11915,4316527.087309762,3153672.456690125,8.355497360229492,76,8.318958282470703
11916,4316627.112812722,3153671.090189562,3.214585304260254,75,3.8496546745300293
11917,4316727.1383000165,3153669.723694499,0,0,0
11918,4316827.163771612,3153668.357204933,0,0,0
11919,4316927.18922748,3153666.99072087,0,0,0
11920,4317027.21466759,3153665.624242309,0,0,2.528242349624634
11921,4317127.240091908,3153664.2577692517,0,0,0
11922,4317227.265500408,3153662.891301691,0,0,0
11923,4317327.2908930555,3153661.5248396336,0,0,0
11924,4317427.3162698215,3153660.158383081,0,0,0
11925,4317527.341630676,3153658.79193203,0,0,0
11926,4317627.366975587,3153657.425486484,0,0,0
11927,4317727.392304524,3153656.059046441,0,0,0
11928,4317827.417617457,3153654.6926119034,0,0,0
11929,4317927.442914355,3153653.32618287,0,0,0
11930,4318027.468195185,3153651.959759342,0,0,0
11931,4318127.493459921,3153650.593341319,0,0,0
11932,4318227.518708529,3153649.2269288027,0,0,0
11933,4318327.543940979,3153647.860521793,0,0,0
11934,4318427.569157242,3153646.494120289,0,0,0
11935,4318527.594357282,3153645.127724294,0,0,0
11936,4318627.619541075,3153643.761333806,0,0,0
11937,4318727.644708586,3153642.3949488234,0,0,0
11938,4316625.746476599,3153571.064717261,14.192167282104492,81,0.15960124135017395
11939,4316725.771965882,3153569.6982384105,2.1698994636535645,71,0
11940,4316825.797439467,3153568.3317650743,0,0,0
11941,4316925.822897324,3153566.965297261,0,0,0
11942,4317025.848339423,3153565.5988349654,0,0,0
11943,4317125.873765733,3153564.23237819,0,0,0
11944,4317225.899176222,3153562.8659269335,0,0,0
11945,4317325.924570861,3153561.4994811984,0,0,0
11946,4317425.949949617,3153560.1330409874,0,0,0
11947,4317525.975312464,3153558.766606296,0,0,0
11948,4317626.000659365,3153557.4001771277,0,0,0
11949,4317726.025990293,3153556.033753481,0,0,0
11950,4317826.051305219,3153554.6673353575,0,0,0
11951,4317926.076604109,3153553.300922758,0,0,0
11952,4318026.101886933,3153551.93451568,0,0,0
11953,4318126.12715366,3153550.568114128,0,0,0
11954,4318226.152404261,3153549.2017181013,0,0,0
11955,4318326.177638704,3153547.8353275987,0,0,0
11956,4318426.202856958,3153546.468942619,0,0,0
11957,4318526.228058995,3153545.1025631647,2.0330657958984375,62,0
11958,4318626.253244779,3153543.736189241,0.3269267976284027,54,0
11959,4316724.405648492,3153469.6727838614,20.482458114624023,80,0
11960,4316824.431124073,3153468.3063267567,0.13973507285118103,77,0
11961,4316924.456583927,3153466.939875191,0,0,0
11962,4317024.482028021,3153465.5734291635,0,0,0
11963,4317124.507456328,3153464.2069886727,0,0,0
11964,4317224.532868813,3153462.8405537186,0,0,0
11965,4317324.558265449,3153461.474124306,0,0,0
11966,4317424.583646203,3153460.1077004364,0,0,0
11967,4317524.609011046,3153458.741282107,0,0,0
11968,4317624.634359945,3153457.3748693136,0,0,0
11969,4317724.65969287,3153456.0084620626,0,0,0
11970,4317824.685009794,3153454.6420603544,0,0,0
11971,4317924.710310682,3153453.2756641884,0,0,0
11972,4318024.735595505,3153451.9092735616,0,0,0
11973,4318124.760864231,3153450.5428884784,0,0,0
11974,4318224.78611683,3153449.1765089403,0,0,0
11975,4318324.811353273,3153447.810134944,0,0,0
11976,4318424.836573527,3153446.4437664906,0,0,0
11977,4318524.861777563,3153445.077403581,0.13258196413516998,54,0
11978,4318624.886965348,3153443.711046218,0.5853011012077332,54,0
11979,4316723.039347849,3153369.6473308615,8.697330474853516,80,0
11980,4316823.064825431,3153368.2808899875,28.5295467376709,88,0
11981,4316923.090287288,3153366.91445467,14.528728485107422,84,0
11982,4317023.115733384,3153365.548024911,0.5623207092285156,70,27.940576553344727
11983,4317123.141163693,3153364.1816007057,0,0,0
11984,4317223.16657818,3153362.8151820563,0,0,0
11985,4317323.19197682,3153361.4487689673,0,0,0
11986,4317423.217359576,3153360.0823614364,0,0,0
11987,4317523.242726422,3153358.7159594647,0,0,0
11988,4317623.268077324,3153357.34956305,0,0,0
11989,4317723.293412257,3153355.983172196,0,0,0
11990,4317823.318731182,3153354.6167869004,0,0,0
11991,4317923.344034076,3153353.250407166,0,0,0
11992,4318023.369320901,3153351.8840329926,0,0,0
11993,4318123.394591634,3153350.51766438,0,0,0
11994,4318223.419846239,3153349.1513013267,0,0,0
11995,4318323.445084686,3153347.7849438386,0,0,0
11996,4318423.470306945,3153346.418591911,0,0,0
11997,4316821.698543541,3153268.255454777,0,0,0
11998,4316921.724007405,3153266.8890357073,28.981752395629883,83,0
11999,4317021.749455512,3153265.5226222137,26.17291831970215,83,0
12000,4317121.774887827,3153264.1562142945,3.5364017486572266,83,0
12001,4317221.800304325,3153262.7898119506,0,0,0
12002,4317321.825704971,3153261.4234151845,0,0,0
12003,4317421.851089738,3153260.0570239946,0,0,0
12004,4317521.876458594,3153258.690638381,0,0,0
12005,4317621.9018115075,3153257.3242583447,0,0,0
12006,4317721.927148446,3153255.9578838856,0,0,0
12007,4317821.952469383,3153254.591515004,0,0,0
12008,4317921.977774288,3153253.2251517028,0,0,0
12009,4318022.003063127,3153251.8587939804,0,0,0
12010,4318122.028335867,3153250.4924418367,0,0,0
12011,4318222.0535924835,3153249.1260952717,0,0,0
12012,4316720.3067968,3153169.596429542,9.059057235717773,76,0
12013,4316820.332278404,3153168.230021128,0,0,0
12014,4316920.357744282,3153166.8636183073,0.35974979400634766,36,0.26981234550476074
12015,4317020.383194402,3153165.4972210787,28.009414672851562,89,0
12016,4317120.408628734,3153164.1308294456,5.058749675750732,83,0
12017,4317220.434047245,3153162.7644434064,0,0,0
12018,4317320.459449907,3153161.398062961,0,0,0
12019,4317420.484836692,3153160.0316881123,0,0,0
12020,4317520.510207561,3153158.665318858,0,0,0
12021,4317620.535562492,3153157.298955198,7.0750956535339355,64,0
12022,4317720.560901447,3153155.932597135,0.9593352675437927,50,0
12023,4317820.5862244,3153154.5662446693,0,0,0
12024,4317920.611531321,3153153.1998977996,0,0,0
12025,4318020.636822176,3153151.833556528,0,0,0
12026,4318120.662096934,3153150.467220854,0,0,0
12027,4316718.940546394,3153069.570981229,5.031133651733398,70,0
12028,4316818.96603002,3153068.2045890447,0,0,0
12029,4316918.991497917,3153066.838202473,0,0,0
12030,4317019.016950059,3153065.4718215126,31.260480880737305,88,0
12031,4317119.042386411,3153064.105446165,7.914770126342773,89,0
12032,4317219.067806943,3153062.739076428,0,0,0
12033,4317319.0932116285,3153061.3727123053,0,0,0
12034,4317419.118600431,3153060.0063537955,0,0,0
12035,4317519.1439733235,3153058.6400009007,0,0,0
12036,4317619.169330275,3153057.2736536195,0,0,0
12037,4317719.194671256,3153055.907311952,0,0,0
12038,4317819.219996231,3153054.5409759004,0,0,0
12039,4317919.245305174,3153053.1746454635,0,0,0
12040,4318019.270598051,3153051.8083206434,0,0,0
12041,4316817.599798388,3152968.1791585376,0,0,0
12042,4316917.62526831,3152966.8127882155,0,0,0
12043,4317017.6507224785,3152965.4464235213,28.998767852783203,90,0
12044,4317117.676160857,3152964.080064458,2.1448328495025635,80,0
12045,4317217.701583419,3152962.713711026,0,0,0
12046,4317317.726990129,3152961.347363223,0,0,0
12047,4317417.752380961,3152959.9810210527,0,0,0
12048,4317517.777755882,3152958.614684519,0,0,0
12049,4317617.80311486,3152957.2483536173,0,0,0
12050,4317717.82845787,3152955.882028347,0,0,0
12051,4317817.853784875,3152954.5157087073,0,0,0
12052,4317917.879095845,3152953.1493947026,0.9057584404945374,60,0
12053,4316916.259055463,3152866.787375542,0,0,0
12054,4317016.284511663,3152865.4210271128,0.5211955904960632,68,0
12055,4317116.309952076,3152864.054684333,18.615478515625,81,0
12056,4317216.335376671,3152862.6883472046,2.724186897277832,79,0
12057,4317316.360785415,3152861.322015723,1.139123797416687,64,0
12058,4317416.386178281,3152859.955689895,2.1839354038238525,66,0
12059,4317516.411555235,3152858.5893697175,0,0,0
12060,4317616.43691625,3152857.223055191,0,0,0
12061,4317716.462261291,3152855.8567463164,0,0,0
12062,4317816.487590331,3152854.4904430932,0,0,0
12063,4317916.512903338,3152853.1241455213,27.86060333251953,82,0
12064,4316914.892859374,3152766.7619644534,0,0,0
12065,4317014.918317613,3152765.3956322917,5.830721855163574,79,0
12066,4317114.943760064,3152764.029305795,2.8416504859924316,87,0
12067,4317214.969186699,3152762.6629849686,25.060354232788086,87,0
12068,4317314.994597484,3152761.2966698096,33.211883544921875,88,0
12069,4317415.019992389,3152759.9303603237,43.922672271728516,90,0
12070,4317515.045371385,3152758.564056506,13.964310646057129,87,0
12071,4317615.0707344385,3152757.1977583547,2.3133528232574463,68,0
12072,4317715.096081523,3152755.8314658743,10.42018985748291,73,0
12073,4317815.121412604,3152754.4651790643,12.913426399230957,83,0
12074,4317915.146727651,3152753.0988979256,67.9978256225586,89,0
12075,4317013.552140328,3152665.37023906,30.65892791748047,96,0
12076,4317113.5775848245,3152664.003928851,8.070465087890625,90,0
12077,4317213.603013505,3152662.6376243294,0,0,0
12078,4317313.628426337,3152661.2713254914,0.022316593676805496,82,0
12079,4317413.65382329,3152659.905032343,8.681853294372559,85,0
12080,4317513.67920433,3152658.538744882,31.491615295410156,82,0
12081,4317613.704569431,3152657.172463109,37.0295295715332,92,0
12082,4317713.729918561,3152655.806187026,31.922607421875,89,0
12083,4317813.75525169,3152654.4399166293,64.18241119384766,96,0
12084,4317913.780568785,3152653.0736519224,74.92876434326172,90,0
12085,4317012.185979807,3152565.344847428,0,0,0
12086,4317112.211426359,3152563.9785535065,0,0,0
12087,4317212.236857089,3152562.6122652856,0,0,0
12088,4317312.262271971,3152561.2459827713,0,0,0
12089,4317412.287670976,3152559.8797059627,0,0,0
12090,4317512.313054072,3152558.5134348585,2.094069242477417,67,0
12091,4317612.338421226,3152557.14716946,0,0,0
12092,4317712.363772408,3152555.7809097734,0,0,0
12093,4317812.38910759,3152554.414655792,41.806671142578125,98,0
